t0,t1,t2,t3,t4,t5,t6,t7,t8,t9,t10,t11,t12,t13,t14,t15,t16,t17,t18,t19,t20,t21,t22,t23,t24,t25,t26,t27,t28,t29,t30,t31,t32,t33,t34,t35,t36,t37,t38,t39,t40,t41,t42,t43,t44,t45,t46,t47,t48,t49,severity
0.0149,0.0041,0.0194,0.0457,0.007,0.007,0.0474,0.023,0.0141,0.0163,0.0139,0.014,0.0073,0.0574,0.0517,0.0169,0.0304,0.0094,0.0272,0.0424,0.044,0.0068,0.002,0.0427,0.0164,0.0039,0.0382,0.0298,0.0945,0.2621,0.693,1.502,2.4936,3.4883,3.8798,3.4973,2.6546,1.6515,0.8749,0.4559,0.3449,0.3117,0.3068,0.2809,0.2563,0.1647,0.0982,0.0766,0.0331,0.0651,42.9
0.0116,0.0203,0.0184,0.0309,0.0279,0.0252,0.0093,0.0099,0.0293,0.0148,0.0076,0.0414,0.0651,0.1142,0.2782,0.5429,1.0905,1.802,2.6262,3.2824,3.5923,3.3334,2.9385,2.1986,1.4805,1.0095,0.7645,0.6241,0.5871,0.4393,0.3408,0.2745,0.1615,0.1083,0.0592,0.0488,0.0195,0.0201,0.0173,0.0038,0.0296,0.0214,0.0101,0.0119,0.044,0.009,0.0079,0.0002,0.0071,0.0425,43.08
0.0103,0.0241,0.0048,0.0121,0.0566,0.0053,0.0084,0.0083,0.1006,0.2262,0.8755,2.5797,5.3252,8.3699,9.7445,8.5049,6.0183,3.508,2.3651,2.1881,2.1989,1.92,1.3545,0.8367,0.3944,0.1646,0.0602,0.0409,0.0618,0.0129,0.0401,0.0205,0.0324,0.0502,0.0263,0.0118,0.0261,0.0382,0.0078,0.04,0.0488,0.006,0.0081,0.0237,0.0373,0.0398,0.0158,0.009,0.0076,0.0104,100.0
0.007,0.0088,0.0214,0.056,0.0142,0.0357,0.0197,0.0292,0.0236,0.0348,0.0246,0.0289,0.0124,0.0247,0.0573,0.0096,0.0331,0.0687,0.1675,0.4152,1.0232,2.1192,3.7614,5.6188,7.22,7.7943,7.258,5.9109,3.9666,2.2957,1.1415,0.5048,0.228,0.1038,0.0482,0.0541,0.0657,0.0282,0.0367,0.0147,0.0435,0.0098,0.015,0.0291,0.0065,0.0032,0.0354,0.0115,0.0174,0.0329,87.39
0.0413,0.0281,0.0155,0.0154,0.0155,0.1156,0.0171,0.0341,0.0286,0.0195,0.0095,0.0228,0.0232,0.0071,0.0146,0.0025,0.0694,0.056,0.0206,0.0484,0.0142,0.0327,0.0019,0.0324,0.0222,0.0243,0.0412,0.0854,0.2706,0.7827,1.8587,3.5175,5.7206,7.6181,8.5684,8.1144,7.0742,5.1214,3.5778,2.5857,1.9963,1.5594,1.2129,0.8952,0.6473,0.3852,0.2545,0.1445,0.1229,0.0596,99.19
0.0145,0.038,0.0212,0.0133,0.0233,0.028,0.0027,0.1013,0.0473,0.0656,0.2128,0.5068,1.0752,2.0226,3.3814,4.9481,6.2034,6.7402,6.3514,5.6153,4.1758,2.8854,1.9709,1.3832,1.0602,0.8383,0.6852,0.56,0.4119,0.3228,0.2274,0.1093,0.0801,0.0449,0.04,0.0192,0.0231,0.0235,0.0297,0.0139,0.0233,0.029,0.0108,0.0256,0.0199,0.0257,0.0174,0.0229,0.0187,0.0009,81.74
0.0383,0.0177,0.0164,0.0061,0.0065,0.033,0.0248,0.0244,0.0392,0.0006,0.0205,0.0093,0.0097,0.0039,0.0029,0.0179,0.0245,0.0628,0.0302,0.0364,0.0347,0.0237,0.0187,0.0189,0.0004,0.0271,0.0039,0.0303,0.0775,0.1878,0.5721,1.2907,2.3639,3.4024,3.8475,3.3928,2.5332,1.4264,0.6586,0.2629,0.1458,0.0926,0.0533,0.0291,0.0262,0.0568,0.0351,0.0118,0.0058,0.034,39.81
0.0087,0.0097,0.0248,0.0156,0.046,0.0033,0.0121,0.0207,0.012,0.0067,0.0004,0.0029,0.0232,0.0007,0.0149,0.0435,0.0289,0.0659,0.038,0.1452,0.6543,2.4918,6.2479,10.9792,13.2517,11.0689,7.1844,3.5582,2.2187,2.225,2.3705,1.988,1.2957,0.6747,0.2837,0.1455,0.1051,0.0665,0.0363,0.0678,0.0529,0.0126,0.0439,0.0529,0.0218,0.003,0.0035,0.0151,0.0199,0.0329,100.0
0.0036,0.0154,0.0213,0.0337,0.046,0.0383,0.01,0.0225,0.0465,0.0035,0.0355,0.0024,0.0632,0.0573,0.022,0.0699,0.1218,0.2721,0.4967,0.871,1.4205,2.0906,2.7246,3.2559,3.4317,3.3415,3.1117,2.4796,1.9158,1.3784,0.9817,0.6444,0.4563,0.3078,0.2701,0.1392,0.125,0.0717,0.0407,0.0449,0.0248,0.0372,0.0052,0.0308,0.0311,0.0163,0.0168,0.0245,0.0037,0.0315,43.7
0.0359,0.0589,0.0011,0.021,0.0064,0.0034,0.0066,0.0184,0.0227,0.0159,0.0173,0.0083,0.0691,0.0455,0.041,0.0493,0.0075,0.0173,0.0093,0.0924,0.0336,0.0038,0.0287,0.0486,0.0092,0.0414,0.1326,0.3589,1.0396,2.3969,4.3197,6.1722,7.0225,6.2326,4.6442,2.9104,1.877,1.6479,1.7395,1.8291,1.6661,1.2596,0.8391,0.4586,0.2053,0.0942,0.0428,0.0298,0.0327,0.0062,79.25
0.0081,0.0015,0.0072,0.0272,0.0173,0.0227,0.015,0.0293,0.003,0.0225,0.0501,0.0163,0.0199,0.0171,0.0229,0.0541,0.0488,0.0014,0.0078,0.0271,0.0192,0.0499,0.0021,0.0369,0.0223,0.0123,0.0627,0.1203,0.3077,0.6303,1.1978,1.9775,2.8069,3.5184,3.831,3.5599,3.1507,2.2976,1.554,1.0273,0.6935,0.5249,0.4578,0.3569,0.2896,0.2233,0.1634,0.1106,0.0715,0.0467,46.54
0.0623,0.0262,0.01,0.0371,0.0167,0.0783,0.0874,0.2208,0.4228,0.8973,1.7448,2.7931,3.9834,4.9762,5.456,5.1714,4.6345,3.6504,2.7342,2.0432,1.5989,1.2855,1.061,0.7408,0.5099,0.3272,0.2035,0.1175,0.0703,0.0227,0.0239,0.0192,0.0128,0.033,0.0166,0.0091,0.0301,0.0139,0.0117,0.023,0.0279,0.0263,0.0408,0.0125,0.0564,0.0233,0.0374,0.0534,0.0449,0.0197,68.54
0.0084,0.0338,0.0734,0.0039,0.0033,0.0218,0.0144,0.0067,0.0237,0.0141,0.0565,0.0404,0.0478,0.0155,0.0317,0.0194,0.0951,0.4565,1.5097,3.8631,7.5931,11.4768,13.1996,11.5798,8.1376,4.463,2.4175,1.797,1.9031,2.2351,2.3116,2.1818,1.7379,1.2303,0.8337,0.4065,0.1978,0.1005,0.0855,0.0446,0.0123,0.0352,0.0784,0.0026,0.001,0.0011,0.0062,0.0046,0.0174,0.0165,100.0
0.0163,0.0214,0.0032,0.0076,0.0451,0.0795,0.0327,0.0374,0.0622,0.0103,0.0111,0.0422,0.0233,0.0333,0.0526,0.0281,0.0382,0.0217,0.0339,0.016,0.0156,0.0402,0.0351,0.0597,0.1968,0.6001,1.5621,3.5178,6.7103,10.6883,14.2945,16.1405,15.5126,13.7331,10.3335,7.3964,5.3206,3.9761,3.0233,2.2308,1.5945,1.0698,0.6481,0.4008,0.2483,0.1624,0.1,0.0301,0.0147,0.0226,100.0
0.0011,0.0331,0.0034,0.0045,0.0109,0.0017,0.0092,0.0513,0.0404,0.0223,0.0052,0.0057,0.0011,0.0125,0.0236,0.048,0.0786,0.217,0.4329,0.8676,1.4014,2.0018,2.4987,2.7296,2.5861,2.2105,1.6257,1.0549,0.6301,0.3613,0.2371,0.1681,0.1076,0.0948,0.0686,0.0762,0.0502,0.0551,0.0387,0.0378,0.0327,0.0819,0.0169,0.0072,0.027,0.022,0.018,0.0043,0.0773,0.0033,33.85
0.0211,0.001,0.0531,0.0188,0.0544,0.0212,0.0169,0.019,0.0292,0.0187,0.0471,0.0218,0.0074,0.0022,0.0186,0.0053,0.0401,0.0114,0.0183,0.0168,0.0326,0.0268,0.0271,0.0788,0.3869,1.1443,2.9081,5.6949,8.5531,9.7737,8.5464,6.2447,3.3274,1.4269,0.5523,0.2608,0.1423,0.0872,0.0741,0.0567,0.041,0.0298,0.0312,0.0499,0.0357,0.0121,0.0179,0.0468,0.0084,0.0328,96.56
0.008,0.0267,0.0025,0.032,0.0155,0.0423,0.069,0.0109,0.0134,0.0438,0.0485,0.0214,0.0376,0.0996,0.3204,0.7519,1.606,2.9078,4.4439,5.764,6.3228,5.7869,4.7112,3.0768,1.7216,0.8567,0.4009,0.1703,0.0825,0.0614,0.0415,0.0985,0.0383,0.0308,0.0303,0.0257,0.0261,0.0411,0.0468,0.0204,0.0275,0.0161,0.0181,0.0202,0.007,0.0462,0.047,0.0543,0.0187,0.0119,69.53
0.01,0.0198,0.0603,0.0053,0.0239,0.0414,0.022,0.0014,0.0567,0.0306,0.0706,0.2174,0.6253,1.3605,2.2603,3.1623,3.5839,3.2651,2.6786,1.6885,0.9716,0.5592,0.3507,0.2154,0.1266,0.0931,0.067,0.0581,0.0287,0.0107,0.0082,0.0388,0.0264,0.0124,0.0128,0.0016,0.0389,0.0061,0.0016,0.041,0.0225,0.0195,0.065,0.0093,0.0066,0.0075,0.0473,0.0029,0.0084,0.0182,39.33
0.0134,0.0058,0.0322,0.0308,0.004,0.021,0.036,0.0469,0.0238,0.0454,0.1802,0.4248,1.1042,2.3247,3.8793,5.3281,5.8758,5.3375,4.1836,2.6889,1.6343,1.16,1.076,1.1013,1.1132,1.027,0.9219,0.6918,0.4973,0.2987,0.1557,0.0848,0.0429,0.0259,0.044,0.0462,0.004,0.0344,0.0109,0.0142,0.0174,0.0137,0.0195,0.04,0.006,0.0214,0.0028,0.0433,0.0203,0.0541,68.45
0.0429,0.0038,0.0204,0.0252,0.0196,0.0134,0.0567,0.0136,0.0727,0.0475,0.0228,0.0236,0.0128,0.029,0.0014,0.0001,0.0348,0.0456,0.0285,0.016,0.0345,0.1092,0.3267,0.5849,1.0796,1.6682,2.1474,2.4167,2.2372,1.9356,1.3775,0.9225,0.5775,0.3529,0.2548,0.1831,0.1225,0.1,0.0657,0.0606,0.0342,0.0512,0.0139,0.0679,0.0249,0.0554,0.0085,0.0216,0.0161,0.0109,28.85
0.0157,0.0172,0.0007,0.0643,0.0518,0.0131,0.0011,0.0036,0.0184,0.0307,0.0077,0.0501,0.012,0.0194,0.0145,0.0472,0.0368,0.0439,0.0069,0.0336,0.0696,0.1336,0.5705,1.7324,3.9962,6.6262,7.87,6.8281,4.6855,2.6361,1.6093,1.2443,1.0288,0.7561,0.4869,0.2728,0.1211,0.0904,0.0442,0.0282,0.0352,0.0946,0.0415,0.0577,0.0151,0.0369,0.0414,0.0368,0.0156,0.0116,81.7
0.0143,0.0023,0.0385,0.0299,0.0148,0.0468,0.0133,0.0479,0.0407,0.0765,0.2462,0.7013,1.731,3.3219,5.4128,7.2733,7.9942,7.2502,5.8326,3.6146,1.8835,0.8647,0.3442,0.1637,0.0712,0.0431,0.0872,0.0465,0.0238,0.0394,0.0936,0.0674,0.0076,0.0356,0.0329,0.0196,0.0324,0.0193,0.0578,0.006,0.0067,0.0263,0.015,0.0046,0.011,0.0721,0.0018,0.0061,0.0315,0.0332,87.07
0.0192,0.0343,0.049,0.0344,0.0091,0.0226,0.0019,0.0099,0.0096,0.0127,0.0484,0.0136,0.0077,0.0312,0.0481,0.0909,0.2064,0.5442,1.1666,2.083,2.8747,3.2212,2.8858,2.1881,1.3454,0.7657,0.5033,0.4078,0.3913,0.3806,0.2558,0.1886,0.1281,0.0657,0.0347,0.0728,0.0316,0.0109,0.0757,0.0692,0.042,0.0496,0.0309,0.0733,0.0416,0.017,0.0179,0.0256,0.0228,0.0085,35.88
0.0019,0.0226,0.0084,0.0508,0.003,0.0297,0.0331,0.0054,0.0418,0.0275,0.0471,0.0297,0.0282,0.0295,0.0068,0.0166,0.0295,0.005,0.0471,0.0412,0.077,0.2207,0.4043,0.7807,1.3898,2.1398,2.9664,3.549,3.8162,3.6289,3.2296,2.4881,1.8097,1.3166,0.9835,0.8041,0.6778,0.5451,0.4133,0.3041,0.2142,0.1229,0.1011,0.0529,0.0238,0.0319,0.0672,0.0368,0.0098,0.0193,49.05
0.0056,0.0039,0.0013,0.0044,0.0289,0.0663,0.0167,0.0411,0.0026,0.0774,0.0241,0.0492,0.0503,0.0166,0.0171,0.0489,0.0114,0.0061,0.0175,0.0304,0.0195,0.0367,0.001,0.0233,0.0084,0.0562,0.06,0.2298,0.7079,1.5991,3.0485,4.4583,5.0772,4.4402,3.346,1.8768,0.9738,0.59,0.5569,0.6227,0.6205,0.5939,0.4236,0.2998,0.1751,0.1144,0.0708,0.0389,0.0459,0.0191,56.91
0.0043,0.0696,0.0118,0.0058,0.0093,0.004,0.0048,0.022,0.0314,0.0322,0.0645,0.118,0.1596,0.3293,0.6089,0.9072,1.3938,1.7394,2.0783,2.1724,2.0561,1.8596,1.3968,0.955,0.5923,0.3448,0.1953,0.084,0.059,0.0334,0.0362,0.0064,0.0041,0.0353,0.0162,0.0022,0.0256,0.0425,0.0173,0.0008,0.0397,0.0322,0.0093,0.0184,0.0057,0.0018,0.0159,0.0022,0.0146,0.002,23.7
0.0282,0.0043,0.0363,0.018,0.046,0.0371,0.0094,0.0597,0.0664,0.2218,0.6168,1.4096,2.7252,4.3574,5.7833,6.3512,5.7916,4.5669,2.8729,1.5408,0.745,0.2908,0.1404,0.0491,0.0581,0.0692,0.027,0.0306,0.023,0.0819,0.0194,0.014,0.046,0.0067,0.0013,0.018,0.0041,0.0295,0.0361,0.0049,0.001,0.0281,0.0134,0.0266,0.0052,0.0514,0.0412,0.0484,0.0441,0.0063,67.07
0.0312,0.0182,0.0548,0.0203,0.0146,0.0647,0.0182,0.0223,0.009,0.0392,0.0474,0.0035,0.0317,0.043,0.1019,0.2588,0.425,0.79,1.263,1.8106,2.2025,2.3632,2.193,1.9352,1.3807,0.9005,0.5113,0.2834,0.1484,0.1073,0.0826,0.0349,0.0264,0.0546,0.0284,0.0231,0.0725,0.0253,0.0327,0.0056,0.0112,0.0483,0.0172,0.0178,0.0335,0.012,0.026,0.032,0.0595,0.0621,26.28
0.0066,0.0083,0.0092,0.0245,0.0258,0.0175,0.005,0.0085,0.0075,0.0482,0.0147,0.022,0.0199,0.0352,0.0054,0.0389,0.012,0.0195,0.0159,0.0176,0.0371,0.0006,0.0093,0.0511,0.0072,0.0781,0.0171,0.0564,0.0683,0.3747,1.8607,5.7871,11.527,14.5991,11.7514,7.1756,3.6134,2.7394,2.984,3.0777,2.776,2.0647,1.3223,0.7019,0.3219,0.1398,0.0894,0.0571,0.0292,0.0315,100.0
0.0131,0.0217,0.0112,0.0518,0.012,0.0067,0.028,0.0426,0.0528,0.0458,0.0381,0.0182,0.0885,0.0807,0.2712,0.9004,2.1784,4.1145,6.0175,6.8406,5.999,4.3562,2.341,1.0304,0.3774,0.151,0.0858,0.067,0.0616,0.0267,0.062,0.0473,0.0154,0.0286,0.0612,0.0063,0.0065,0.0475,0.0204,0.0318,0.0564,0.0372,0.0179,0.0071,0.029,0.0113,0.0328,0.0566,0.0464,0.0147,68.0
0.0042,0.0531,0.0097,0.0044,0.014,0.0478,0.0154,0.016,0.0351,0.0862,0.0008,0.0532,0.0498,0.0137,0.0181,0.0141,0.03,0.0093,0.0238,0.0395,0.0113,0.0295,0.087,0.1679,0.3133,0.6058,1.0717,1.6815,2.4221,3.0897,3.6114,3.8495,3.7466,3.3236,2.6378,1.9163,1.2958,0.8462,0.5653,0.3401,0.2321,0.1758,0.1023,0.104,0.0562,0.0284,0.0657,0.0456,0.0285,0.0282,48.98
0.0345,0.0305,0.0019,0.0129,0.0208,0.0053,0.011,0.0248,0.0026,0.0323,0.0883,0.017,0.045,0.1396,0.2511,0.6115,1.3938,2.5053,3.9674,5.2231,5.8546,5.5156,4.6983,3.3747,2.249,1.4128,0.9323,0.5546,0.3296,0.1875,0.1404,0.0744,0.028,0.0208,0.1061,0.0165,0.0283,0.0172,0.0379,0.006,0.0452,0.0292,0.0213,0.0571,0.0331,0.014,0.0389,0.0024,0.0258,0.0147,65.64
0.0194,0.0314,0.0119,0.0178,0.0449,0.0544,0.159,0.2368,0.3915,0.7179,1.06,1.5135,1.9593,2.2582,2.3787,2.3084,2.0862,1.7147,1.2273,0.8507,0.5701,0.3898,0.2751,0.2044,0.1555,0.1567,0.1199,0.1006,0.0866,0.0354,0.0841,0.0307,0.0462,0.0047,0.0321,0.0162,0.0257,0.0167,0.0073,0.0111,0.0118,0.0277,0.0485,0.0097,0.0365,0.0456,0.03,0.0129,0.0121,0.0007,29.69
0.0097,0.0354,0.0356,0.0139,0.006,0.0085,0.0078,0.0177,0.0149,0.0298,0.0589,0.0804,0.3202,0.772,1.7597,3.3913,5.4326,7.2441,8.0242,7.4239,6.2724,4.2733,2.7356,1.8313,1.3959,1.0707,0.8702,0.6514,0.4165,0.3141,0.1611,0.0836,0.0341,0.0241,0.0123,0.0247,0.0151,0.0167,0.0087,0.0228,0.0189,0.0284,0.0328,0.0162,0.0244,0.0111,0.0552,0.0067,0.0105,0.0006,91.19
0.024,0.0485,0.0316,0.032,0.0285,0.0513,0.0031,0.0051,0.0033,0.0483,0.129,0.5358,1.9431,4.8133,8.3409,10.0752,8.5236,5.5888,2.8183,1.7205,1.5699,1.7678,1.8016,1.6787,1.368,0.9565,0.6031,0.314,0.1374,0.1042,0.0293,0.0342,0.0693,0.0077,0.0053,0.0176,0.0021,0.0514,0.0191,0.0061,0.0225,0.0397,0.0185,0.0012,0.0129,0.0208,0.0422,0.0025,0.0452,0.0228,100.0
0.0437,0.0093,0.0226,0.0096,0.0402,0.0563,0.0035,0.0048,0.0201,0.0064,0.0226,0.0101,0.0276,0.0534,0.0982,0.4245,1.1329,2.8636,5.8786,9.8413,13.5069,15.2669,14.4666,12.3567,9.2304,6.9923,5.8022,5.2499,4.7114,4.0107,3.1892,2.3549,1.5385,0.9252,0.5394,0.2638,0.1248,0.0609,0.0427,0.0151,0.0181,0.0354,0.044,0.0041,0.0014,0.0219,0.0074,0.0289,0.0089,0.0186,100.0
0.0343,0.0033,0.001,0.0062,0.0039,0.0565,0.0165,0.0028,0.0048,0.0308,0.038,0.026,0.0292,0.0137,0.0258,0.0884,0.1847,0.513,1.2472,2.3671,3.5219,3.9759,3.4888,2.4694,1.304,0.5695,0.2158,0.1187,0.068,0.067,0.0428,0.0422,0.0388,0.0167,0.0363,0.0087,0.0109,0.0246,0.0402,0.0425,0.0173,0.0066,0.0507,0.0243,0.0291,0.0486,0.0371,0.0178,0.0008,0.0084,39.44
0.0127,0.0142,0.0004,0.0164,0.0002,0.0131,0.0033,0.0027,0.0111,0.0078,0.048,0.0168,0.0089,0.0209,0.0101,0.0356,0.0126,0.0086,0.0303,0.0949,0.1552,0.3122,0.5681,1.083,1.757,2.5029,3.2884,3.9248,4.1272,3.9519,3.629,2.8197,2.0449,1.4455,0.9499,0.6674,0.4654,0.4086,0.2933,0.2759,0.1528,0.1314,0.1219,0.075,0.0365,0.0256,0.0091,0.0822,0.0465,0.0083,53.22
0.0326,0.0029,0.0092,0.0117,0.0081,0.0103,0.0186,0.0111,0.0113,0.0009,0.0338,0.0018,0.0545,0.0443,0.0551,0.1206,0.326,0.8343,1.786,3.2512,4.9279,6.4486,7.2308,6.9961,6.3262,4.8394,3.4694,2.3974,1.6328,1.0731,0.6693,0.4183,0.2268,0.1985,0.0795,0.0415,0.0243,0.029,0.0469,0.0387,0.0312,0.0185,0.0341,0.0453,0.0218,0.0283,0.0305,0.0169,0.0229,0.0164,85.24
0.013,0.024,0.0226,0.0357,0.0212,0.0105,0.0321,0.0008,0.0265,0.0049,0.0224,0.0203,0.0046,0.0253,0.0168,0.0887,0.1172,0.318,0.7778,1.4934,2.4081,3.2222,3.5198,3.2114,2.6437,1.7404,1.0482,0.6989,0.6436,0.6033,0.6213,0.5334,0.4355,0.3417,0.2255,0.1928,0.0564,0.0781,0.049,0.0129,0.0191,0.0274,0.0316,0.0162,0.0166,0.033,0.0837,0.0125,0.0158,0.0012,38.72
0.0208,0.0123,0.0158,0.0048,0.026,0.039,0.0197,0.0628,0.1834,0.4253,0.9156,1.6744,2.6863,3.7844,4.7262,5.1395,4.9524,4.3954,3.4299,2.5167,1.815,1.2848,0.9429,0.6808,0.4882,0.3409,0.2772,0.1237,0.1079,0.061,0.0448,0.0444,0.006,0.0075,0.0194,0.01,0.0188,0.0364,0.0044,0.0136,0.0001,0.0181,0.0434,0.0689,0.0165,0.0366,0.0153,0.0044,0.0136,0.0436,64.0
0.009,0.0187,0.0342,0.0312,0.0023,0.0201,0.0322,0.0466,0.0245,0.0113,0.0271,0.0261,0.0338,0.0357,0.0493,0.027,0.0194,0.0123,0.0384,0.1385,0.5364,1.6691,3.8048,6.1859,7.2812,6.2108,4.2834,2.3354,1.4094,1.4712,1.6908,1.7885,1.6073,1.1776,0.7284,0.3918,0.184,0.0782,0.0433,0.0234,0.0068,0.0246,0.021,0.013,0.019,0.0044,0.0475,0.0379,0.0446,0.0054,79.94
0.0052,0.0073,0.0067,0.0447,0.048,0.0249,0.0031,0.0493,0.0053,0.0501,0.0022,0.0148,0.0718,0.142,0.3886,0.9809,2.1458,3.8711,5.982,7.7688,8.6098,8.1825,7.2288,5.4295,3.9743,3.0606,2.4886,2.1108,1.7487,1.3183,0.9342,0.5979,0.3735,0.2516,0.1444,0.0531,0.0848,0.0135,0.014,0.0165,0.0096,0.0444,0.0688,0.0479,0.0442,0.0091,0.0137,0.0183,0.0485,0.0143,100.0
0.0409,0.0057,0.0199,0.0128,0.0006,0.0192,0.0146,0.0541,0.0058,0.0218,0.0399,0.0344,0.0396,0.1395,0.3082,0.7917,1.7277,3.2431,5.0192,6.5991,7.3163,6.9246,6.022,4.3918,3.0096,2.1423,1.5158,1.1425,0.8567,0.6088,0.3861,0.2467,0.1644,0.106,0.0483,0.07,0.0367,0.0238,0.0255,0.0602,0.0275,0.0369,0.0223,0.0007,0.0288,0.0123,0.0207,0.0032,0.0176,0.0593,83.82
0.0485,0.0031,0.027,0.0399,0.0057,0.0277,0.0038,0.0454,0.0437,0.0014,0.0429,0.0341,0.1114,0.2742,0.7585,1.496,2.7614,4.2847,5.6464,6.2751,5.9572,5.1071,3.8116,2.6481,1.8884,1.4024,1.0954,0.8475,0.6302,0.4187,0.2984,0.1899,0.1075,0.0803,0.0435,0.0261,0.0586,0.0245,0.0387,0.0315,0.0155,0.0151,0.0245,0.0083,0.0185,0.0431,0.0525,0.0296,0.0028,0.0244,73.55
0.0157,0.0126,0.0422,0.0204,0.0488,0.0459,0.0777,0.1498,0.3551,0.818,1.5284,2.3762,3.3689,4.1828,4.5147,4.2235,3.7387,2.718,1.8734,1.2973,0.9772,0.8512,0.7736,0.6965,0.6072,0.4589,0.339,0.2173,0.17,0.0647,0.0523,0.0479,0.0186,0.0242,0.0273,0.0099,0.0029,0.0461,0.0111,0.027,0.0175,0.0152,0.0016,0.0003,0.0199,0.021,0.0127,0.0148,0.0158,0.0646,57.74
0.0144,0.0259,0.0208,0.0118,0.0318,0.0185,0.0205,0.0411,0.0368,0.0095,0.0166,0.0215,0.1011,0.1314,0.2978,0.5775,1.0156,1.6069,2.3114,3.0455,3.5405,3.7703,3.5579,3.2267,2.4455,1.7057,1.065,0.6224,0.3554,0.2055,0.092,0.083,0.0383,0.0253,0.0417,0.0385,0.0179,0.0073,0.0056,0.0263,0.0097,0.0299,0.0284,0.0324,0.0564,0.0287,0.0455,0.02,0.0029,0.0438,44.72
0.0301,0.0062,0.0021,0.0217,0.0053,0.0164,0.0081,0.0502,0.0402,0.039,0.0249,0.0243,0.0344,0.0246,0.0461,0.0337,0.0275,0.0306,0.0085,0.0183,0.0175,0.0385,0.1256,0.2714,0.62,1.2504,2.3077,3.7781,5.2868,6.521,7.0226,6.6858,5.9878,4.4994,3.1488,2.1148,1.4961,1.149,0.9496,0.7914,0.6707,0.5187,0.4219,0.3123,0.2113,0.1434,0.0815,0.0487,0.0258,0.0181,86.34
0.0235,0.0207,0.0275,0.025,0.002,0.0215,0.0205,0.0446,0.0174,0.0072,0.015,0.0142,0.0023,0.0223,0.0145,0.0371,0.0261,0.0267,0.0232,0.0031,0.0314,0.0566,0.2221,0.657,1.5006,3.0808,5.1194,7.058,7.9801,7.5606,6.3708,4.5914,3.2325,2.4347,1.9478,1.5394,1.1837,0.8613,0.5619,0.3348,0.1877,0.1559,0.0502,0.046,0.0285,0.0516,0.0433,0.0284,0.0114,0.0107,94.97
0.0102,0.0171,0.029,0.0099,0.0184,0.0326,0.0248,0.0885,0.0373,0.0405,0.0397,0.0147,0.0184,0.0286,0.0669,0.237,0.7537,1.924,4.0863,6.8192,9.3815,10.4336,9.5687,7.4817,4.979,3.3778,2.7615,2.7264,2.7316,2.5074,1.9421,1.2898,0.7585,0.3778,0.1845,0.0755,0.0347,0.042,0.0354,0.043,0.0059,0.0246,0.0403,0.0085,0.0108,0.074,0.0139,0.042,0.0175,0.0311,100.0
0.0476,0.0564,0.0561,0.0117,0.026,0.016,0.0791,0.0001,0.0098,0.0277,0.0304,0.0026,0.0278,0.0077,0.0269,0.0122,0.0299,0.0199,0.031,0.0583,0.3338,1.4691,4.0409,7.5289,9.3743,7.7112,4.8986,2.8036,2.3131,2.3428,1.9056,1.1873,0.5478,0.2373,0.1022,0.0495,0.0587,0.0199,0.0343,0.0096,0.0429,0.018,0.0045,0.0041,0.0273,0.0688,0.0192,0.0071,0.0366,0.0152,94.28
0.0186,0.0191,0.0357,0.0187,0.0055,0.0181,0.0662,0.0269,0.0382,0.0195,0.0341,0.006,0.0002,0.018,0.0201,0.022,0.0025,0.0142,0.0463,0.0333,0.0711,0.1573,0.463,0.9656,1.8271,2.8799,3.7484,4.0955,3.7419,2.9315,1.8759,1.0027,0.4611,0.228,0.0955,0.0293,0.039,0.0373,0.0162,0.0573,0.0087,0.027,0.0207,0.0335,0.0241,0.0115,0.0425,0.0007,0.0272,0.0273,46.54
0.0153,0.0309,0.0197,0.0256,0.0328,0.0267,0.0052,0.0166,0.0353,0.0269,0.0179,0.0285,0.0139,0.041,0.0254,0.037,0.0166,0.0188,0.0209,0.0175,0.0078,0.0162,0.0303,0.0591,0.0124,0.059,0.0619,0.2347,0.7019,1.6133,2.9664,4.2888,4.8319,4.2763,3.251,1.8633,0.8662,0.3682,0.1831,0.0904,0.0571,0.0453,0.0412,0.0666,0.0505,0.0531,0.0291,0.0478,0.0176,0.0373,53.23
0.0307,0.0075,0.0314,0.0043,0.0007,0.0105,0.0469,0.0246,0.046,0.015,0.042,0.011,0.063,0.0188,0.0266,0.0178,0.0037,0.0586,0.0152,0.0318,0.0445,0.0589,0.0003,0.0321,0.0547,0.1116,0.4324,1.513,3.9904,7.9616,12.1336,14.0168,12.2357,8.9306,5.1549,3.2021,2.742,2.932,3.0437,2.7405,2.1231,1.4489,0.7708,0.372,0.1906,0.0762,0.0358,0.0696,0.0587,0.0224,100.0
0.0022,0.0135,0.0059,0.0227,0.0339,0.0187,0.0189,0.0242,0.0272,0.021,0.0187,0.0742,0.1873,0.6,1.5629,3.429,6.3536,9.8889,12.8611,14.0878,12.8705,10.4883,6.8067,3.7627,1.794,0.7809,0.3452,0.1668,0.1191,0.0863,0.0539,0.0393,0.0442,0.0544,0.0251,0.0139,0.0241,0.0213,0.0158,0.0303,0.0028,0.0268,0.0182,0.0543,0.0113,0.0094,0.0058,0.081,0.0107,0.0302,100.0
0.0533,0.0024,0.025,0.0275,0.0165,0.0035,0.0192,0.053,0.015,0.0821,0.1343,0.3742,0.9605,2.0334,3.5318,4.8319,5.451,4.9762,3.994,2.5854,1.624,1.0312,0.6944,0.5354,0.3691,0.2834,0.1637,0.1187,0.043,0.0232,0.0162,0.0607,0.0508,0.0678,0.0056,0.0095,0.0459,0.0446,0.0353,0.0067,0.033,0.0177,0.0252,0.0183,0.0162,0.0165,0.025,0.0332,0.0066,0.0365,59.37
0.0215,0.0069,0.0354,0.0058,0.0159,0.0145,0.0331,0.0204,0.0123,0.0092,0.0252,0.0266,0.016,0.0369,0.0192,0.0155,0.0812,0.1566,0.7237,2.6323,6.5371,11.2957,13.551,11.2831,7.3751,3.3426,1.4423,1.1393,1.6556,2.1931,2.4454,2.1292,1.3831,0.7091,0.2928,0.1756,0.075,0.0392,0.0395,0.1365,0.0771,0.0631,0.0175,0.0155,0.0068,0.0169,0.0204,0.0124,0.0475,0.0241,100.0
0.0339,0.0135,0.0377,0.0161,0.0108,0.022,0.0231,0.023,0.0699,0.0751,0.2978,0.9025,2.4043,5.067,8.7614,12.3415,14.3059,13.8528,11.9363,9.0582,6.7035,5.0827,3.834,2.7936,1.8835,1.1791,0.6736,0.3553,0.1993,0.0878,0.0384,0.0648,0.0207,0.0358,0.0182,0.0223,0.008,0.0115,0.0358,0.0036,0.0905,0.0062,0.0493,0.0365,0.0236,0.0142,0.0458,0.0286,0.0525,0.028,100.0
0.0341,0.0332,0.0247,0.0183,0.0159,0.0317,0.0369,0.009,0.0169,0.0432,0.1466,0.282,0.7476,1.4732,2.6936,4.1077,5.2614,5.7502,5.4251,4.6646,3.367,2.3157,1.6894,1.4401,1.3339,1.2799,1.2505,1.105,0.9102,0.7183,0.5626,0.4381,0.2823,0.1617,0.0838,0.0499,0.0505,0.0127,0.0125,0.0394,0.011,0.0051,0.0575,0.026,0.0125,0.0567,0.0167,0.0401,0.0146,0.0464,74.31
0.0141,0.0028,0.0398,0.0386,0.0419,0.0175,0.0312,0.0456,0.085,0.0135,0.0166,0.036,0.0139,0.0137,0.0547,0.24,1.0405,3.5257,7.3764,9.433,7.3742,4.1043,1.6059,1.0242,1.3947,1.9139,2.1584,1.8538,1.2122,0.6394,0.2576,0.1163,0.0517,0.0482,0.03,0.0398,0.0761,0.0463,0.0193,0.0201,0.0417,0.0458,0.0249,0.0116,0.0258,0.0539,0.0272,0.0178,0.0071,0.0368,96.61
0.0095,0.01,0.0028,0.0159,0.0454,0.0096,0.0526,0.0006,0.0068,0.0208,0.0381,0.0511,0.0061,0.049,0.022,0.0545,0.0233,0.0166,0.007,0.0075,0.036,0.0042,0.059,0.0335,0.0057,0.0103,0.0074,0.0628,0.1563,0.3021,0.7953,1.5275,2.4993,3.3951,3.7689,3.4209,2.7218,1.667,0.8525,0.3956,0.179,0.0966,0.0886,0.058,0.0406,0.0247,0.0491,0.0249,0.0192,0.0604,38.78
0.0085,0.009,0.0363,0.0117,0.0076,0.0061,0.0243,0.0395,0.082,0.1229,0.3197,0.7109,1.3466,2.1344,2.8467,3.1766,2.9199,2.3221,1.5802,0.98,0.63,0.52,0.4459,0.36,0.3237,0.28,0.2193,0.145,0.0918,0.0749,0.0909,0.0167,0.0246,0.0158,0.0153,0.0217,0.0216,0.0034,0.027,0.0253,0.0111,0.0872,0.0113,0.0312,0.0489,0.0371,0.0033,0.0399,0.0094,0.0182,37.43
0.0138,0.0208,0.0346,0.0526,0.0117,0.0047,0.0029,0.0125,0.0284,0.0182,0.0395,0.0233,0.0301,0.0226,0.044,0.015,0.0293,0.0155,0.0294,0.0157,0.0331,0.0099,0.0234,0.0399,0.0359,0.0268,0.0268,0.0553,0.0188,0.0855,0.4826,1.7865,5.0323,9.3512,11.4909,9.4935,6.0402,3.0765,2.1534,2.23,2.3084,2.0746,1.5155,0.9143,0.4699,0.2159,0.1023,0.0452,0.0519,0.0458,100.0
0.0457,0.0221,0.0535,0.0497,0.0157,0.0221,0.0216,0.0315,0.0227,0.0411,0.0209,0.0085,0.0296,0.0254,0.0375,0.0234,0.0012,0.0125,0.0608,0.0323,0.0586,0.0483,0.0631,0.2848,0.8984,2.2255,4.3956,6.5552,7.5908,6.6049,4.5753,2.3511,0.9741,0.3324,0.1256,0.0498,0.0807,0.0352,0.0211,0.0278,0.0379,0.0155,0.0076,0.0287,0.023,0.0368,0.0439,0.0077,0.0018,0.0274,77.86
0.02,0.0582,0.0263,0.0113,0.0069,0.0194,0.0065,0.0262,0.0264,0.0216,0.0275,0.0408,0.036,0.0108,0.0416,0.1958,0.6743,1.8579,4.2754,7.5881,10.812,12.2279,11.0624,8.5982,5.7214,3.9272,3.2315,2.9657,2.5562,1.9488,1.3195,0.7583,0.4024,0.1765,0.0905,0.0546,0.0186,0.0325,0.0093,0.0327,0.0344,0.0329,0.0167,0.0114,0.0532,0.0003,0.0357,0.0136,0.0627,0.0305,100.0
0.0125,0.0016,0.0295,0.0337,0.0696,0.0059,0.0271,0.0465,0.0077,0.0331,0.0143,0.0004,0.0191,0.0376,0.0403,0.0702,0.1542,0.2917,0.5127,0.9448,1.517,2.2101,2.8679,3.416,3.6949,3.546,3.279,2.6598,2.0049,1.4246,1.0057,0.654,0.4796,0.3056,0.1876,0.129,0.0771,0.0504,0.0227,0.0287,0.011,0.0058,0.0661,0.0152,0.0305,0.0354,0.0512,0.0543,0.041,0.0215,50.3
0.0158,0.0053,0.012,0.0039,0.0023,0.0359,0.0435,0.0542,0.0505,0.0307,0.0084,0.0291,0.0167,0.0309,0.1084,0.2046,0.5391,1.3956,2.8748,4.8305,6.6737,7.5302,7.0914,5.8591,4.2463,2.9742,2.191,1.7132,1.3793,0.9894,0.6298,0.4013,0.2535,0.0993,0.0528,0.0333,0.0132,0.0068,0.0155,0.0776,0.0216,0.0046,0.0073,0.0619,0.0206,0.0123,0.0599,0.0251,0.0166,0.0045,88.62
0.0062,0.0388,0.016,0.0182,0.0023,0.0128,0.0125,0.0533,0.0319,0.0076,0.0415,0.0133,0.033,0.014,0.0404,0.0158,0.0037,0.0733,0.0543,0.1362,0.4472,1.1616,2.473,4.3257,6.0776,6.8077,6.1954,4.7698,3.1001,1.9925,1.6013,1.5415,1.5359,1.4006,1.1455,0.7742,0.4831,0.3351,0.1783,0.0837,0.0337,0.0118,0.042,0.0557,0.0607,0.0076,0.033,0.0071,0.0415,0.0135,78.96
0.0136,0.0066,0.0027,0.0024,0.0016,0.0319,0.0217,0.0392,0.0318,0.0712,0.0582,0.1037,0.1569,0.3959,0.6279,1.0843,1.7457,2.4723,3.2278,3.7495,3.9906,3.8761,3.558,2.8827,2.209,1.6304,1.1987,0.9481,0.7181,0.5533,0.4417,0.3448,0.2795,0.1873,0.1108,0.0684,0.0534,0.062,0.0203,0.0071,0.0175,0.0172,0.0372,0.0266,0.0515,0.0526,0.0131,0.0143,0.0239,0.0128,54.91
0.0665,0.0151,0.0748,0.029,0.0489,0.0175,0.0352,0.0059,0.062,0.055,0.0315,0.0449,0.0557,0.0031,0.0372,0.0629,0.0478,0.0204,0.0244,0.0015,0.0048,0.0099,0.0435,0.0264,0.0325,0.0427,0.0171,0.0553,0.1684,0.3877,0.8022,1.4534,2.096,2.3359,2.1882,1.6681,1.0046,0.5834,0.3242,0.2039,0.1738,0.097,0.0797,0.0996,0.0553,0.0399,0.0083,0.0113,0.0354,0.0092,27.2
0.0089,0.0394,0.0096,0.0058,0.0381,0.0086,0.025,0.0194,0.027,0.0532,0.191,0.5914,1.7867,3.9627,6.4771,7.8574,7.0842,5.3703,3.5179,2.4197,1.8435,1.3444,0.936,0.537,0.2833,0.146,0.0796,0.0556,0.0254,0.0175,0.0326,0.0275,0.066,0.0034,0.026,0.0257,0.0249,0.0336,0.0413,0.0131,0.0015,0.0037,0.0057,0.0121,0.0209,0.0222,0.0297,0.0086,0.0359,0.0269,82.68
0.0105,0.0593,0.0014,0.0569,0.0284,0.025,0.0229,0.0463,0.0191,0.0185,0.0228,0.0267,0.1075,0.3161,0.8973,2.1536,4.2603,6.9333,9.3134,10.2976,9.4075,7.6853,5.1458,3.3574,2.4645,2.1384,2.0097,1.8023,1.4188,0.9842,0.6044,0.3285,0.1792,0.0784,0.0491,0.0234,0.0789,0.0173,0.0762,0.0186,0.028,0.0161,0.0133,0.0389,0.0402,0.0239,0.0193,0.0055,0.0112,0.0317,100.0
0.0343,0.0246,0.0019,0.0022,0.0022,0.0045,0.0358,0.0025,0.0336,0.0118,0.0054,0.0371,0.0222,0.0747,0.4525,1.8555,5.7772,11.3342,14.2361,11.398,6.6684,2.9006,1.8562,2.1958,2.8202,3.0579,2.7207,1.9247,1.1383,0.571,0.2476,0.1173,0.0511,0.0397,0.0384,0.058,0.0263,0.0118,0.0513,0.0459,0.0134,0.0679,0.0334,0.0071,0.0991,0.0707,0.0066,0.0041,0.0305,0.0516,100.0
0.0536,0.0187,0.0175,0.0149,0.0321,0.036,0.0695,0.0257,0.0248,0.0606,0.0044,0.0238,0.0037,0.0137,0.0048,0.0111,0.0404,0.0214,0.0156,0.0097,0.0051,0.0301,0.0074,0.0789,0.0795,0.3548,1.0546,2.5381,4.853,7.2075,8.1979,7.2448,5.407,3.0849,1.8016,1.3117,1.3589,1.5368,1.5932,1.5032,1.2354,0.879,0.5535,0.3383,0.1919,0.0875,0.0439,0.0408,0.0194,0.0257,91.06
0.0531,0.0141,0.0549,0.0369,0.0623,0.0026,0.0045,0.0098,0.0313,0.0352,0.0139,0.0165,0.0096,0.0277,0.0166,0.1146,0.3774,1.2247,2.8951,4.8703,5.8014,4.9479,3.3282,1.8252,1.1919,0.9819,0.8009,0.5423,0.2904,0.1119,0.0691,0.0351,0.013,0.0675,0.0259,0.0289,0.0332,0.0152,0.0276,0.0043,0.039,0.0546,0.0121,0.0041,0.0122,0.0358,0.0122,0.0082,0.0014,0.0055,58.9
0.0352,0.0353,0.0146,0.0355,0.0144,0.0061,0.0158,0.0311,0.0427,0.0291,0.0119,0.0371,0.0114,0.0292,0.01,0.0223,0.0392,0.097,0.251,0.58,1.1236,1.8842,2.5614,2.8768,2.7182,2.2527,1.5594,1.0549,0.7335,0.5397,0.4237,0.3686,0.2583,0.1864,0.1104,0.0753,0.0578,0.018,0.0155,0.0158,0.0243,0.011,0.0506,0.0048,0.0303,0.042,0.005,0.0331,0.0444,0.0223,35.34
0.0285,0.0073,0.046,0.0059,0.0091,0.0053,0.0553,0.0267,0.0019,0.0162,0.0669,0.0101,0.028,0.1147,0.3027,0.7636,1.6783,3.1306,4.7953,6.2678,6.8567,6.2591,4.9522,3.2071,1.7671,0.8254,0.3912,0.1641,0.1087,0.0436,0.0633,0.0601,0.0315,0.033,0.051,0.0133,0.0356,0.0295,0.0482,0.0053,0.0046,0.018,0.0297,0.0028,0.0564,0.0073,0.0109,0.0487,0.0082,0.0103,75.56
0.0139,0.0354,0.0052,0.0201,0.0458,0.0266,0.0228,0.0018,0.0117,0.0375,0.0401,0.0109,0.0253,0.0202,0.0688,0.1193,0.3532,0.6956,1.4758,2.6979,4.3512,6.144,7.6346,8.2693,7.9342,7.2655,5.5743,4.0482,2.8942,2.1208,1.6527,1.3579,1.0701,0.8509,0.6714,0.4322,0.3077,0.1958,0.1157,0.0682,0.0885,0.0773,0.0476,0.0168,0.036,0.0123,0.0038,0.0116,0.0064,0.0157,100.0
0.017,0.0315,0.0409,0.0492,0.0946,0.0337,0.0073,0.0625,0.0166,0.0164,0.0577,0.0232,0.0507,0.0141,0.0593,0.0225,0.062,0.0011,0.0638,0.0159,0.0731,0.0896,0.2522,0.5665,1.23,2.34,3.8735,5.5264,7.0044,7.6574,7.4618,6.9131,5.4185,4.0065,2.7898,1.8645,1.216,0.7783,0.4656,0.2711,0.1452,0.0661,0.0955,0.0576,0.0635,0.0283,0.0235,0.0117,0.025,0.0089,96.42
0.0241,0.0259,0.0425,0.0345,0.0852,0.0243,0.0287,0.0155,0.0066,0.0007,0.0207,0.0061,0.023,0.0485,0.009,0.028,0.0125,0.021,0.0844,0.0031,0.0119,0.0225,0.0073,0.0222,0.0378,0.1347,0.2964,0.7357,1.4242,2.4909,3.6888,4.7507,5.2453,5.0717,4.5224,3.4996,2.5549,1.8542,1.3933,1.0911,0.8233,0.5826,0.398,0.2785,0.1365,0.0829,0.0375,0.0267,0.0673,0.0149,64.14
0.019,0.0209,0.0504,0.0573,0.0393,0.0067,0.0258,0.0024,0.0342,0.012,0.0359,0.0591,0.0797,0.2938,0.919,2.24,4.5315,7.5448,10.2608,11.459,10.6291,8.848,6.3298,4.6956,4.0875,4.0755,4.0655,3.7703,3.0695,2.2342,1.4644,0.8344,0.4541,0.2281,0.1224,0.0388,0.0177,0.0611,0.0159,0.0326,0.0192,0.0048,0.0292,0.0066,0.0095,0.0331,0.0266,0.0541,0.0221,0.0497,100.0
0.0001,0.0321,0.0382,0.0033,0.0116,0.0017,0.0101,0.0267,0.0001,0.0186,0.0492,0.0114,0.0094,0.0458,0.0801,0.0176,0.0288,0.1108,0.3026,0.7717,1.7232,3.1238,4.882,6.4175,7.1209,6.7756,5.7823,4.2235,2.8369,1.8599,1.2491,0.8393,0.6062,0.3615,0.2304,0.1236,0.0679,0.061,0.0382,0.0561,0.0112,0.019,0.0323,0.0078,0.0167,0.0018,0.0104,0.0553,0.011,0.0089,81.48
0.0254,0.0175,0.0144,0.0108,0.0705,0.0215,0.0125,0.0019,0.0119,0.0079,0.0385,0.0728,0.0716,0.0149,0.0329,0.047,0.0902,0.0171,0.0073,0.0328,0.031,0.0523,0.2328,1.3839,4.8968,10.6021,13.7784,11.3756,7.4877,5.3764,4.8726,3.9154,2.2726,0.9871,0.3752,0.1148,0.0532,0.0813,0.0911,0.0394,0.0104,0.0428,0.0466,0.0195,0.0589,0.0147,0.0098,0.0014,0.0479,0.0412,100.0
0.0151,0.0469,0.0354,0.0431,0.0104,0.0436,0.0023,0.0553,0.0268,0.0177,0.021,0.0008,0.0463,0.0049,0.0659,0.0148,0.0017,0.0323,0.0063,0.0063,0.0327,0.007,0.0311,0.0251,0.0427,0.0028,0.0275,0.0364,0.0465,0.1912,0.5791,1.4751,2.9169,4.3679,5.0551,4.4078,3.2721,1.8147,0.9892,0.7283,0.6992,0.7302,0.5928,0.4536,0.2973,0.1413,0.0739,0.0897,0.0578,0.0418,55.85
0.0234,0.0061,0.0137,0.0056,0.0453,0.0182,0.0153,0.0129,0.0445,0.0063,0.0362,0.0458,0.0317,0.0038,0.03,0.0299,0.0626,0.3204,1.097,2.808,5.0171,6.1679,5.295,3.5587,2.0356,1.3277,0.9668,0.7205,0.4065,0.2022,0.0914,0.0604,0.0463,0.0403,0.0088,0.013,0.0027,0.0047,0.0377,0.0331,0.0234,0.0315,0.0182,0.0272,0.0511,0.0122,0.0205,0.0347,0.0227,0.006,63.9
0.0194,0.0498,0.0151,0.0619,0.0095,0.0282,0.0058,0.0585,0.0308,0.0196,0.0008,0.0014,0.0475,0.0282,0.0168,0.0611,0.0014,0.0075,0.0502,0.0123,0.0226,0.0145,0.0513,0.1981,0.6442,1.7309,3.8174,6.6776,9.4027,10.5417,9.5711,7.4887,4.8565,3.2338,2.6292,2.6437,2.6112,2.3891,1.8746,1.3165,0.7863,0.4697,0.2446,0.0863,0.0558,0.0201,0.0142,0.0261,0.0105,0.0216,100.0
0.0206,0.043,0.0044,0.0176,0.0154,0.0246,0.0097,0.016,0.0252,0.0407,0.027,0.0289,0.0324,0.0283,0.0146,0.0322,0.0264,0.0105,0.0038,0.0254,0.0035,0.0118,0.0176,0.0324,0.0438,0.0826,0.2694,0.6804,1.342,2.5719,4.2371,6.1296,7.5709,8.2482,7.7646,6.8613,5.1333,3.5886,2.5073,1.878,1.5031,1.2854,1.0496,0.8371,0.6548,0.4733,0.2608,0.1645,0.0974,0.0634,100.0
0.0082,0.0102,0.0151,0.0411,0.0086,0.0243,0.047,0.1371,0.2263,0.4797,0.8777,1.476,2.1624,2.6793,2.9362,2.8423,2.5099,1.9665,1.404,1.0234,0.7518,0.5716,0.4081,0.3145,0.2454,0.1465,0.1073,0.058,0.0564,0.0368,0.0185,0.0066,0.0137,0.0111,0.0395,0.0396,0.0169,0.0258,0.0158,0.0141,0.0229,0.042,0.0317,0.0359,0.0086,0.0254,0.0166,0.001,0.0479,0.0126,35.62
0.0264,0.0,0.0119,0.0287,0.0177,0.0138,0.0257,0.0503,0.0242,0.0323,0.0651,0.0358,0.0288,0.0406,0.0475,0.0124,0.0064,0.0114,0.0208,0.0082,0.0212,0.0085,0.0607,0.1165,0.2655,0.6566,1.3867,2.6597,4.3626,6.2489,7.7848,8.4695,8.0544,7.2603,5.6258,4.2767,3.3095,2.7758,2.4647,2.1592,1.7941,1.4121,1.0028,0.6819,0.4082,0.2454,0.1372,0.0777,0.037,0.0264,100.0
0.023,0.0312,0.0584,0.0546,0.0179,0.0111,0.0175,0.003,0.0017,0.0123,0.0069,0.0418,0.0252,0.0262,0.029,0.0024,0.009,0.0302,0.0108,0.0162,0.0202,0.0363,0.0763,0.1406,0.4206,1.2153,2.7283,4.903,6.9745,7.8458,6.938,5.3574,3.0679,1.4775,0.6285,0.2844,0.1428,0.1234,0.1183,0.0646,0.0607,0.0332,0.0498,0.0154,0.035,0.0143,0.0423,0.0355,0.0312,0.0166,79.73
0.0184,0.0059,0.0164,0.0652,0.0003,0.005,0.01,0.0474,0.0498,0.1713,0.3923,0.9558,1.8846,3.0277,4.0362,4.421,4.0138,3.1089,1.9316,1.0067,0.4262,0.22,0.0999,0.0379,0.0132,0.0166,0.0395,0.0887,0.0031,0.005,0.0149,0.0527,0.0273,0.0236,0.011,0.0381,0.0202,0.0221,0.033,0.0128,0.0464,0.0162,0.0116,0.0251,0.0204,0.0874,0.0157,0.0366,0.0605,0.085,48.6
0.0039,0.0068,0.0417,0.0193,0.0495,0.0469,0.0239,0.1339,0.2745,0.7111,1.5713,2.8759,4.4877,5.8606,6.4908,5.9942,5.1,3.571,2.3626,1.6046,1.1429,0.9047,0.711,0.5387,0.3572,0.2379,0.1736,0.09,0.0326,0.0347,0.0565,0.0186,0.0343,0.0265,0.0302,0.0217,0.0339,0.0263,0.0079,0.0072,0.0175,0.0443,0.0211,0.0312,0.02,0.0239,0.0285,0.0433,0.0145,0.0025,75.49
0.0285,0.0158,0.0057,0.0059,0.0153,0.0382,0.0038,0.0141,0.0298,0.0434,0.02,0.0173,0.0173,0.0039,0.0422,0.0146,0.0292,0.0072,0.065,0.283,1.1099,3.3246,7.3021,11.7401,13.8802,11.9972,8.1511,4.5496,2.9136,2.6648,2.8983,3.0309,2.8106,2.3907,1.6542,1.0545,0.6267,0.2874,0.1648,0.0569,0.0563,0.0273,0.0172,0.0349,0.0285,0.0048,0.044,0.0234,0.0175,0.0164,100.0
0.0124,0.0481,0.0086,0.0042,0.0326,0.026,0.0029,0.0331,0.0077,0.0071,0.0122,0.016,0.0088,0.0449,0.0384,0.02,0.0217,0.0381,0.0201,0.0202,0.0115,0.0298,0.0075,0.0355,0.0076,0.0309,0.0245,0.0059,0.0639,0.1856,0.6,1.6953,3.3389,5.0852,5.8994,5.1173,3.7064,1.8506,0.7667,0.333,0.149,0.1504,0.0554,0.0554,0.044,0.0806,0.0182,0.0176,0.019,0.0086,59.85
0.0045,0.0379,0.0146,0.0585,0.0616,0.0225,0.0169,0.0089,0.0686,0.1082,0.2542,0.6553,1.3265,2.458,4.0134,5.6466,6.9951,7.5963,7.1664,6.2798,4.7054,3.265,2.223,1.5198,1.0974,0.8204,0.6162,0.4488,0.3283,0.194,0.1177,0.0728,0.0383,0.0434,0.0386,0.0382,0.0305,0.0387,0.02,0.0204,0.0587,0.0039,0.0149,0.0234,0.041,0.02,0.0245,0.0025,0.0208,0.0044,93.12
0.0159,0.0653,0.0159,0.0169,0.0144,0.0787,0.0765,0.0159,0.0045,0.0354,0.0703,0.0261,0.0285,0.0039,0.0042,0.0143,0.0248,0.0206,0.0405,0.0027,0.0547,0.0364,0.1671,0.6662,1.9556,4.2745,6.6719,7.7697,6.6381,4.5468,2.2397,0.9115,0.3419,0.1778,0.1318,0.1069,0.1009,0.072,0.0503,0.047,0.036,0.0401,0.0615,0.0171,0.0271,0.0309,0.0414,0.0208,0.0066,0.0342,77.3
0.0507,0.0336,0.0201,0.0181,0.0118,0.0305,0.0308,0.0112,0.0193,0.0278,0.0149,0.0346,0.008,0.0247,0.0155,0.0398,0.0248,0.0047,0.0382,0.0063,0.0319,0.0113,0.0406,0.0393,0.0531,0.0254,0.0833,0.2568,0.5782,1.215,2.0705,2.8533,3.2209,2.8879,2.3172,1.5077,0.8768,0.5391,0.3869,0.3394,0.2892,0.2843,0.2266,0.1872,0.1167,0.0691,0.04,0.0433,0.0646,0.0382,35.05
0.04,0.0116,0.013,0.0072,0.0376,0.0237,0.0291,0.0098,0.0417,0.0059,0.0318,0.0015,0.0151,0.0096,0.0309,0.0037,0.0093,0.0197,0.0071,0.0282,0.0338,0.0118,0.0719,0.2361,0.9064,3.0694,7.292,12.2207,14.5979,12.5121,8.3883,4.8514,3.7276,4.0702,4.7771,5.057,4.6697,3.7426,2.6181,1.5375,0.7927,0.3622,0.2147,0.1165,0.0414,0.0133,0.023,0.0239,0.0046,0.0237,100.0
0.0242,0.0254,0.0127,0.0136,0.0539,0.0099,0.022,0.0382,0.0315,0.0146,0.022,0.0042,0.0479,0.022,0.0003,0.0071,0.0023,0.0154,0.0632,0.0617,0.0066,0.0202,0.0336,0.1273,0.2978,0.725,1.3741,2.1304,2.8213,3.1103,2.9129,2.3876,1.6586,1.0341,0.6167,0.3894,0.2753,0.2521,0.1925,0.1066,0.1044,0.046,0.0359,0.0634,0.0129,0.0294,0.0283,0.0346,0.0641,0.0021,37.18
0.0056,0.0219,0.0105,0.0102,0.0081,0.0365,0.0336,0.0213,0.0006,0.0042,0.0127,0.0092,0.0314,0.0101,0.0402,0.0223,0.0061,0.0009,0.0482,0.0006,0.0087,0.0357,0.0086,0.0288,0.0936,0.1821,0.559,1.4751,3.3105,6.1361,9.6634,12.7587,14.2787,13.7285,12.0145,9.3279,7.2162,5.8095,5.0592,4.4734,3.8666,3.1692,2.3667,1.6766,1.1045,0.6309,0.3562,0.2033,0.1176,0.0604,100.0
0.0309,0.0151,0.0074,0.0023,0.012,0.006,0.0309,0.0014,0.0322,0.0025,0.0147,0.0776,0.0083,0.0723,0.1128,0.3465,0.9002,1.8603,3.4196,5.2392,6.8698,7.6154,7.2644,6.4388,4.8362,3.4495,2.4753,1.8564,1.4415,1.1002,0.8105,0.5667,0.3528,0.2129,0.1562,0.0575,0.0422,0.0357,0.028,0.0239,0.0198,0.0179,0.0323,0.0131,0.0279,0.0042,0.0041,0.0066,0.0226,0.0099,95.06
0.0256,0.0155,0.0159,0.0261,0.0003,0.0041,0.0875,0.0055,0.0339,0.0082,0.0622,0.0028,0.0005,0.0238,0.0292,0.0154,0.008,0.0508,0.1963,0.6984,2.1581,4.7429,7.6867,9.0067,7.7109,5.0668,2.4016,0.8648,0.2936,0.1337,0.0924,0.0638,0.0547,0.0644,0.0839,0.0303,0.021,0.0386,0.0604,0.0255,0.0061,0.0204,0.0206,0.0575,0.0145,0.0321,0.011,0.0261,0.0283,0.0103,87.76
0.0045,0.0231,0.0715,0.0248,0.0348,0.0152,0.031,0.0026,0.0057,0.0402,0.0277,0.07,0.1467,0.3031,0.5609,0.9729,1.5183,2.1697,2.7943,3.1854,3.3553,3.2129,3.007,2.3043,1.6231,1.0535,0.6348,0.3669,0.2291,0.1034,0.0776,0.0338,0.0258,0.0737,0.0506,0.0427,0.0105,0.0291,0.0062,0.0277,0.0244,0.0211,0.0303,0.0013,0.0187,0.0473,0.025,0.013,0.0292,0.0163,41.31
0.0445,0.0245,0.034,0.0124,0.0222,0.0488,0.0607,0.0376,0.0234,0.0082,0.0125,0.0357,0.0246,0.0328,0.0164,0.0401,0.0217,0.0387,0.0777,0.0366,0.025,0.0335,0.1145,0.3659,0.9759,2.2788,4.4822,7.3852,10.0879,11.5625,11.254,10.2295,7.8678,5.832,4.2313,2.955,1.9575,1.2017,0.6329,0.3434,0.1601,0.097,0.0316,0.0166,0.0316,0.0269,0.0126,0.0093,0.0116,0.0273,100.0
0.0077,0.0325,0.0039,0.0255,0.0228,0.0294,0.0082,0.037,0.0242,0.0057,0.0197,0.0078,0.0453,0.0066,0.0058,0.0162,0.0067,0.036,0.033,0.0115,0.0476,0.2432,1.0444,3.1678,7.0625,11.4555,13.4044,11.4227,7.5783,3.7472,1.9149,1.8533,2.7522,3.7871,4.2049,3.7363,2.6329,1.4554,0.6869,0.2426,0.0775,0.07,0.0158,0.0703,0.0629,0.0031,0.0199,0.0124,0.0058,0.0355,100.0
0.0268,0.049,0.0271,0.0542,0.0082,0.0014,0.0034,0.0019,0.0279,0.0059,0.0456,0.0437,0.0198,0.0517,0.1612,0.3443,0.7636,1.5548,2.7844,4.4719,6.2873,7.8023,8.4414,8.0243,7.261,5.5321,3.8757,2.5775,1.7041,1.1115,0.7318,0.5382,0.3803,0.2589,0.2034,0.1053,0.0553,0.0333,0.023,0.0542,0.0321,0.0129,0.0262,0.0599,0.0117,0.0375,0.0133,0.0171,0.0036,0.0262,100.0
0.0459,0.0345,0.0062,0.0336,0.0158,0.0157,0.0229,0.0263,0.0213,0.0193,0.0115,0.0593,0.0171,0.0354,0.001,0.0357,0.0278,0.0027,0.0053,0.0197,0.0291,0.0012,0.0252,0.0602,0.0414,0.0736,0.1334,0.2847,0.5363,0.8829,1.295,1.7628,2.0716,2.2046,2.1339,1.9067,1.5346,1.1559,0.8675,0.6477,0.5489,0.4682,0.3461,0.3041,0.2048,0.1336,0.1332,0.0812,0.0554,0.0554,28.25
0.0083,0.0311,0.0061,0.0011,0.0198,0.0327,0.0224,0.059,0.0006,0.0088,0.0075,0.0098,0.0037,0.0455,0.0115,0.0112,0.015,0.0051,0.0493,0.0067,0.0058,0.0335,0.0932,0.2221,0.3935,0.7607,1.299,1.9777,2.4252,2.6059,2.4378,2.105,1.4943,0.9768,0.6469,0.4413,0.4101,0.3225,0.3161,0.2413,0.2085,0.2046,0.1421,0.0802,0.0507,0.0243,0.0519,0.0202,0.0286,0.0337,27.71
0.0068,0.0043,0.0041,0.0219,0.0191,0.0078,0.0359,0.0456,0.0151,0.0188,0.0372,0.0451,0.0224,0.0198,0.0226,0.0185,0.0258,0.0192,0.0384,0.0231,0.0949,0.2971,0.842,1.8526,3.5148,5.511,7.2892,8.1593,7.6249,6.4764,4.8135,3.514,2.7773,2.352,1.9951,1.5734,1.1486,0.7889,0.4897,0.238,0.1222,0.0892,0.0526,0.0247,0.0131,0.0248,0.0062,0.0468,0.0048,0.0334,98.41
0.0233,0.0314,0.0008,0.0187,0.0224,0.0009,0.0207,0.0326,0.0207,0.0082,0.0299,0.0001,0.016,0.0104,0.0116,0.0312,0.0665,0.0484,0.0948,0.28,0.5543,1.1567,1.9067,2.7999,3.4809,3.8068,3.5735,3.1662,2.4054,1.6641,1.2166,0.9372,0.7936,0.7048,0.5782,0.4702,0.3596,0.2093,0.1232,0.0646,0.0436,0.0192,0.0089,0.0089,0.0303,0.0132,0.007,0.0384,0.0115,0.0271,47.21
0.0198,0.053,0.0312,0.0028,0.0153,0.0766,0.0051,0.0098,0.0117,0.0046,0.0096,0.0534,0.0282,0.0143,0.0515,0.0029,0.01,0.0292,0.0269,0.0206,0.0532,0.1129,0.2175,0.4634,0.8691,1.3938,2.0072,2.4388,2.6253,2.5097,2.2215,1.7204,1.3323,0.9457,0.7007,0.5795,0.4309,0.3592,0.2653,0.1741,0.0936,0.0516,0.0291,0.0459,0.0318,0.0266,0.0315,0.0019,0.0417,0.0204,33.09
0.0277,0.0002,0.0444,0.0146,0.0431,0.0208,0.0215,0.0524,0.0439,0.1,0.1302,0.5354,1.697,3.9614,7.4361,11.0257,12.9041,12.0543,9.9863,7.2366,5.4312,4.5152,3.8468,3.166,2.4045,1.6333,0.9874,0.5751,0.2773,0.1324,0.1144,0.0416,0.0499,0.0636,0.0247,0.0188,0.0276,0.0072,0.0215,0.0032,0.0084,0.0032,0.0192,0.0112,0.0632,0.0297,0.0094,0.0235,0.0572,0.0028,100.0
0.0257,0.0119,0.0118,0.0128,0.0135,0.0079,0.0167,0.0572,0.0134,0.0544,0.0388,0.0928,0.3002,0.9311,2.336,4.6892,7.858,10.7134,11.8836,10.7131,8.1848,4.9179,2.4631,1.038,0.4075,0.1963,0.0953,0.0522,0.0461,0.0571,0.0215,0.06,0.0653,0.0204,0.0187,0.0116,0.0048,0.0325,0.0038,0.0389,0.0432,0.0418,0.0067,0.0319,0.0176,0.0103,0.0159,0.0258,0.0011,0.0156,100.0
0.0421,0.0032,0.0096,0.0188,0.0024,0.0062,0.0487,0.0567,0.0049,0.0209,0.0251,0.0092,0.0392,0.0144,0.0172,0.0385,0.1873,0.6002,1.4779,2.8959,4.425,5.0748,4.588,3.4646,2.1695,1.2831,0.7811,0.5879,0.4486,0.2496,0.1451,0.0837,0.0406,0.1111,0.0169,0.0204,0.0227,0.011,0.0087,0.0134,0.0554,0.0359,0.0045,0.0694,0.0111,0.0813,0.007,0.0332,0.0433,0.0066,53.03
0.0731,0.0205,0.0244,0.0053,0.0375,0.008,0.001,0.0081,0.0334,0.0359,0.0179,0.0502,0.0033,0.001,0.0048,0.0409,0.0071,0.0036,0.0331,0.0246,0.0055,0.0127,0.0578,0.049,0.0736,0.1963,0.661,1.813,3.6889,5.671,6.4975,5.6367,4.0735,2.1689,1.1535,0.8914,1.0269,1.2516,1.3406,1.2264,0.9527,0.6381,0.3847,0.1661,0.0748,0.0489,0.0537,0.0478,0.0184,0.0604,71.01
0.018,0.0197,0.0209,0.0196,0.0116,0.0191,0.0062,0.0108,0.0273,0.0381,0.0294,0.0485,0.0114,0.0245,0.0096,0.0721,0.0418,0.0202,0.045,0.0444,0.0502,0.0221,0.0253,0.0721,0.0566,0.3403,1.5773,4.7247,9.1623,11.6028,9.9897,6.8876,4.6748,3.8001,3.0824,2.0085,1.1115,0.4346,0.191,0.0934,0.0501,0.0331,0.1087,0.0672,0.0405,0.0258,0.011,0.0444,0.0174,0.0112,100.0
0.0239,0.0562,0.0194,0.033,0.0376,0.0048,0.0193,0.0025,0.0526,0.0258,0.0202,0.005,0.0354,0.0121,0.029,0.0239,0.0031,0.0694,0.0502,0.0133,0.0368,0.0474,0.0373,0.067,0.0399,0.0253,0.0141,0.1189,0.3058,0.9316,2.2123,4.163,6.0897,6.9317,6.1652,4.6798,2.9624,1.9783,1.6947,1.7564,1.77,1.6451,1.3315,0.9955,0.6026,0.3766,0.1504,0.1045,0.0654,0.0129,81.59
0.0367,0.0101,0.0178,0.0293,0.0,0.0206,0.0646,0.0137,0.0215,0.0637,0.0878,0.2818,0.8982,2.3309,4.898,8.3369,11.4728,12.9721,12.0053,9.8663,6.9408,4.9986,4.1396,3.9318,3.8467,3.6276,3.1431,2.5233,1.8325,1.2592,0.7883,0.4372,0.2538,0.1375,0.0649,0.0474,0.0242,0.0096,0.0266,0.0104,0.0481,0.0346,0.0254,0.0019,0.0135,0.0061,0.0329,0.0144,0.0259,0.0654,100.0
0.0044,0.0289,0.0075,0.012,0.0748,0.0083,0.0095,0.0035,0.0321,0.0452,0.059,0.0176,0.049,0.0127,0.0151,0.0267,0.0429,0.0027,0.0299,0.0725,0.1173,0.3419,0.8991,1.9482,3.4302,4.7646,5.4233,5.0532,4.1255,2.9139,1.9992,1.4678,1.1871,0.9447,0.699,0.501,0.3099,0.2183,0.0957,0.0793,0.1049,0.0325,0.0108,0.0283,0.016,0.0756,0.0085,0.0106,0.027,0.0345,63.81
0.0149,0.0173,0.0453,0.0056,0.0139,0.0525,0.0277,0.0531,0.0692,0.1475,0.2812,0.5245,0.8471,1.3337,1.7801,2.1551,2.3219,2.2179,2.0309,1.5447,1.1144,0.8115,0.5846,0.4716,0.4316,0.3677,0.3502,0.3199,0.2411,0.197,0.1657,0.1219,0.0787,0.081,0.0399,0.0443,0.0418,0.0755,0.0286,0.0174,0.0225,0.0316,0.0381,0.0145,0.0262,0.0062,0.031,0.0247,0.0251,0.0166,30.18
0.0034,0.0044,0.0229,0.0063,0.0459,0.0233,0.0352,0.0449,0.0245,0.0437,0.0091,0.0164,0.0561,0.001,0.0241,0.0345,0.0332,0.0196,0.0126,0.0727,0.1605,0.414,0.9958,2.0685,3.6145,5.403,6.932,7.6578,7.3509,6.3991,4.9343,3.6034,2.7135,2.1818,1.8275,1.5191,1.2053,0.9237,0.6235,0.4449,0.2404,0.1562,0.1043,0.0782,0.0623,0.0253,0.0374,0.0064,0.0059,0.0139,93.92
0.004,0.0114,0.0396,0.0101,0.0079,0.0048,0.0364,0.0482,0.0277,0.0335,0.023,0.0901,0.1549,0.2212,0.4721,0.8402,1.4017,2.0234,2.7218,3.2248,3.4412,3.2942,3.0043,2.4146,1.6895,1.1824,0.7541,0.4848,0.3224,0.2265,0.1769,0.1673,0.122,0.0776,0.0741,0.0279,0.0131,0.007,0.0226,0.031,0.0046,0.0148,0.0394,0.027,0.0494,0.0004,0.036,0.008,0.0411,0.036,43.26
0.0026,0.0564,0.0156,0.0098,0.0428,0.0118,0.0249,0.0189,0.0087,0.0109,0.0055,0.0746,0.0067,0.0291,0.0189,0.0016,0.0227,0.0108,0.0065,0.0282,0.04,0.0279,0.0188,0.02,0.0481,0.1782,0.6678,1.9023,4.4563,8.2393,12.0109,13.5792,12.2278,9.4706,6.3171,4.6535,4.203,4.0356,3.555,2.6109,1.5846,0.8076,0.355,0.1265,0.0436,0.0446,0.0368,0.0198,0.0144,0.0248,100.0
0.0325,0.0121,0.0025,0.0273,0.0055,0.0363,0.0017,0.0034,0.0056,0.0276,0.0306,0.0178,0.0185,0.0312,0.021,0.0435,0.0097,0.0095,0.0617,0.1173,0.4416,1.3436,2.9277,4.746,5.6613,5.0409,3.8055,2.4465,1.6896,1.194,0.7974,0.4842,0.2305,0.111,0.0657,0.025,0.0166,0.0173,0.0453,0.044,0.0235,0.037,0.0245,0.0721,0.0177,0.0301,0.0042,0.0378,0.0008,0.0121,62.31
0.0147,0.0424,0.0155,0.0186,0.0418,0.0033,0.0395,0.0407,0.0133,0.0087,0.0034,0.0025,0.0207,0.0134,0.0043,0.0016,0.0286,0.0059,0.0119,0.0272,0.0613,0.1513,0.3432,0.6901,1.1776,1.7959,2.5234,3.0037,3.2541,3.1152,2.8068,2.1475,1.6088,1.1068,0.7774,0.5396,0.3776,0.2863,0.1959,0.146,0.1255,0.1071,0.0399,0.0879,0.0351,0.0184,0.0106,0.0071,0.0343,0.0386,40.25
0.033,0.0107,0.0019,0.0272,0.0023,0.0627,0.0481,0.0373,0.0847,0.2647,0.6949,1.4417,2.6993,4.1437,5.398,5.9817,5.547,4.765,3.4351,2.3941,1.7321,1.3401,1.1274,0.8865,0.6708,0.4247,0.2714,0.1443,0.0815,0.0473,0.0555,0.0108,0.0143,0.0167,0.0081,0.0152,0.0045,0.0553,0.0108,0.0116,0.0209,0.0389,0.0446,0.015,0.0071,0.0343,0.0248,0.0392,0.0042,0.0166,71.59
0.0244,0.045,0.0406,0.014,0.0189,0.0786,0.0447,0.0413,0.0093,0.0306,0.1104,0.2093,0.5055,1.0343,1.8572,2.7126,3.5145,3.8284,3.5909,3.0069,2.1694,1.4507,1.0366,0.7287,0.6066,0.5577,0.4973,0.4099,0.357,0.264,0.2004,0.1393,0.0893,0.0441,0.034,0.0501,0.0113,0.0212,0.0379,0.0252,0.0261,0.0149,0.0162,0.0201,0.0013,0.0096,0.004,0.0715,0.055,0.0185,47.94
0.0273,0.0073,0.0088,0.0208,0.0608,0.0266,0.01,0.0211,0.075,0.0068,0.0422,0.0121,0.0398,0.0057,0.0512,0.1936,0.8176,2.7498,6.5398,11.0724,13.1964,11.0699,7.1049,3.409,1.8313,1.7531,2.2201,2.4211,2.1012,1.4835,0.8019,0.3788,0.166,0.0878,0.0427,0.0317,0.0152,0.0087,0.0243,0.0531,0.006,0.0823,0.0111,0.0111,0.0027,0.0114,0.0245,0.0338,0.0086,0.0103,100.0
0.0006,0.0241,0.0174,0.0138,0.0462,0.0377,0.0206,0.0246,0.0285,0.0209,0.0155,0.0307,0.0084,0.0802,0.0525,0.0053,0.0025,0.0111,0.0474,0.0245,0.0118,0.0178,0.0035,0.0532,0.1021,0.3674,1.0421,2.469,4.4686,6.4724,7.3014,6.5119,4.9849,3.0016,1.7279,1.3224,1.2512,1.2786,1.1544,0.8273,0.5113,0.2972,0.1164,0.0831,0.081,0.0217,0.0091,0.0376,0.0203,0.0317,81.16
0.0538,0.0086,0.0074,0.0081,0.0463,0.0478,0.0031,0.0429,0.0078,0.0264,0.0081,0.0065,0.0353,0.0441,0.0187,0.0552,0.0398,0.0151,0.0182,0.053,0.0522,0.0388,0.0026,0.032,0.0336,0.0816,0.3054,0.7025,1.5193,2.8513,4.4294,5.8202,6.4174,5.9812,5.1657,3.6315,2.4213,1.7156,1.3473,1.0605,0.7965,0.6378,0.373,0.2256,0.1156,0.0769,0.0898,0.0261,0.0525,0.0236,75.91
0.047,0.0137,0.0118,0.0229,0.0228,0.0118,0.0115,0.0394,0.0119,0.0012,0.033,0.0539,0.0256,0.0201,0.0294,0.054,0.0172,0.0319,0.0528,0.0871,0.2771,0.7297,1.5674,2.6795,3.7295,4.2196,3.8226,3.0717,1.951,1.1939,0.8232,0.6723,0.6249,0.6278,0.4904,0.3988,0.3075,0.187,0.1231,0.0853,0.0422,0.0385,0.0211,0.0095,0.0317,0.0258,0.0028,0.0283,0.0207,0.0174,47.55
0.008,0.0215,0.0015,0.0005,0.0043,0.0155,0.0278,0.0527,0.0212,0.0158,0.028,0.0328,0.0956,0.2386,0.5542,1.077,1.8348,2.6905,3.3871,3.6923,3.4301,3.0367,2.1597,1.379,0.8843,0.5547,0.379,0.3293,0.2296,0.1989,0.1625,0.1238,0.0598,0.0894,0.031,0.0407,0.0073,0.0549,0.0271,0.0178,0.0331,0.0103,0.075,0.0151,0.036,0.0243,0.0068,0.0314,0.0535,0.0505,42.17
0.0044,0.0204,0.0184,0.0153,0.0244,0.01,0.0881,0.0308,0.0513,0.0118,0.047,0.0448,0.0302,0.0289,0.0361,0.0509,0.1475,0.3944,0.9278,1.6665,2.3719,2.6984,2.4861,1.9722,1.1791,0.6636,0.4208,0.2146,0.1505,0.079,0.0496,0.0726,0.077,0.0211,0.0702,0.0129,0.0529,0.0214,0.0029,0.0024,0.0676,0.0359,0.0335,0.0251,0.0265,0.01,0.0249,0.0051,0.0362,0.0003,29.49
0.008,0.0205,0.0126,0.0293,0.034,0.033,0.0206,0.0027,0.0136,0.0267,0.0182,0.006,0.042,0.0462,0.0472,0.0085,0.0369,0.0285,0.0272,0.0705,0.0502,0.0261,0.0049,0.0336,0.0512,0.133,0.4448,1.1363,2.6268,4.9655,7.916,10.4241,11.4363,10.5863,8.9247,6.1504,4.1735,3.2573,3.0623,3.1464,3.1728,2.9537,2.4682,1.8781,1.2271,0.7408,0.4102,0.2085,0.112,0.0747,100.0
0.0116,0.0353,0.0278,0.0531,0.0173,0.0077,0.0191,0.017,0.0561,0.0255,0.0732,0.0131,0.0028,0.0143,0.0759,0.0298,0.0336,0.0227,0.0011,0.0526,0.0055,0.0727,0.0861,0.2568,0.6347,1.2772,2.0975,2.8628,3.1653,2.8204,2.2084,1.4143,0.8013,0.4648,0.3407,0.3465,0.3142,0.2918,0.2551,0.1611,0.1292,0.0747,0.0405,0.0342,0.0159,0.0534,0.009,0.004,0.024,0.0073,35.75
0.0244,0.0443,0.0542,0.019,0.0029,0.0303,0.1059,0.0373,0.0135,0.0212,0.0162,0.0216,0.0338,0.0012,0.0443,0.0289,0.0051,0.0307,0.0916,0.287,0.8154,1.9759,3.8535,6.288,8.4319,9.3713,8.5887,7.0356,4.8468,3.3379,2.7407,2.7573,3.0234,3.0869,2.8378,2.3816,1.7903,1.1907,0.7193,0.4297,0.2138,0.0745,0.0624,0.0123,0.0359,0.0249,0.0263,0.0079,0.0006,0.0266,100.0
0.0434,0.0138,0.0129,0.0391,0.0132,0.0305,0.0463,0.0595,0.1649,0.3754,0.9504,1.9969,3.6592,5.7062,7.5025,8.3091,7.8392,6.6379,4.7751,3.2267,2.1317,1.5772,1.2455,0.9135,0.7266,0.5077,0.3548,0.2262,0.1345,0.0881,0.0554,0.0215,0.0111,0.0294,0.0343,0.0028,0.0581,0.0354,0.0408,0.001,0.0098,0.0302,0.0469,0.0586,0.0395,0.0393,0.0083,0.0202,0.0376,0.0167,95.05
0.0627,0.0007,0.0017,0.0176,0.0289,0.0284,0.0322,0.0189,0.0089,0.0231,0.0158,0.0002,0.012,0.0236,0.0534,0.022,0.0115,0.0479,0.1493,0.5171,1.4143,3.2107,5.8072,8.2685,9.3441,8.4064,6.4828,4.0155,2.4473,1.7868,1.6665,1.6384,1.4624,1.2577,0.918,0.5768,0.3224,0.2002,0.0911,0.0459,0.0515,0.0445,0.016,0.0454,0.0193,0.0176,0.0314,0.0497,0.0379,0.048,100.0
0.0686,0.0235,0.023,0.0124,0.0138,0.0457,0.0239,0.0167,0.0004,0.0028,0.0382,0.0346,0.0293,0.0134,0.0389,0.0414,0.119,0.4016,0.9068,1.9457,3.6052,5.4718,7.113,7.7581,7.2125,5.9094,4.1371,2.7033,1.7556,1.2359,0.9753,0.7557,0.5178,0.3289,0.2084,0.1184,0.0594,0.0536,0.031,0.0653,0.0188,0.0061,0.0113,0.038,0.0239,0.0199,0.0096,0.0633,0.0043,0.0567,88.94
0.026,0.0143,0.0503,0.0438,0.0357,0.0203,0.0515,0.0814,0.002,0.0267,0.0433,0.0102,0.0146,0.0331,0.0852,0.1957,0.384,0.7704,1.2405,2.0151,2.7823,3.6123,4.2074,4.5178,4.3738,3.9906,3.2342,2.4887,1.7467,1.2125,0.8176,0.5483,0.388,0.2614,0.1684,0.1508,0.1289,0.0445,0.0449,0.0209,0.0478,0.007,0.0082,0.0193,0.0039,0.0124,0.0159,0.0199,0.0186,0.016,60.29
0.0966,0.0119,0.001,0.0504,0.0093,0.0143,0.0177,0.0796,0.041,0.0221,0.0206,0.0222,0.0263,0.0198,0.0116,0.0621,0.035,0.0233,0.0256,0.0121,0.0082,0.0017,0.0165,0.0403,0.0228,0.0067,0.0729,0.068,0.25,0.6086,1.4232,2.7195,4.3429,5.7894,6.4479,5.989,5.019,3.6082,2.5372,1.9797,1.7431,1.6431,1.5244,1.3213,1.0257,0.7637,0.5555,0.3642,0.177,0.1485,79.46
0.001,0.0025,0.0297,0.0224,0.0089,0.0135,0.0031,0.0533,0.0444,0.0042,0.002,0.0244,0.0253,0.0523,0.0047,0.0084,0.0447,0.0381,0.0347,0.0713,0.0127,0.0447,0.0353,0.0763,0.2295,0.5262,1.0848,1.8433,2.7471,3.4622,3.8008,3.49,3.081,2.1059,1.3655,0.7905,0.4668,0.2934,0.2095,0.1585,0.1347,0.0611,0.0553,0.0398,0.0521,0.0168,0.0149,0.0329,0.0337,0.0236,43.0
0.0256,0.0193,0.021,0.0189,0.0036,0.0006,0.0581,0.0462,0.0174,0.0446,0.0932,0.1788,0.3454,0.6765,1.0633,1.6268,2.1812,2.6621,2.8143,2.6132,2.3219,1.8109,1.2622,0.8841,0.6385,0.4737,0.3983,0.3603,0.3288,0.2218,0.1803,0.1068,0.1028,0.0537,0.048,0.0096,0.0058,0.0245,0.0239,0.0414,0.0592,0.0013,0.0376,0.0318,0.0323,0.0314,0.0259,0.0005,0.0886,0.0193,34.79
0.0293,0.0037,0.0126,0.0247,0.0318,0.0215,0.0336,0.0198,0.0154,0.0137,0.0105,0.0169,0.1146,0.1534,0.5227,1.4175,2.9935,4.7145,5.5791,4.9744,3.6839,2.3218,1.6109,1.2973,1.1206,0.869,0.6562,0.3888,0.203,0.1092,0.0492,0.0321,0.0294,0.0399,0.0152,0.0434,0.0158,0.0895,0.0227,0.0718,0.0424,0.0077,0.0094,0.0013,0.0523,0.0007,0.0364,0.0181,0.0124,0.0256,59.73
0.0135,0.0305,0.0247,0.0386,0.027,0.0426,0.0275,0.0038,0.0151,0.0354,0.0394,0.0262,0.0112,0.0193,0.098,0.3115,0.8536,2.2186,4.7277,8.1225,11.3745,12.9821,12.3338,10.6644,8.0367,6.0832,4.8769,3.9805,3.0952,2.2213,1.3639,0.8061,0.3845,0.188,0.0932,0.0486,0.0486,0.0254,0.0191,0.0311,0.0129,0.0135,0.0126,0.0118,0.0149,0.0263,0.0395,0.0031,0.0398,0.0108,100.0
0.0551,0.0417,0.0043,0.0114,0.041,0.0189,0.0172,0.0034,0.0063,0.0265,0.063,0.0556,0.1542,0.4074,0.8495,1.6904,2.9748,4.6893,6.5044,7.9992,8.6055,8.2012,7.3252,5.6799,4.1704,3.0312,2.2839,1.8808,1.5921,1.3745,1.0957,0.8459,0.6435,0.4209,0.3118,0.1604,0.1331,0.0629,0.0536,0.0272,0.0164,0.0277,0.0047,0.0475,0.0205,0.0542,0.0847,0.0035,0.0242,0.0539,100.0
0.0233,0.0145,0.0371,0.0076,0.0137,0.0143,0.0319,0.0306,0.0317,0.0315,0.0273,0.0228,0.0186,0.0416,0.0311,0.0982,0.5431,1.8708,4.663,8.0059,9.5986,7.9911,5.0168,2.1752,0.7898,0.3073,0.209,0.1654,0.1027,0.1309,0.1299,0.0554,0.0968,0.0417,0.0314,0.0283,0.0322,0.0216,0.0198,0.0265,0.0429,0.0186,0.0113,0.0273,0.0103,0.0251,0.0196,0.0012,0.0327,0.0158,92.43
0.0637,0.0832,0.0054,0.0518,0.0037,0.0226,0.003,0.02,0.0673,0.0062,0.0233,0.024,0.015,0.0523,0.0721,0.0065,0.0139,0.0353,0.0141,0.0535,0.0077,0.0732,0.0313,0.085,0.2701,0.7262,1.8995,3.9869,6.8226,9.3988,10.437,9.4129,7.1303,4.2272,2.0597,0.8412,0.3249,0.139,0.0947,0.0536,0.0933,0.0444,0.0263,0.0311,0.0109,0.0312,0.0461,0.036,0.0173,0.0028,100.0
0.0222,0.0504,0.0103,0.0575,0.0458,0.0346,0.0257,0.0079,0.0394,0.0005,0.0262,0.0078,0.054,0.0721,0.1813,0.5299,1.3983,3.2313,6.0765,9.6756,12.8143,14.2051,13.3408,11.6012,8.5411,6.2171,4.8081,4.0527,3.4635,2.7201,1.9957,1.3353,0.7929,0.4216,0.198,0.1346,0.0662,0.0504,0.0476,0.0362,0.0206,0.0117,0.0304,0.0221,0.0256,0.0053,0.0451,0.0211,0.0482,0.0323,100.0
0.0077,0.0039,0.0155,0.0156,0.0294,0.0222,0.0605,0.1272,0.249,0.4754,0.827,1.3014,1.9001,2.2082,2.3682,2.2992,2.0721,1.5608,1.13,0.745,0.4512,0.2934,0.1805,0.1256,0.0834,0.1179,0.046,0.0445,0.0211,0.0517,0.014,0.0335,0.0265,0.0296,0.0216,0.0559,0.0128,0.0331,0.011,0.0432,0.0549,0.0621,0.0027,0.0133,0.0003,0.0284,0.0166,0.0562,0.0613,0.0299,27.62
0.0331,0.0115,0.0019,0.0145,0.0325,0.01,0.0456,0.0641,0.0229,0.0258,0.046,0.0335,0.1626,0.5666,1.6775,3.9326,7.32,10.714,12.4725,11.7616,9.8647,7.2694,5.4693,4.5245,3.9005,3.218,2.4323,1.7773,1.0584,0.6092,0.3135,0.1634,0.0675,0.0724,0.0416,0.0331,0.0186,0.0187,0.0087,0.0071,0.0132,0.0186,0.0453,0.0052,0.0188,0.0439,0.0311,0.0424,0.0134,0.0256,100.0
0.0334,0.0197,0.0298,0.0229,0.009,0.0473,0.0014,0.0218,0.0263,0.01,0.04,0.0074,0.01,0.039,0.02,0.0214,0.0354,0.009,0.0371,0.0052,0.0432,0.005,0.0013,0.0569,0.0914,0.2663,0.8562,2.1739,4.3754,6.7127,7.6847,6.6953,4.6091,2.4236,1.2068,0.8199,0.7723,0.8866,0.9515,0.8769,0.6765,0.4708,0.2779,0.1398,0.079,0.0632,0.016,0.0245,0.0429,0.0013,82.04
0.0243,0.0217,0.0016,0.0038,0.0287,0.0695,0.0422,0.0389,0.0394,0.0214,0.0308,0.0182,0.044,0.0009,0.078,0.0517,0.0208,0.035,0.0267,0.0061,0.0087,0.0133,0.0246,0.0187,0.0348,0.048,0.078,0.2709,0.7,1.6513,3.17,5.2153,6.9402,7.8267,7.454,6.3289,4.6025,3.192,2.1681,1.5485,1.11,0.757,0.4817,0.3221,0.1985,0.0914,0.0448,0.0749,0.0354,0.0264,89.42
0.0058,0.0048,0.0167,0.0129,0.0521,0.0512,0.0657,0.0457,0.093,0.2421,0.5749,1.1729,2.1318,3.4081,4.7639,5.8189,6.2597,5.9585,5.2633,4.0186,2.8894,2.1021,1.6362,1.368,1.2487,1.1403,1.034,0.8381,0.6721,0.4935,0.3314,0.2125,0.1475,0.0897,0.0384,0.0262,0.0194,0.0059,0.0154,0.0208,0.0125,0.0482,0.0442,0.0269,0.0022,0.0196,0.0099,0.0601,0.0093,0.0108,81.16
0.03,0.0257,0.0362,0.0266,0.0855,0.0163,0.0616,0.0044,0.0425,0.0193,0.0138,0.0305,0.0258,0.0243,0.0347,0.0218,0.0458,0.0571,0.086,0.0271,0.0847,0.0106,0.0179,0.0103,0.0197,0.0219,0.0778,0.133,0.3934,0.8567,1.7635,3.1046,4.6725,6.0024,6.5724,6.2355,5.4473,4.0551,2.8102,1.9185,1.3944,1.0118,0.7957,0.5652,0.4374,0.2785,0.2087,0.1292,0.0639,0.0623,80.34
0.0021,0.0026,0.0084,0.0232,0.0235,0.0101,0.0169,0.0064,0.0163,0.0101,0.0001,0.0082,0.0137,0.0207,0.0142,0.0405,0.041,0.0629,0.1273,0.2664,0.6312,1.2338,1.961,2.6247,2.9253,2.6335,2.1336,1.3083,0.7221,0.3107,0.1481,0.1158,0.0954,0.058,0.0172,0.0652,0.0129,0.0463,0.0155,0.0138,0.0293,0.0344,0.0247,0.0296,0.0005,0.0427,0.0295,0.0082,0.0418,0.0406,34.87
0.0012,0.0648,0.0027,0.0114,0.0189,0.0491,0.0234,0.0221,0.0168,0.0138,0.0309,0.0114,0.0121,0.034,0.0479,0.0193,0.0196,0.0153,0.0024,0.0096,0.0296,0.0218,0.0038,0.0643,0.1189,0.4669,1.5736,3.8848,6.541,7.8476,6.6136,4.4751,2.425,1.7058,1.7672,1.8077,1.6184,1.1117,0.6156,0.328,0.1066,0.059,0.0637,0.0702,0.0062,0.0188,0.0078,0.0233,0.0397,0.0181,83.81
0.0449,0.0094,0.0309,0.0086,0.0129,0.0034,0.0017,0.0113,0.0403,0.022,0.0222,0.0636,0.0294,0.0718,0.0188,0.0641,0.0719,0.2555,0.5085,1.3585,2.9225,5.4651,8.4594,11.16,12.5185,12.021,10.7536,8.2752,6.2245,4.7202,3.6702,2.789,2.0977,1.3725,0.8477,0.5214,0.2837,0.1623,0.0968,0.0631,0.0513,0.0611,0.0199,0.0461,0.0462,0.0214,0.0216,0.0217,0.0184,0.0059,100.0
0.0055,0.0297,0.0032,0.0045,0.0451,0.0299,0.0264,0.0027,0.0349,0.0278,0.001,0.0109,0.0284,0.0202,0.0186,0.0238,0.0622,0.0046,0.0025,0.0341,0.0108,0.04,0.0209,0.0342,0.0161,0.0245,0.0497,0.031,0.14,0.2325,0.5332,1.0151,1.6265,2.1402,2.3367,2.1677,1.7463,1.2756,0.8157,0.5881,0.4732,0.4252,0.449,0.3325,0.2473,0.2118,0.1277,0.1092,0.0251,0.0351,29.66
0.0124,0.0289,0.058,0.0527,0.0381,0.0267,0.0048,0.0304,0.0102,0.007,0.0003,0.0342,0.0354,0.0126,0.0005,0.0104,0.0293,0.0424,0.1037,0.2931,0.9033,2.2743,4.6892,7.852,10.7931,12.067,11.0895,8.9403,6.1751,4.3145,3.4633,3.3745,3.5213,3.6014,3.4056,3.0287,2.4464,1.8622,1.3328,0.8327,0.5069,0.2838,0.1543,0.0812,0.0756,0.0411,0.0177,0.0085,0.0329,0.0143,100.0
0.0043,0.0263,0.0237,0.0007,0.053,0.0898,0.0524,0.0218,0.0236,0.0092,0.0427,0.1355,0.3031,0.7538,1.4917,2.4788,3.3596,3.7208,3.376,2.6288,1.8049,1.0483,0.6904,0.5633,0.5117,0.497,0.3915,0.2933,0.1988,0.1312,0.0708,0.0364,0.0121,0.0066,0.0047,0.0306,0.0196,0.0625,0.0663,0.0025,0.1152,0.0372,0.0162,0.0241,0.012,0.0134,0.0184,0.0468,0.0323,0.0103,43.33
0.0192,0.0236,0.0293,0.0152,0.0072,0.0446,0.0614,0.0066,0.04,0.0496,0.029,0.0163,0.0135,0.0276,0.0145,0.0138,0.0702,0.0286,0.103,0.2585,0.7449,1.601,2.8949,4.5346,5.9292,6.5346,6.0903,5.2283,3.7333,2.584,1.9496,1.6883,1.5944,1.4226,1.2118,0.8896,0.6208,0.4772,0.2299,0.1185,0.0811,0.0781,0.0402,0.0078,0.0451,0.0351,0.0079,0.0104,0.0086,0.0159,82.44
0.0057,0.0027,0.0671,0.0084,0.0341,0.06,0.0997,0.2129,0.4554,0.825,1.3747,2.0778,2.8238,3.3586,3.6445,3.4157,3.1085,2.3915,1.6594,1.1213,0.7094,0.5285,0.3262,0.237,0.1547,0.1377,0.0931,0.1069,0.0352,0.0875,0.038,0.0751,0.0331,0.0357,0.063,0.0143,0.0079,0.0328,0.0451,0.0156,0.0226,0.0049,0.0255,0.0244,0.0431,0.0577,0.0195,0.0081,0.0272,0.0811,45.43
0.0255,0.0259,0.0231,0.0056,0.0252,0.0248,0.0148,0.0603,0.0398,0.0548,0.0532,0.0259,0.1629,0.4249,1.2376,2.8397,5.16,7.3868,8.3622,7.431,5.5782,3.3693,1.963,1.503,1.5845,1.7613,1.8496,1.7059,1.3692,1.0328,0.6197,0.367,0.1536,0.0721,0.0342,0.0283,0.0443,0.049,0.0194,0.015,0.0247,0.0671,0.0296,0.0025,0.0273,0.0174,0.0181,0.0199,0.0079,0.0399,95.17
0.0263,0.0105,0.0171,0.0115,0.0488,0.0071,0.0118,0.0285,0.0119,0.0898,0.0591,0.1545,0.3925,0.7407,1.2617,1.8467,2.3494,2.5833,2.4461,2.1385,1.5705,1.1437,0.8254,0.5948,0.4871,0.4241,0.3225,0.2403,0.2163,0.1229,0.095,0.0673,0.0496,0.0162,0.0257,0.0037,0.0082,0.0356,0.0191,0.0053,0.0407,0.071,0.0616,0.0512,0.0189,0.0013,0.0044,0.0302,0.0317,0.0078,31.08
0.0089,0.0019,0.0028,0.0165,0.0153,0.0086,0.0283,0.0179,0.0261,0.0184,0.001,0.0249,0.0272,0.0534,0.016,0.023,0.0024,0.0191,0.0222,0.0086,0.0046,0.0051,0.0087,0.0174,0.0909,0.2846,0.7263,1.3732,2.1142,2.4089,2.1613,1.6373,0.9985,0.5188,0.2921,0.2359,0.1384,0.1079,0.0678,0.0604,0.0365,0.0379,0.0049,0.0284,0.0493,0.0236,0.0656,0.0143,0.0335,0.0299,25.17
0.0181,0.042,0.0363,0.017,0.0023,0.0461,0.0198,0.0178,0.0143,0.0173,0.0046,0.0465,0.0664,0.0404,0.0097,0.001,0.0575,0.0413,0.0705,0.0832,0.2693,0.8689,2.1292,4.1133,6.149,7.0921,6.3819,4.9123,3.1199,1.9597,1.397,1.1378,0.9324,0.6843,0.5152,0.2834,0.2093,0.0896,0.0848,0.0339,0.0471,0.0361,0.0262,0.0242,0.0051,0.0215,0.0103,0.0169,0.0149,0.0085,76.17
0.0387,0.019,0.0339,0.007,0.0061,0.0148,0.0305,0.0523,0.0317,0.0097,0.0064,0.0304,0.0147,0.0374,0.1105,0.326,1.134,2.9377,5.8482,8.8913,10.3095,9.0827,6.7392,4.06,2.6597,2.2667,2.3161,2.3633,2.2498,1.8162,1.3673,0.8808,0.5118,0.2995,0.1432,0.0677,0.0218,0.0377,0.0103,0.0135,0.0665,0.0043,0.036,0.0128,0.0219,0.0283,0.0066,0.0709,0.0007,0.037,100.0
0.0134,0.0517,0.0216,0.0124,0.0126,0.0378,0.0096,0.0298,0.0522,0.1637,0.3741,0.6298,1.0994,1.7291,2.4064,2.8863,3.0893,2.9509,2.6148,2.018,1.3996,0.9421,0.6912,0.5301,0.4447,0.3282,0.274,0.2257,0.1832,0.1564,0.1191,0.0677,0.0473,0.044,0.0894,0.0189,0.0216,0.0357,0.0433,0.0529,0.0754,0.0231,0.0138,0.0175,0.0066,0.005,0.0004,0.0293,0.0449,0.0218,39.95
0.0475,0.0237,0.0208,0.0085,0.0357,0.0307,0.0063,0.0102,0.0288,0.0194,0.0205,0.0398,0.0087,0.0455,0.0344,0.0334,0.035,0.0382,0.0341,0.0153,0.0185,0.0485,0.0232,0.0345,0.0068,0.0131,0.08,0.1338,0.1943,0.4524,0.9355,1.5944,2.3289,2.9426,3.1687,2.9492,2.4804,1.6714,1.0247,0.5018,0.2322,0.1671,0.0853,0.0461,0.0636,0.0192,0.0327,0.0346,0.0244,0.0144,37.13
0.0336,0.0471,0.002,0.0358,0.0103,0.0271,0.0062,0.0134,0.0127,0.0481,0.0338,0.0043,0.0631,0.1156,0.4845,1.6263,4.0114,6.8743,8.2692,6.9509,4.7634,2.5659,1.6108,1.2853,1.0383,0.7414,0.4788,0.2467,0.1054,0.0944,0.0882,0.0481,0.0669,0.0375,0.0666,0.031,0.0148,0.019,0.0477,0.0303,0.0066,0.0161,0.037,0.0114,0.0344,0.0179,0.02,0.005,0.0161,0.0244,84.45
0.0058,0.0083,0.0096,0.0042,0.0113,0.0947,0.0272,0.0124,0.007,0.0135,0.0039,0.0088,0.0564,0.0471,0.0191,0.0062,0.0072,0.0443,0.0445,0.0225,0.0456,0.0039,0.0267,0.0632,0.0393,0.1419,0.7331,2.6808,6.5887,11.502,14.0165,12.2226,8.8052,5.7246,4.5843,4.2295,3.709,2.8086,1.8437,1.0148,0.5121,0.2484,0.1186,0.0596,0.0533,0.0605,0.0292,0.0202,0.0382,0.023,100.0
0.0236,0.0197,0.043,0.0413,0.0103,0.0343,0.0347,0.0051,0.022,0.0287,0.0355,0.0349,0.0361,0.0068,0.0189,0.009,0.0204,0.0213,0.0634,0.0127,0.0019,0.0083,0.0348,0.0545,0.0154,0.0271,0.0393,0.0461,0.0764,0.2355,0.6229,1.4578,2.6739,3.9116,4.3845,3.8648,2.9619,1.7471,0.9442,0.6338,0.5901,0.6585,0.6658,0.6005,0.484,0.3319,0.2144,0.1162,0.0657,0.0675,49.25
0.0195,0.0267,0.0417,0.0354,0.0206,0.0486,0.1295,0.2393,0.5172,0.9835,1.6962,2.5668,3.4459,4.1532,4.4506,4.2238,3.7551,2.8643,2.0099,1.3235,0.8915,0.6449,0.5194,0.4267,0.355,0.302,0.2423,0.2178,0.133,0.1205,0.1024,0.0286,0.0329,0.013,0.0075,0.0499,0.0555,0.0095,0.0045,0.0131,0.0499,0.0143,0.0383,0.0084,0.0255,0.0014,0.041,0.0318,0.0025,0.0531,55.05
0.0139,0.01,0.0083,0.0367,0.017,0.0195,0.0647,0.0111,0.0294,0.0116,0.0521,0.0129,0.0102,0.0039,0.002,0.0079,0.0091,0.0159,0.0281,0.0323,0.0337,0.0614,0.0159,0.0091,0.0317,0.0189,0.0053,0.0188,0.0963,0.2843,0.9117,2.2535,4.2908,6.3476,7.192,6.322,4.5552,2.4518,1.0545,0.4005,0.1568,0.0899,0.1034,0.0523,0.0794,0.0459,0.0665,0.0239,0.0418,0.0106,71.31
0.0193,0.0405,0.009,0.0301,0.0039,0.0117,0.0089,0.0155,0.0814,0.1715,0.383,0.8374,1.5159,2.2164,2.8438,3.1526,2.9603,2.502,1.7657,1.1593,0.7172,0.4852,0.3616,0.2906,0.2371,0.1724,0.1526,0.1044,0.063,0.0351,0.0458,0.0422,0.0143,0.0303,0.0099,0.0143,0.0045,0.0079,0.007,0.0201,0.0464,0.0109,0.0089,0.016,0.0448,0.0117,0.0444,0.0198,0.0399,0.0245,35.47
0.0092,0.0015,0.0188,0.0067,0.0092,0.0411,0.003,0.0248,0.0068,0.05,0.0204,0.0187,0.0499,0.0608,0.3932,1.6412,4.8645,9.4687,11.7377,9.4288,5.2338,2.0997,1.1523,1.4931,2.1363,2.4374,2.0839,1.3966,0.6596,0.2833,0.0862,0.0575,0.0236,0.0445,0.0179,0.0448,0.0802,0.008,0.0091,0.0314,0.0526,0.0233,0.0068,0.0207,0.0062,0.0487,0.0314,0.0267,0.0016,0.021,100.0
0.0322,0.0089,0.0204,0.0004,0.0072,0.0147,0.0354,0.0009,0.0119,0.001,0.0404,0.0232,0.0002,0.0065,0.0089,0.0123,0.0562,0.0169,0.0808,0.1772,0.4467,1.1973,2.6949,5.007,7.8497,10.2274,11.1934,10.2776,8.4779,5.4685,3.0139,1.4862,0.6622,0.2755,0.135,0.0913,0.0772,0.052,0.0389,0.0472,0.0321,0.0556,0.0297,0.0335,0.0199,0.051,0.047,0.0633,0.0475,0.011,100.0
0.032,0.0505,0.0032,0.0482,0.0042,0.0091,0.0413,0.0121,0.0611,0.0598,0.0039,0.0175,0.0228,0.025,0.1206,0.4239,1.3533,3.4335,6.8525,10.4088,12.1937,11.311,9.0896,6.3761,4.48,3.2259,2.1692,1.2677,0.6528,0.2882,0.1592,0.064,0.0846,0.0361,0.0465,0.0207,0.0087,0.0336,0.0531,0.0255,0.0052,0.0434,0.0673,0.0438,0.0213,0.0011,0.0187,0.0023,0.0174,0.0247,100.0
0.0298,0.0366,0.0604,0.0073,0.0082,0.0457,0.0159,0.0058,0.0315,0.0183,0.0239,0.0001,0.0053,0.0078,0.0144,0.0297,0.1322,0.3005,0.8111,1.6431,2.511,2.902,2.5055,1.7905,0.9144,0.3778,0.1521,0.0694,0.0525,0.0669,0.0544,0.0303,0.0137,0.0281,0.0381,0.0327,0.0054,0.0402,0.0319,0.0097,0.0114,0.0338,0.002,0.0194,0.0349,0.0334,0.0115,0.0379,0.0161,0.0309,28.91
0.0029,0.0117,0.0065,0.01,0.0051,0.002,0.0513,0.0118,0.0027,0.0483,0.0282,0.0542,0.0185,0.0104,0.0303,0.0459,0.0461,0.0424,0.0746,0.0137,0.0499,0.0143,0.0148,0.0092,0.0382,0.075,0.1274,0.3547,0.7337,1.3944,2.0439,2.3009,2.0474,1.4931,0.8615,0.4767,0.3066,0.2344,0.2418,0.2044,0.1598,0.1093,0.0899,0.0782,0.0601,0.0122,0.0179,0.0205,0.0541,0.0013,25.08
0.0196,0.0021,0.004,0.0353,0.0394,0.0161,0.0501,0.0252,0.0364,0.0235,0.002,0.0008,0.0364,0.0276,0.1086,0.3232,0.9267,2.0806,3.7224,5.252,5.9444,5.2922,3.9815,2.3877,1.381,0.9788,0.9388,1.0564,1.0121,1.0001,0.8379,0.6155,0.425,0.27,0.1506,0.0704,0.0852,0.0644,0.017,0.0463,0.0389,0.0303,0.0312,0.0196,0.0561,0.0128,0.012,0.0139,0.0092,0.0343,67.49
0.0253,0.0211,0.0059,0.0756,0.0129,0.0118,0.0006,0.0268,0.0202,0.0101,0.047,0.0122,0.0586,0.0298,0.0228,0.0214,0.0044,0.0351,0.0296,0.098,0.2725,0.7994,1.8182,3.5576,5.7629,7.6984,8.502,7.7981,6.322,4.1742,2.5965,1.7332,1.4563,1.4691,1.4212,1.3439,1.1289,0.8901,0.61,0.389,0.2202,0.1643,0.1019,0.0403,0.0396,0.0417,0.0132,0.023,0.0461,0.0122,98.44
0.0262,0.0153,0.0056,0.0417,0.0064,0.001,0.0006,0.0281,0.0026,0.0441,0.0253,0.0556,0.2086,0.6299,1.5633,3.1464,5.1973,7.0364,7.7891,7.0569,5.3914,3.3344,1.6558,0.7113,0.277,0.1027,0.047,0.0631,0.0557,0.0102,0.0108,0.038,0.0483,0.0121,0.0417,0.0304,0.0119,0.0458,0.0019,0.018,0.0101,0.0244,0.0309,0.062,0.0367,0.012,0.0047,0.0001,0.032,0.0378,80.39
0.0217,0.011,0.0239,0.0524,0.0308,0.0243,0.0036,0.0454,0.0065,0.0009,0.0051,0.0212,0.0197,0.0167,0.0249,0.0482,0.1051,0.2244,0.525,0.9528,1.6765,2.6186,3.5405,4.2461,4.5354,4.3249,3.8278,2.9246,2.0337,1.3517,0.9386,0.6834,0.5793,0.4608,0.3877,0.3258,0.2591,0.194,0.1383,0.0886,0.079,0.0319,0.047,0.0281,0.0647,0.0638,0.0277,0.0261,0.0093,0.0197,58.82
0.0426,0.0037,0.0042,0.0284,0.0163,0.0958,0.1337,0.3573,0.7573,1.5762,2.7982,4.3602,6.0567,7.4431,8.1197,7.8548,7.0595,5.5737,4.0784,2.876,1.991,1.3901,0.9564,0.6925,0.4508,0.2977,0.176,0.1039,0.0631,0.045,0.0521,0.0503,0.0595,0.0226,0.004,0.0131,0.0478,0.0561,0.0155,0.064,0.0011,0.0083,0.0478,0.0037,0.0314,0.0175,0.0131,0.0423,0.0083,0.0448,100.0
0.0049,0.0359,0.0144,0.0081,0.0063,0.0014,0.013,0.0118,0.0278,0.0363,0.0373,0.0218,0.002,0.05,0.008,0.0397,0.0053,0.0307,0.0554,0.0297,0.0036,0.0219,0.0127,0.0284,0.0894,0.1035,0.2784,0.7117,1.655,3.2366,5.1867,6.8609,7.5361,6.9234,5.6135,3.7624,2.2857,1.5059,1.1382,1.0475,1.0283,0.9422,0.8157,0.6571,0.5078,0.3666,0.2525,0.1373,0.0882,0.0455,86.0
0.0306,0.0387,0.009,0.0099,0.0172,0.0235,0.0171,0.0423,0.0038,0.0201,0.0224,0.0188,0.0617,0.0118,0.0093,0.0559,0.1723,0.5509,1.4066,2.6378,3.8705,4.4214,3.9112,2.8358,1.6299,0.8366,0.4887,0.3049,0.2085,0.1678,0.0995,0.1109,0.0353,0.0237,0.0239,0.0192,0.0855,0.0144,0.0271,0.0496,0.0236,0.0332,0.0107,0.0444,0.0426,0.0462,0.0083,0.0346,0.0473,0.0123,47.12
0.0618,0.024,0.0263,0.0094,0.0376,0.0341,0.0031,0.0135,0.0292,0.0011,0.0171,0.0097,0.0659,0.0381,0.0057,0.0114,0.0257,0.0457,0.0841,0.013,0.0428,0.015,0.0039,0.0193,0.0169,0.0687,0.0781,0.2807,0.9269,2.4413,5.2239,9.0387,12.6381,14.3217,13.2421,11.0714,7.5739,4.9875,3.4868,2.7181,2.0692,1.559,1.0681,0.6208,0.3563,0.2035,0.0955,0.0913,0.0305,0.0629,100.0
0.0072,0.051,0.0112,0.0079,0.0019,0.0065,0.0088,0.0151,0.0009,0.0094,0.0065,0.0337,0.0204,0.0061,0.0468,0.0168,0.0518,0.0525,0.1393,0.2246,0.3724,0.6603,1.0694,1.5493,2.018,2.3875,2.559,2.429,2.1984,1.7734,1.3005,0.9108,0.6296,0.4567,0.3523,0.2448,0.2157,0.1596,0.1421,0.075,0.0451,0.0408,0.0594,0.0402,0.0293,0.0268,0.0317,0.0576,0.0464,0.001,33.42
0.0145,0.0091,0.0759,0.0068,0.0069,0.0239,0.0037,0.0184,0.0361,0.0447,0.0074,0.0134,0.0176,0.0002,0.0163,0.0243,0.0468,0.03,0.0413,0.0357,0.0422,0.051,0.1171,0.1926,0.3983,0.7355,1.275,2.0157,2.8326,3.6405,4.241,4.5019,4.358,4.0179,3.3101,2.5461,1.8903,1.4432,1.0781,0.8468,0.7074,0.5684,0.4521,0.3447,0.2571,0.1481,0.1025,0.0679,0.0571,0.0276,59.17
0.035,0.0438,0.0056,0.0172,0.0195,0.0035,0.0347,0.0205,0.0346,0.0146,0.0044,0.0327,0.012,0.0214,0.0589,0.1082,0.2423,0.528,1.0567,1.8188,2.637,3.3148,3.633,3.4516,3.0691,2.3287,1.628,1.1682,0.9091,0.8031,0.5783,0.5131,0.3808,0.2926,0.2509,0.1498,0.0935,0.0791,0.0426,0.0315,0.042,0.0387,0.0128,0.0483,0.0074,0.0067,0.0509,0.0474,0.0184,0.025,45.76
0.0054,0.0287,0.0177,0.0374,0.0015,0.0113,0.0035,0.0355,0.028,0.0151,0.0692,0.0305,0.0248,0.0402,0.0099,0.0541,0.1615,0.3375,0.9353,2.1387,4.0752,6.5334,8.6946,9.7795,9.3676,8.2319,6.339,4.7702,3.6623,2.8797,2.2053,1.548,0.9772,0.5948,0.3267,0.1428,0.0675,0.0404,0.0394,0.0288,0.0162,0.0123,0.0661,0.0325,0.0313,0.0355,0.0303,0.0369,0.0334,0.0401,100.0
0.0375,0.0129,0.0072,0.0081,0.0075,0.0248,0.0206,0.0192,0.0047,0.0206,0.0194,0.0176,0.0202,0.0355,0.0452,0.1168,0.3195,0.5923,1.1194,1.8555,2.6798,3.2996,3.5523,3.3261,2.8014,2.0162,1.3102,0.8123,0.5723,0.4167,0.3895,0.3142,0.2559,0.255,0.1818,0.1251,0.1063,0.032,0.0234,0.0444,0.018,0.019,0.0346,0.0055,0.0111,0.0085,0.0342,0.038,0.0279,0.0112,41.98
0.0041,0.0233,0.0133,0.0081,0.0484,0.0284,0.028,0.0111,0.0335,0.0012,0.0291,0.0378,0.0192,0.0701,0.0339,0.0515,0.0409,0.1405,0.3307,0.757,1.5066,2.5892,3.8731,4.897,5.342,5.0338,4.4511,3.206,2.1761,1.3896,0.8843,0.6156,0.4432,0.2937,0.2075,0.1304,0.086,0.0601,0.0375,0.0307,0.0065,0.0064,0.011,0.0268,0.0386,0.0579,0.0174,0.0543,0.0609,0.0551,62.47
0.0535,0.0703,0.0184,0.0059,0.039,0.026,0.0068,0.0267,0.0288,0.0076,0.0209,0.0118,0.031,0.0195,0.0128,0.0321,0.0235,0.0207,0.007,0.0477,0.0152,0.0163,0.0124,0.0686,0.3062,0.9604,2.3773,4.6066,6.8878,8.0258,7.2767,5.586,3.5173,2.1497,1.4344,0.9778,0.677,0.4342,0.2455,0.1581,0.0696,0.0375,0.0658,0.0361,0.0272,0.0458,0.0077,0.0213,0.046,0.0366,87.88
0.06,0.0212,0.0149,0.0193,0.0204,0.0098,0.022,0.0243,0.1247,0.3324,0.919,2.1325,4.1552,6.6983,8.9287,9.8234,8.9405,7.2745,4.6016,2.4512,1.1809,0.521,0.2611,0.1899,0.1381,0.0856,0.0918,0.0408,0.0525,0.0669,0.0245,0.0207,0.0611,0.0101,0.0305,0.0328,0.0185,0.0188,0.0613,0.0163,0.0103,0.0103,0.0192,0.0601,0.0041,0.0068,0.008,0.0039,0.025,0.0037,100.0
0.0063,0.0137,0.013,0.0532,0.0191,0.0201,0.0329,0.0331,0.013,0.0067,0.0505,0.0143,0.0432,0.0042,0.0072,0.0267,0.0538,0.0424,0.0068,0.0247,0.0594,0.124,0.2777,0.5577,1.0287,1.661,2.4125,3.1925,3.759,4.0134,3.8644,3.4301,2.7253,2.017,1.3867,0.9099,0.6577,0.4486,0.3217,0.2658,0.2167,0.1487,0.1312,0.0691,0.0687,0.0939,0.0406,0.0093,0.0509,0.0216,51.28
0.012,0.0175,0.0422,0.006,0.0631,0.0202,0.0257,0.0164,0.0169,0.0032,0.0023,0.0394,0.0209,0.0562,0.0222,0.0141,0.0603,0.1954,0.5932,1.4474,2.9245,4.8358,6.5785,7.2323,6.6121,5.2619,3.4729,2.2395,1.6987,1.6863,1.7003,1.7686,1.6323,1.397,1.0562,0.7047,0.4539,0.2448,0.1501,0.1073,0.0536,0.0494,0.0108,0.026,0.0209,0.0266,0.0082,0.0347,0.036,0.0052,84.37
0.0118,0.001,0.0256,0.0137,0.0422,0.0023,0.0317,0.033,0.019,0.017,0.0454,0.0817,0.1321,0.3797,0.923,2.0082,3.4645,5.2683,6.7214,7.3856,6.8947,5.9602,4.2372,2.7847,1.8055,1.2617,0.9442,0.7422,0.5906,0.4681,0.3251,0.2306,0.1209,0.0885,0.0564,0.0409,0.1009,0.0472,0.0388,0.0117,0.0671,0.0279,0.0102,0.0341,0.0019,0.0111,0.0178,0.0088,0.0314,0.0391,86.77
0.0088,0.0064,0.0147,0.0017,0.0,0.0359,0.0455,0.0452,0.0003,0.0207,0.0093,0.0121,0.0201,0.0034,0.0574,0.029,0.0269,0.0822,0.0356,0.0156,0.0395,0.006,0.0618,0.0129,0.0383,0.028,0.0223,0.0206,0.1193,0.4825,1.5838,4.0709,8.0226,12.1504,14.1469,12.7516,9.7902,6.1672,3.9812,2.9239,2.4282,1.9553,1.4774,1.0194,0.6714,0.3654,0.2189,0.1033,0.0616,0.0168,100.0
0.0298,0.0159,0.0234,0.003,0.0462,0.0386,0.059,0.1413,0.2856,0.56,0.9975,1.5094,2.0333,2.4655,2.619,2.4862,2.2229,1.7113,1.2517,0.9037,0.6995,0.6411,0.5484,0.4829,0.4014,0.2993,0.2194,0.1367,0.1126,0.0511,0.0216,0.0402,0.0108,0.0053,0.0102,0.0032,0.0005,0.0178,0.0227,0.0301,0.0418,0.0264,0.0053,0.0031,0.0082,0.0707,0.0472,0.0326,0.0134,0.0572,32.63
0.0566,0.029,0.0072,0.0382,0.0004,0.0116,0.0047,0.0217,0.0061,0.0396,0.1498,0.5639,1.6249,3.5253,5.6179,6.572,5.6152,3.9216,1.8758,0.7484,0.3025,0.1328,0.0817,0.0928,0.0427,0.0429,0.0358,0.0467,0.034,0.0238,0.0625,0.0086,0.009,0.0042,0.0262,0.0498,0.0167,0.0344,0.014,0.0604,0.0198,0.0292,0.0186,0.0203,0.0267,0.042,0.0235,0.0065,0.0043,0.0458,65.16
0.0258,0.0208,0.0772,0.015,0.0597,0.0108,0.0037,0.0027,0.0224,0.0112,0.0604,0.1384,0.4314,1.244,2.8276,5.1644,7.3968,8.3036,7.3506,5.4572,3.0734,1.4032,0.5695,0.2449,0.1271,0.0697,0.0508,0.1053,0.0548,0.0475,0.018,0.0214,0.0127,0.0434,0.0173,0.0581,0.0202,0.0769,0.0381,0.0339,0.0117,0.0222,0.0263,0.0145,0.0453,0.0084,0.0563,0.002,0.0025,0.036,85.38
0.0126,0.0314,0.0036,0.0225,0.0346,0.0058,0.0001,0.0053,0.0321,0.0158,0.0001,0.0058,0.0382,0.0065,0.0256,0.0003,0.0317,0.0119,0.0004,0.0004,0.0287,0.0156,0.003,0.0226,0.0612,0.1279,0.2665,0.6518,1.3333,2.4608,3.9891,5.6224,6.9507,7.4077,6.9537,6.029,4.2762,2.6829,1.477,0.7479,0.348,0.1541,0.0933,0.0697,0.0342,0.0233,0.0255,0.0323,0.0337,0.0401,83.18
0.0147,0.016,0.079,0.0129,0.0503,0.038,0.0297,0.0206,0.0254,0.008,0.0213,0.0246,0.0348,0.0367,0.0285,0.0157,0.0028,0.0149,0.0286,0.0109,0.0352,0.0298,0.0346,0.057,0.0119,0.034,0.0144,0.0874,0.2556,0.9046,2.4789,5.1625,8.0322,9.2986,8.0387,5.7299,3.0044,1.6369,1.4407,1.9336,2.5204,2.8048,2.4635,1.808,1.0317,0.529,0.2257,0.0839,0.0209,0.0075,100.0
0.0118,0.0565,0.0148,0.0339,0.0289,0.0,0.0029,0.0424,0.005,0.029,0.0339,0.0384,0.0486,0.075,0.0709,0.2376,0.7803,1.7496,3.2969,4.8376,5.5887,5.1201,4.0431,2.6308,1.7684,1.2769,1.0245,0.8276,0.6384,0.4268,0.2646,0.1588,0.1144,0.0829,0.0535,0.0108,0.0047,0.0859,0.009,0.0142,0.0111,0.0275,0.0119,0.0216,0.0208,0.0424,0.039,0.0439,0.0303,0.0455,62.94
0.008,0.0031,0.0409,0.0132,0.0183,0.0011,0.0046,0.069,0.0432,0.0387,0.0197,0.0144,0.0489,0.0554,0.0157,0.0363,0.0124,0.0334,0.013,0.0058,0.0162,0.0258,0.0914,0.4072,1.3648,3.3481,6.6716,9.996,11.5298,10.2093,7.4949,4.589,3.041,2.6798,2.8171,2.8851,2.6953,2.1961,1.5912,1.0172,0.5912,0.2938,0.1433,0.0957,0.0491,0.0423,0.0469,0.014,0.0623,0.0192,100.0
0.034,0.0202,0.0061,0.0337,0.0415,0.0204,0.0055,0.0088,0.0112,0.0079,0.0384,0.0567,0.0127,0.0139,0.0175,0.0661,0.1695,0.5522,1.7558,4.2288,8.0365,11.9193,13.7868,12.6146,9.713,6.3275,3.9246,2.6148,1.8127,1.2407,0.7556,0.4082,0.2075,0.1063,0.0689,0.0219,0.0311,0.011,0.0617,0.012,0.0122,0.0468,0.0073,0.0075,0.012,0.0502,0.0257,0.0438,0.0431,0.0267,100.0
0.0354,0.0421,0.0074,0.0285,0.0515,0.0203,0.0002,0.0256,0.0274,0.002,0.018,0.0234,0.0018,0.0262,0.0276,0.0443,0.0154,0.0336,0.0074,0.0231,0.0468,0.0882,0.1593,0.3486,0.6906,1.1966,1.7799,2.4224,2.8527,3.0585,2.8601,2.5271,1.8858,1.2613,0.7306,0.4099,0.2239,0.1312,0.1073,0.0382,0.0762,0.0261,0.0252,0.0178,0.0421,0.0206,0.0234,0.0027,0.0281,0.0065,35.62
0.0352,0.0635,0.0429,0.0577,0.0074,0.0456,0.0014,0.0225,0.0448,0.006,0.0058,0.0594,0.0008,0.0021,0.0192,0.0213,0.0131,0.0449,0.0729,0.0577,0.1616,0.4322,1.2434,2.8331,5.1273,7.3738,8.2386,7.3068,5.5606,3.2159,1.5372,0.6475,0.3136,0.1738,0.163,0.0883,0.073,0.0815,0.0988,0.0379,0.0359,0.0536,0.0837,0.0466,0.0275,0.0081,0.0106,0.0086,0.0162,0.0302,87.0
0.013,0.0096,0.048,0.0467,0.028,0.0906,0.0474,0.0238,0.0602,0.0371,0.0474,0.0264,0.0405,0.0598,0.0066,0.0477,0.0122,0.0254,0.0554,0.2097,0.5153,1.0754,2.0089,3.168,4.1217,4.5138,4.0967,3.4122,2.1724,1.1876,0.5734,0.2409,0.1151,0.0747,0.0371,0.0764,0.0282,0.0112,0.0439,0.0223,0.0192,0.0115,0.0033,0.0294,0.0209,0.018,0.0009,0.0196,0.0155,0.0216,49.63
0.003,0.0064,0.0138,0.0102,0.0029,0.0061,0.0001,0.0512,0.0297,0.0019,0.0472,0.0112,0.0335,0.0084,0.012,0.014,0.0468,0.1482,0.4921,1.2437,2.7305,4.7705,6.7305,7.5068,6.7844,5.2174,3.2793,1.9965,1.4573,1.3151,1.2675,1.1452,0.9203,0.6483,0.4346,0.2531,0.1102,0.0619,0.0425,0.027,0.0087,0.0128,0.0252,0.0236,0.01,0.0397,0.03,0.0161,0.0046,0.0402,84.17
0.0098,0.0015,0.0442,0.0053,0.0239,0.0215,0.0186,0.0421,0.0204,0.0604,0.133,0.3298,0.6831,1.1994,1.963,2.7923,3.4282,3.676,3.4235,2.8748,2.0268,1.2738,0.7115,0.3557,0.1745,0.1067,0.0532,0.023,0.0287,0.012,0.0245,0.017,0.0136,0.0497,0.0241,0.0231,0.0134,0.0296,0.0174,0.0465,0.0173,0.0032,0.0517,0.0255,0.0105,0.0166,0.0211,0.0024,0.0105,0.0432,42.88
0.024,0.0005,0.0011,0.0158,0.0307,0.0086,0.0488,0.0409,0.0508,0.0078,0.0011,0.0326,0.0231,0.0151,0.0314,0.0063,0.0122,0.0555,0.035,0.0031,0.0075,0.0324,0.022,0.0175,0.0936,0.0762,0.182,0.3747,0.7186,1.258,1.9882,2.7461,3.314,3.5503,3.3508,2.9903,2.1912,1.4941,0.9481,0.5828,0.3949,0.2722,0.2689,0.1647,0.129,0.0883,0.1455,0.0732,0.0432,0.0202,43.42
0.0051,0.0191,0.0308,0.0183,0.0142,0.0114,0.006,0.0587,0.0348,0.1132,0.2911,0.7889,1.678,2.918,4.0342,4.5745,4.0717,3.2046,2.0226,1.2264,0.8417,0.8131,0.7989,0.8246,0.7751,0.634,0.4997,0.3406,0.2095,0.1479,0.062,0.0356,0.0474,0.0296,0.0118,0.0375,0.0145,0.0345,0.0235,0.0332,0.0069,0.0144,0.0224,0.0019,0.0025,0.0063,0.004,0.0041,0.0234,0.0283,52.7
0.0052,0.0224,0.04,0.0392,0.0166,0.0487,0.0229,0.0277,0.0037,0.0479,0.0065,0.0425,0.011,0.0074,0.0183,0.0197,0.0689,0.1397,0.5144,1.6815,4.2685,8.4142,12.6369,14.5423,12.8375,9.6857,5.6902,3.4867,2.8278,3.0376,3.3859,3.4799,3.2571,2.8146,2.1328,1.4765,0.8865,0.4827,0.265,0.1308,0.0702,0.038,0.0242,0.0275,0.037,0.0197,0.0543,0.0307,0.0385,0.01,100.0
0.0136,0.0442,0.0123,0.0209,0.0486,0.0335,0.0022,0.0197,0.0058,0.0166,0.0317,0.0353,0.0469,0.0267,0.0519,0.0162,0.0129,0.0397,0.001,0.0066,0.0013,0.0884,0.0481,0.0147,0.0099,0.0019,0.005,0.0188,0.0282,0.1112,0.3768,1.3466,3.3147,5.7308,6.9053,5.7979,3.6736,1.8016,1.0553,0.9361,1.0592,1.1036,1.0418,0.8083,0.5522,0.301,0.1606,0.0693,0.042,0.0251,72.26
0.0328,0.0291,0.0124,0.0016,0.0197,0.0094,0.0319,0.0272,0.0318,0.0378,0.0398,0.0881,0.206,0.38,0.7445,1.2909,1.8531,2.3773,2.5741,2.4297,2.1125,1.5172,1.0267,0.6634,0.4317,0.3045,0.225,0.1659,0.1209,0.0794,0.0837,0.0556,0.0191,0.0221,0.0423,0.0775,0.0331,0.0346,0.0129,0.0056,0.0201,0.0545,0.04,0.0293,0.0584,0.0709,0.0681,0.0057,0.0382,0.0289,30.72
0.0034,0.0268,0.01,0.0356,0.0097,0.0198,0.0153,0.0079,0.028,0.0109,0.0054,0.1013,0.0135,0.0229,0.0117,0.014,0.0312,0.0301,0.0165,0.0255,0.0574,0.0394,0.1694,0.5749,1.5257,3.0437,4.6455,5.3897,4.7378,3.3215,1.8622,1.0621,0.7966,0.741,0.7265,0.7115,0.5586,0.4257,0.2889,0.1734,0.1334,0.0689,0.0192,0.0271,0.0201,0.0165,0.0341,0.0336,0.0041,0.0195,57.51
0.0277,0.0081,0.0023,0.0498,0.0258,0.083,0.0814,0.0451,0.0079,0.0008,0.0114,0.0268,0.0364,0.0936,0.2285,0.5003,0.9802,1.5523,2.2228,2.755,2.9686,2.806,2.3962,1.7195,1.1444,0.6702,0.4142,0.2794,0.2529,0.191,0.1959,0.1336,0.1284,0.0964,0.0621,0.0534,0.1034,0.0128,0.0209,0.0358,0.0187,0.0184,0.0021,0.0414,0.0098,0.0412,0.0086,0.0244,0.0329,0.0372,38.25
0.015,0.0216,0.0235,0.0212,0.0233,0.0567,0.0003,0.0128,0.0294,0.0641,0.0101,0.0092,0.0104,0.0194,0.0219,0.0161,0.0439,0.0398,0.1297,0.2711,0.7211,1.5731,2.7728,3.8821,4.3414,3.8962,3.0278,1.8442,1.0245,0.6001,0.4355,0.4001,0.4043,0.3179,0.2427,0.1705,0.1417,0.0803,0.0708,0.0232,0.0419,0.0303,0.0418,0.006,0.0269,0.0278,0.0126,0.0024,0.0241,0.0116,48.55
0.0043,0.0481,0.0138,0.0274,0.004,0.0203,0.0239,0.0138,0.0105,0.0103,0.0152,0.033,0.0427,0.0292,0.0069,0.0218,0.1016,0.0178,0.0162,0.083,0.281,0.8533,2.2104,4.6421,7.8744,10.89,12.2292,11.2607,9.2029,6.4028,4.5258,3.5693,3.0977,2.7133,2.1357,1.5367,0.9714,0.533,0.2951,0.1286,0.07,0.0199,0.0139,0.023,0.0157,0.053,0.0397,0.0383,0.0235,0.0542,100.0
0.0076,0.0333,0.0504,0.0003,0.0293,0.0175,0.0017,0.0144,0.0008,0.0429,0.0426,0.0061,0.0048,0.0255,0.0227,0.0182,0.0084,0.0416,0.0135,0.0212,0.0939,0.102,0.2467,0.5654,1.2079,2.1148,3.204,4.1042,4.4748,4.1186,3.3852,2.243,1.2907,0.6532,0.3235,0.1259,0.0981,0.0475,0.0793,0.0255,0.0175,0.0087,0.0251,0.0055,0.0187,0.0116,0.0272,0.007,0.0194,0.0078,48.85
0.0346,0.0111,0.0996,0.0177,0.0025,0.0169,0.0081,0.0104,0.0654,0.0017,0.0504,0.0362,0.0056,0.0383,0.0111,0.0005,0.0006,0.0214,0.0163,0.0128,0.0416,0.0178,0.0117,0.0248,0.0288,0.0503,0.0191,0.0513,0.2957,1.4126,4.8785,10.1696,13.084,10.1867,5.2522,1.9374,1.2822,1.9992,3.0452,3.5445,3.0723,1.8564,0.8621,0.3034,0.099,0.0375,0.058,0.0179,0.0459,0.0134,100.0
0.0427,0.0351,0.0032,0.0384,0.0368,0.0005,0.0101,0.0112,0.0144,0.0178,0.0007,0.0715,0.033,0.0188,0.0362,0.0244,0.0054,0.0068,0.0389,0.0379,0.0017,0.0143,0.02,0.008,0.019,0.0521,0.1776,0.6243,1.7992,4.0962,7.3279,10.5406,11.9866,10.9906,8.8407,6.0106,4.2391,3.6164,3.5644,3.5071,3.3366,2.8495,2.2629,1.6359,1.0653,0.6728,0.4349,0.2124,0.1102,0.0618,100.0
0.0087,0.0118,0.0179,0.0285,0.0365,0.0119,0.0189,0.0471,0.0291,0.0419,0.0467,0.0058,0.0212,0.0604,0.1311,0.5055,1.4552,3.248,5.2133,6.1618,5.2586,3.7343,1.9873,1.1066,0.9301,0.998,1.1649,1.2081,1.1032,0.9145,0.67,0.4866,0.2492,0.1602,0.0646,0.0605,0.0471,0.0538,0.0353,0.0022,0.0071,0.0086,0.0179,0.0209,0.0303,0.0079,0.0129,0.0008,0.0179,0.01,67.1
0.0141,0.0365,0.0216,0.0039,0.0138,0.0131,0.0142,0.0189,0.0461,0.0857,0.2986,0.8838,2.3145,4.8417,8.262,11.4023,12.6477,11.3327,8.6221,5.1439,2.5589,1.037,0.3799,0.2007,0.085,0.077,0.0338,0.0386,0.0486,0.0361,0.0155,0.0448,0.0271,0.0233,0.0806,0.0162,0.0289,0.012,0.0017,0.011,0.0275,0.0068,0.0274,0.0096,0.0399,0.0051,0.0292,0.0654,0.0548,0.0222,100.0
0.0752,0.0542,0.0448,0.0099,0.0728,0.0111,0.0297,0.0086,0.0213,0.1006,0.3365,0.9028,1.7991,2.7286,3.1853,2.8167,1.9808,1.0367,0.4609,0.1659,0.0782,0.0712,0.0735,0.0299,0.0234,0.0617,0.0721,0.0268,0.0485,0.0361,0.0181,0.0153,0.0278,0.0187,0.0472,0.0194,0.0034,0.0229,0.0255,0.0163,0.003,0.0506,0.0485,0.0003,0.0398,0.0632,0.0619,0.024,0.0005,0.011,31.11
0.0287,0.0297,0.0086,0.0586,0.0023,0.0355,0.0154,0.0354,0.0985,0.0856,0.3384,0.8813,1.8963,2.9495,3.3979,2.9375,2.107,1.1459,0.6773,0.5149,0.5115,0.4132,0.2923,0.2028,0.1175,0.045,0.0354,0.0297,0.0232,0.0371,0.0054,0.0618,0.0026,0.0352,0.0095,0.0181,0.0505,0.0114,0.0223,0.0255,0.0524,0.0065,0.0302,0.0108,0.039,0.043,0.0209,0.0159,0.0407,0.015,37.04
0.0309,0.0734,0.0281,0.0058,0.0232,0.0034,0.0102,0.0586,0.0368,0.0041,0.0006,0.0043,0.0084,0.0293,0.1273,0.3267,0.7472,1.4568,1.9917,2.2994,2.0209,1.5351,0.9043,0.4845,0.3098,0.2583,0.1838,0.19,0.1055,0.0623,0.0311,0.039,0.0594,0.0067,0.0048,0.0237,0.0071,0.0323,0.0011,0.0331,0.0582,0.0222,0.0177,0.0142,0.0393,0.0201,0.043,0.0022,0.0105,0.0253,24.63
0.0183,0.0551,0.0132,0.0341,0.0069,0.0197,0.0333,0.0481,0.0204,0.0465,0.0452,0.0473,0.0006,0.0397,0.0166,0.0562,0.0241,0.0581,0.0707,0.092,0.276,0.7097,1.4948,2.6734,4.0867,5.2822,5.7063,5.2717,4.2283,2.7889,1.5849,0.7493,0.3548,0.1345,0.0634,0.0444,0.022,0.0096,0.0239,0.0192,0.0444,0.0231,0.0381,0.0343,0.0252,0.0508,0.0003,0.0247,0.0038,0.0166,61.57
0.013,0.0481,0.0433,0.0006,0.0007,0.0103,0.0563,0.0031,0.0179,0.0293,0.023,0.0158,0.0021,0.0033,0.031,0.0393,0.0685,0.0064,0.0141,0.0046,0.037,0.0131,0.0169,0.0698,0.0071,0.0309,0.0122,0.0052,0.0457,0.216,0.7844,2.3635,5.1307,8.3765,10.0677,9.2745,6.9911,4.6786,3.34,2.5226,1.9036,1.3101,0.7738,0.4405,0.185,0.0821,0.0371,0.0301,0.008,0.0133,100.0
0.0024,0.0012,0.0228,0.0036,0.0105,0.0054,0.0214,0.0108,0.0609,0.0274,0.0084,0.0116,0.0074,0.0099,0.0084,0.0513,0.0311,0.019,0.0373,0.0681,0.0293,0.0073,0.0774,0.0164,0.0549,0.025,0.0243,0.1067,0.3943,1.0493,2.5545,5.0863,8.317,11.3114,12.7528,12.0373,10.3709,7.3931,4.909,3.2083,2.1243,1.3744,0.8319,0.5406,0.2521,0.1382,0.0843,0.0464,0.0843,0.0246,100.0
0.0113,0.0078,0.0238,0.0172,0.0192,0.0498,0.0295,0.0237,0.0236,0.0138,0.0605,0.0013,0.0173,0.0435,0.0247,0.036,0.0382,0.0766,0.0121,0.0898,0.0249,0.0147,0.0415,0.0119,0.0251,0.0329,0.0096,0.0634,0.3374,1.0569,2.4917,4.1745,4.9746,4.2194,2.69,1.2775,0.4442,0.2137,0.1243,0.0942,0.075,0.0853,0.0413,0.0704,0.0332,0.0851,0.0542,0.02,0.0849,0.0163,50.29
0.0216,0.0023,0.0267,0.0764,0.0514,0.0157,0.0435,0.0122,0.0284,0.0135,0.0354,0.0022,0.0251,0.003,0.0284,0.0353,0.0572,0.0154,0.0295,0.1118,0.3474,0.8375,1.5297,2.2336,2.5301,2.2409,1.6961,0.9496,0.4532,0.178,0.0949,0.0636,0.0531,0.0427,0.0245,0.0319,0.0267,0.0247,0.0412,0.034,0.0186,0.0368,0.0757,0.0439,0.0298,0.014,0.036,0.0044,0.0028,0.0395,25.6
0.0079,0.0701,0.052,0.0321,0.0098,0.003,0.0029,0.0243,0.0501,0.0075,0.0197,0.0099,0.0305,0.0139,0.0323,0.0333,0.0325,0.0198,0.0051,0.0072,0.0411,0.0479,0.0009,0.0113,0.0301,0.0892,0.1778,0.439,0.9992,1.8579,2.9436,3.8989,4.3477,4.1309,3.528,2.5598,1.7388,1.2439,0.917,0.701,0.5333,0.4096,0.3278,0.2037,0.15,0.0687,0.0617,0.0231,0.0368,0.0548,52.68
0.0156,0.0371,0.0606,0.0176,0.0393,0.0002,0.0094,0.0199,0.0068,0.0404,0.0181,0.0213,0.0051,0.05,0.0309,0.0154,0.0651,0.097,0.229,0.4088,0.8142,1.2575,1.8744,2.4918,2.9649,3.1405,2.9942,2.7215,2.1331,1.5282,1.0633,0.7463,0.5519,0.4441,0.349,0.3007,0.2491,0.2152,0.158,0.102,0.0886,0.0761,0.0405,0.0734,0.0179,0.0364,0.0143,0.0137,0.0146,0.0025,40.5
0.0273,0.0297,0.0347,0.0333,0.011,0.0481,0.0106,0.021,0.0322,0.0244,0.0093,0.0327,0.0662,0.0079,0.0354,0.0348,0.0338,0.1306,0.561,2.1118,5.4,9.5311,11.6853,10.1261,7.1871,4.5612,3.6401,3.3481,2.9478,2.2287,1.4406,0.7981,0.4635,0.189,0.1477,0.0666,0.0928,0.0364,0.0804,0.0426,0.0587,0.0219,0.0082,0.0156,0.0083,0.0459,0.0187,0.0603,0.0143,0.0144,100.0
0.0272,0.0136,0.0322,0.0078,0.024,0.0212,0.0152,0.0198,0.0052,0.0255,0.0005,0.0099,0.0504,0.0393,0.0144,0.0444,0.0228,0.025,0.0176,0.039,0.0326,0.0416,0.0002,0.0648,0.037,0.037,0.016,0.0294,0.0854,0.29,0.7625,1.5323,2.3061,2.6893,2.3719,1.7344,1.0346,0.5897,0.35,0.2889,0.2231,0.1555,0.1128,0.0839,0.0348,0.0226,0.0268,0.0755,0.0274,0.0335,28.15
0.0326,0.0031,0.0195,0.0276,0.0471,0.0903,0.0195,0.0797,0.2541,0.7887,2.0739,4.369,7.4721,10.249,11.4827,10.4205,8.3102,5.4528,3.4757,2.5262,2.2769,2.1166,1.9559,1.6028,1.2149,0.7732,0.4696,0.2574,0.1418,0.0758,0.0849,0.0174,0.0121,0.0406,0.0094,0.0335,0.0085,0.0096,0.0094,0.037,0.0624,0.0146,0.0201,0.0234,0.0044,0.0184,0.0075,0.0426,0.01,0.0184,100.0
0.0391,0.0338,0.0482,0.0299,0.0406,0.0203,0.0529,0.1229,0.273,0.5668,1.0726,1.8102,2.5508,3.1756,3.406,3.1709,2.6392,1.8407,1.1673,0.6395,0.2901,0.1423,0.0865,0.0318,0.0329,0.0613,0.0171,0.0385,0.01,0.0207,0.0262,0.0605,0.0133,0.0292,0.0087,0.0363,0.0732,0.0112,0.0023,0.0266,0.0044,0.0153,0.0202,0.0707,0.0395,0.0092,0.0172,0.0147,0.0142,0.0115,38.42
0.0219,0.023,0.0276,0.0256,0.0069,0.0043,0.0309,0.0786,0.1325,0.306,0.7532,1.3883,2.492,3.8827,5.3528,6.4949,6.9867,6.6284,5.8712,4.4998,3.2242,2.2747,1.6758,1.3429,1.0617,0.8715,0.682,0.4953,0.3249,0.1995,0.1258,0.0865,0.0544,0.0162,0.0125,0.0588,0.0162,0.025,0.0036,0.0722,0.0213,0.0114,0.0123,0.0026,0.0101,0.0424,0.0166,0.0031,0.037,0.0661,89.05
0.0233,0.0209,0.0048,0.0535,0.005,0.0398,0.015,0.0228,0.0212,0.0087,0.0322,0.1113,0.1372,0.3764,0.7954,1.4484,2.2667,2.937,3.2057,2.9789,2.5412,1.8158,1.1529,0.7626,0.5341,0.4537,0.3464,0.3052,0.26,0.1921,0.1321,0.0777,0.0593,0.045,0.0154,0.0141,0.0119,0.0426,0.0474,0.0491,0.0104,0.0237,0.0077,0.0095,0.0065,0.007,0.0203,0.0089,0.0195,0.0189,35.53
0.0256,0.0589,0.0238,0.0358,0.0096,0.0033,0.0059,0.0423,0.0165,0.0159,0.0127,0.0151,0.0262,0.0092,0.0538,0.0014,0.0461,0.0655,0.029,0.0049,0.0077,0.0087,0.0087,0.0127,0.0464,0.0266,0.0605,0.0915,0.1917,0.4563,0.9256,1.5569,2.0594,2.2877,2.0861,1.7359,1.1019,0.6755,0.4913,0.441,0.4489,0.4241,0.3971,0.3626,0.2383,0.1848,0.1132,0.0525,0.0562,0.0537,27.45
0.0163,0.0276,0.0224,0.0055,0.0347,0.0153,0.0305,0.0228,0.0294,0.0042,0.0351,0.0002,0.0133,0.0458,0.0166,0.0235,0.0038,0.0126,0.0357,0.0522,0.1812,0.5829,1.5721,3.3848,6.2712,9.8229,12.9617,14.4332,13.6538,11.5578,8.4607,5.8724,4.1237,3.0207,2.2657,1.6756,1.1833,0.7577,0.4747,0.261,0.1673,0.0796,0.0379,0.048,0.0303,0.0311,0.0255,0.0125,0.0101,0.0211,100.0
0.0069,0.005,0.0095,0.0348,0.0152,0.0477,0.0157,0.0182,0.013,0.0449,0.0002,0.0002,0.0337,0.0437,0.0038,0.0124,0.0337,0.0738,0.2369,0.5089,1.0425,1.8189,2.7619,3.4776,3.805,3.5257,3.0324,2.2041,1.4519,0.9934,0.7593,0.5899,0.54,0.4474,0.325,0.2306,0.1416,0.1289,0.0643,0.0239,0.0538,0.014,0.0517,0.0174,0.0365,0.0434,0.0256,0.0898,0.0446,0.0243,45.52
0.0226,0.0235,0.0133,0.0376,0.0037,0.011,0.0104,0.0258,0.011,0.0087,0.0239,0.0615,0.0093,0.0066,0.0501,0.0459,0.0467,0.0023,0.0147,0.0503,0.0168,0.012,0.0073,0.0148,0.0031,0.0349,0.064,0.3015,0.6868,1.5522,2.8179,4.0276,4.6,4.1671,3.127,1.9515,1.2043,0.835,0.7805,0.7427,0.6876,0.5852,0.457,0.3622,0.2133,0.1299,0.0979,0.0422,0.0634,0.0424,51.11
0.0539,0.0416,0.0408,0.041,0.0453,0.0115,0.0048,0.0485,0.0411,0.027,0.0687,0.3113,1.1703,3.3787,7.2881,11.5421,13.6092,12.121,8.9266,5.8662,4.3839,3.8262,3.1842,2.3191,1.4126,0.7121,0.3491,0.1261,0.0647,0.0368,0.0449,0.0159,0.0218,0.0103,0.0249,0.0506,0.0293,0.0495,0.0752,0.0053,0.036,0.0034,0.0126,0.0042,0.0109,0.0011,0.0207,0.0334,0.0428,0.0041,100.0
0.0157,0.0055,0.0152,0.0302,0.0231,0.0153,0.0282,0.0186,0.04,0.0985,0.0235,0.008,0.0261,0.0037,0.026,0.005,0.004,0.0093,0.0671,0.1392,0.2633,0.6195,1.2163,2.177,3.2413,4.1736,4.5608,4.2446,3.6206,2.5486,1.6643,1.1185,0.769,0.6427,0.5692,0.4378,0.3431,0.2721,0.189,0.1759,0.0918,0.0819,0.0641,0.0459,0.014,0.0125,0.0026,0.0607,0.025,0.0052,53.31
0.043,0.0657,0.0354,0.0066,0.0522,0.012,0.0127,0.0247,0.0176,0.0081,0.0348,0.0409,0.0176,0.0023,0.0055,0.0186,0.0004,0.0057,0.0073,0.0035,0.0389,0.0194,0.021,0.0219,0.0069,0.0298,0.1592,0.6067,1.9127,4.2213,7.0181,8.3676,7.2388,4.9327,2.7682,1.7187,1.3181,1.1598,0.8708,0.5869,0.3299,0.2069,0.1162,0.0356,0.0848,0.0049,0.0311,0.0204,0.0687,0.0489,89.42
0.0305,0.0068,0.0029,0.0288,0.0527,0.0063,0.0096,0.0117,0.0067,0.0429,0.0091,0.0051,0.0218,0.0166,0.0184,0.0029,0.0164,0.0339,0.0379,0.043,0.0217,0.0059,0.0199,0.019,0.0251,0.042,0.1575,0.3178,0.7476,1.5017,2.6857,4.2374,5.9444,7.2566,7.8662,7.5405,6.8381,5.3277,3.9164,2.8441,2.1133,1.593,1.2276,0.9847,0.6578,0.4916,0.3049,0.2015,0.1159,0.0773,100.0
0.0235,0.0138,0.0351,0.0543,0.0216,0.0067,0.0003,0.042,0.0492,0.0151,0.016,0.0436,0.0057,0.0087,0.0098,0.0046,0.0148,0.0339,0.0059,0.0034,0.007,0.0023,0.0389,0.043,0.0806,0.074,0.1713,0.3924,0.7882,1.4645,2.1659,2.7691,3.0514,2.8852,2.4306,1.7651,1.2006,0.8205,0.5851,0.4118,0.3246,0.2166,0.1327,0.101,0.0398,0.0253,0.0475,0.0289,0.0227,0.0051,38.2
0.0153,0.0488,0.0531,0.0019,0.0364,0.0195,0.0013,0.005,0.0212,0.0522,0.0853,0.0084,0.0106,0.0029,0.0078,0.025,0.0326,0.0345,0.0149,0.0306,0.1453,0.2641,0.7584,1.9124,3.8007,6.3323,8.6373,9.6646,9.0824,7.6124,5.6073,4.2355,3.5043,3.1136,2.7509,2.3132,1.7255,1.1357,0.6942,0.3951,0.2186,0.1161,0.0588,0.0389,0.0358,0.0631,0.0093,0.0213,0.047,0.0645,100.0
0.0307,0.0298,0.0186,0.0237,0.0308,0.0381,0.0327,0.0313,0.0281,0.048,0.0437,0.0187,0.0144,0.0256,0.0079,0.0072,0.0056,0.025,0.007,0.0078,0.0385,0.0408,0.0844,0.2168,0.4775,1.0146,1.8259,2.7356,3.5645,3.9035,3.6421,3.0698,2.1147,1.333,0.747,0.416,0.2286,0.1411,0.1084,0.1087,0.0607,0.0315,0.013,0.0238,0.0525,0.0418,0.0042,0.0188,0.0507,0.0295,44.02
0.0266,0.0245,0.0105,0.0195,0.0103,0.0324,0.0299,0.0376,0.0578,0.0198,0.0395,0.0544,0.0488,0.1072,0.4413,1.4824,3.8666,7.5975,11.536,13.2582,11.8694,8.8224,5.5282,3.7855,3.3356,3.4502,3.5215,3.2916,2.8189,2.1791,1.4734,0.9464,0.5126,0.2689,0.154,0.0759,0.0354,0.0616,0.0343,0.0434,0.0481,0.0376,0.0142,0.0023,0.0139,0.009,0.0478,0.0075,0.0653,0.0271,100.0
0.0112,0.0326,0.0046,0.0125,0.0157,0.0651,0.0139,0.0345,0.002,0.0508,0.0744,0.0272,0.0735,0.1579,0.3901,0.8735,1.6381,2.5531,3.3291,3.6624,3.3409,2.7334,1.7528,0.9556,0.473,0.1985,0.0938,0.0602,0.0263,0.0283,0.0479,0.023,0.0307,0.0633,0.0174,0.0075,0.0157,0.0358,0.0383,0.0201,0.0475,0.0209,0.0034,0.0015,0.0082,0.0438,0.0035,0.0429,0.0108,0.0639,37.28
0.0246,0.0165,0.0298,0.0389,0.0129,0.0379,0.046,0.2085,0.3677,0.8778,1.6795,2.9773,4.3988,5.651,6.2905,6.0567,5.3406,4.0863,2.9907,2.0789,1.476,1.1061,0.8057,0.5517,0.4085,0.2505,0.143,0.0862,0.0592,0.0363,0.0385,0.0255,0.0087,0.0039,0.0347,0.0049,0.0016,0.0188,0.0136,0.011,0.0274,0.0177,0.014,0.0239,0.0077,0.0273,0.0393,0.051,0.0236,0.038,78.97
0.0463,0.0346,0.0024,0.011,0.0056,0.019,0.0271,0.0245,0.0197,0.0522,0.0218,0.1081,0.0866,0.2039,0.4498,0.9698,1.8452,3.0581,4.3467,5.4613,5.8544,5.5027,4.76,3.5681,2.4806,1.7627,1.396,1.2967,1.1669,1.0825,0.932,0.7285,0.5656,0.3917,0.2479,0.1891,0.1038,0.0824,0.0592,0.0281,0.0287,0.0208,0.0071,0.0454,0.0195,0.0041,0.0231,0.0402,0.0934,0.0012,74.08
0.0377,0.0274,0.0011,0.0039,0.0451,0.0167,0.0155,0.0133,0.0366,0.0036,0.0416,0.0317,0.0431,0.027,0.005,0.0318,0.106,0.0214,0.1224,0.3306,0.9805,2.4578,4.9293,8.2213,11.2215,12.4835,11.4249,9.3768,6.358,4.3224,3.4711,3.477,3.6673,3.7611,3.5608,2.981,2.3173,1.6719,1.0053,0.6075,0.3415,0.1561,0.0658,0.0551,0.0258,0.0137,0.0116,0.0589,0.0138,0.0163,100.0
0.0184,0.0025,0.0096,0.005,0.0347,0.0338,0.0072,0.023,0.0059,0.0012,0.0152,0.0092,0.0532,0.0418,0.1073,0.2838,0.5014,0.8926,1.4253,1.9492,2.4002,2.5828,2.4728,2.2244,1.6978,1.1973,0.8428,0.5492,0.3928,0.2776,0.2428,0.1633,0.1091,0.0818,0.0801,0.0538,0.029,0.0385,0.0359,0.047,0.0058,0.0028,0.0168,0.0251,0.0561,0.0162,0.0147,0.0492,0.0449,0.0408,31.2
0.0272,0.0194,0.0332,0.0205,0.0087,0.07,0.0121,0.0042,0.0257,0.0223,0.0248,0.0411,0.0005,0.017,0.0454,0.0708,0.0384,0.0017,0.0132,0.0256,0.0259,0.0269,0.1128,0.1521,0.3558,0.735,1.4921,2.6489,4.138,5.7774,7.0279,7.6343,7.392,6.839,5.446,4.0618,2.9502,2.1576,1.5199,1.0942,0.7455,0.5043,0.3199,0.1894,0.0933,0.0612,0.0451,0.0568,0.0361,0.0091,94.19
0.0248,0.026,0.0013,0.032,0.0104,0.0676,0.0057,0.0047,0.0067,0.0188,0.0065,0.002,0.0007,0.0124,0.0129,0.0146,0.0414,0.0168,0.0256,0.0466,0.1008,0.5262,2.0197,5.2747,9.5066,11.6218,9.5684,5.8922,2.7324,1.6766,1.9306,2.5081,2.73,2.4136,1.7123,0.987,0.4585,0.2016,0.0874,0.0493,0.0111,0.0292,0.0308,0.0063,0.0474,0.0319,0.0628,0.0147,0.023,0.013,100.0
0.0298,0.0038,0.0293,0.0612,0.0317,0.0049,0.0099,0.0274,0.0078,0.0187,0.0083,0.0307,0.0273,0.0299,0.0317,0.0123,0.0008,0.0197,0.0312,0.0104,0.0122,0.0385,0.0412,0.1327,0.283,0.9804,2.4341,4.2772,5.1191,4.2845,2.7355,1.5137,1.0411,1.0937,1.1716,1.0003,0.706,0.3905,0.16,0.0884,0.0202,0.0323,0.0083,0.0283,0.0026,0.0238,0.0025,0.0124,0.0066,0.0213,52.64
0.0078,0.0395,0.0172,0.0017,0.0192,0.0136,0.0226,0.0607,0.0466,0.0301,0.0452,0.012,0.0106,0.0299,0.0105,0.006,0.0633,0.0187,0.0432,0.0106,0.0198,0.024,0.0174,0.0038,0.0225,0.0809,0.2498,0.6835,1.602,3.1697,5.1806,6.9575,7.7343,7.0698,5.6191,3.6652,2.1938,1.3737,1.0717,0.9863,0.9663,0.9257,0.7986,0.6261,0.4936,0.3632,0.2033,0.1273,0.1123,0.0399,88.45
0.0455,0.0136,0.0149,0.0807,0.0171,0.0131,0.0262,0.0384,0.0122,0.0335,0.117,0.5754,2.0506,5.3338,9.3991,11.4597,9.7511,6.8878,4.2109,3.2891,3.0768,2.6143,1.823,1.0419,0.483,0.2904,0.0999,0.0678,0.0661,0.0358,0.0519,0.0463,0.0416,0.0711,0.0289,0.0282,0.0085,0.0183,0.0248,0.0467,0.0137,0.054,0.0218,0.0197,0.0155,0.0018,0.0053,0.0567,0.0113,0.0205,100.0
0.018,0.0258,0.0181,0.0626,0.0088,0.0326,0.0024,0.0285,0.0031,0.0043,0.0502,0.0149,0.0552,0.038,0.0017,0.0284,0.0925,0.0587,0.1001,0.2942,0.8318,1.9682,3.8887,6.3015,8.4604,9.3413,8.4799,6.5963,4.0612,2.1104,0.9209,0.3752,0.1739,0.0673,0.0591,0.0233,0.0699,0.0516,0.0354,0.0298,0.0253,0.0379,0.016,0.0423,0.0033,0.0254,0.0323,0.0221,0.0749,0.0043,99.53
0.0367,0.0553,0.0246,0.0431,0.01,0.018,0.0222,0.0177,0.0416,0.019,0.0422,0.0133,0.0537,0.0224,0.0535,0.0349,0.0008,0.0677,0.0196,0.0735,0.3406,1.187,3.246,6.8887,10.8933,12.9642,11.7739,9.1615,6.1762,4.5562,3.9285,3.4009,2.724,1.953,1.2844,0.7326,0.3548,0.1739,0.0797,0.0937,0.0512,0.0154,0.0131,0.0485,0.0212,0.0496,0.068,0.0155,0.0167,0.0536,100.0
0.001,0.0461,0.0535,0.0022,0.0742,0.0009,0.0064,0.026,0.0106,0.0026,0.0423,0.0006,0.0509,0.011,0.0209,0.026,0.0209,0.0441,0.0272,0.0327,0.0201,0.0242,0.0593,0.0221,0.0609,0.045,0.1256,0.3055,0.7657,1.6078,2.8698,4.3368,5.5963,6.1464,5.715,4.8598,3.442,2.2927,1.5652,1.1712,1.0555,0.9775,0.9133,0.8308,0.6984,0.5528,0.4086,0.3464,0.2131,0.1398,74.52
0.0458,0.0363,0.02,0.0136,0.0694,0.0211,0.0223,0.0169,0.0117,0.0085,0.0113,0.0082,0.0016,0.0453,0.0394,0.0307,0.0248,0.0218,0.039,0.0314,0.179,0.4377,1.2998,3.0704,6.0605,9.811,13.1348,14.5285,13.138,10.2969,6.3586,3.2866,1.4415,0.5724,0.2166,0.0962,0.0793,0.0869,0.0708,0.0406,0.017,0.0672,0.0177,0.0163,0.0114,0.0041,0.0364,0.0246,0.0547,0.0285,100.0
0.009,0.0594,0.0041,0.0169,0.0049,0.019,0.0124,0.0162,0.0191,0.0052,0.0692,0.0223,0.0097,0.0032,0.0339,0.1147,0.4528,1.3621,3.613,7.2392,11.0404,12.7213,11.1884,7.931,4.6922,3.083,2.9004,3.2715,3.4752,3.2091,2.43,1.6447,0.9586,0.4321,0.1912,0.0606,0.0435,0.0344,0.0506,0.0305,0.0595,0.0025,0.0093,0.0085,0.0089,0.0315,0.0027,0.0238,0.0133,0.0052,100.0
0.0503,0.0011,0.0227,0.0616,0.0392,0.0349,0.0108,0.015,0.0737,0.136,0.3711,0.9194,1.9958,3.5881,5.4769,7.0476,7.7079,7.227,6.0381,4.4519,3.1353,2.4001,2.0692,1.9593,1.7313,1.445,1.1472,0.766,0.5081,0.2933,0.1409,0.1064,0.0462,0.0147,0.0115,0.0312,0.0131,0.0038,0.0017,0.0386,0.0464,0.0258,0.0034,0.0203,0.0455,0.0216,0.0087,0.02,0.0202,0.0278,95.01
0.0438,0.0062,0.0039,0.0073,0.0694,0.0008,0.0101,0.021,0.0594,0.1178,0.3061,0.7969,1.6562,3.0106,4.6179,5.99,6.5505,6.0484,5.1452,3.5472,2.2529,1.5107,1.2126,1.1312,1.1123,1.0313,0.842,0.6801,0.4535,0.2922,0.1648,0.1092,0.0853,0.081,0.0117,0.0163,0.0219,0.0406,0.0264,0.0429,0.049,0.0587,0.0029,0.0121,0.0874,0.0434,0.0233,0.0606,0.0271,0.0097,78.28
0.0505,0.0644,0.0176,0.06,0.0629,0.0397,0.0014,0.0055,0.0537,0.0226,0.0089,0.0062,0.012,0.0311,0.0235,0.0362,0.0073,0.0184,0.027,0.0889,0.0173,0.0343,0.0461,0.2238,0.3839,0.95,1.7274,2.7982,3.7375,4.1852,3.8572,3.1806,2.1308,1.3728,0.9023,0.7226,0.5921,0.5496,0.465,0.3753,0.2699,0.187,0.119,0.0957,0.0574,0.0473,0.0389,0.0117,0.0241,0.0055,47.74
0.0078,0.0099,0.0264,0.01,0.0096,0.0079,0.0439,0.0357,0.0775,0.1963,0.5008,1.0565,1.8668,2.8658,3.6697,3.9996,3.6804,3.0168,2.001,1.175,0.5739,0.2746,0.1275,0.07,0.0422,0.0298,0.0275,0.0229,0.0803,0.0349,0.0829,0.0218,0.008,0.0444,0.0278,0.0599,0.0179,0.0594,0.0388,0.0328,0.0112,0.0027,0.0283,0.014,0.0129,0.0043,0.0098,0.0276,0.0268,0.031,41.48
0.0485,0.0103,0.0232,0.0222,0.0446,0.0335,0.0151,0.0326,0.0515,0.0157,0.0273,0.0367,0.0115,0.0254,0.0161,0.0259,0.0176,0.0388,0.0234,0.0048,0.0309,0.048,0.1572,0.5118,1.2163,2.2494,3.3076,3.7613,3.3508,2.477,1.5272,0.9544,0.6961,0.6545,0.5324,0.4059,0.2572,0.1532,0.0832,0.0298,0.0319,0.0292,0.0349,0.0348,0.0315,0.0065,0.0088,0.0305,0.0097,0.0691,40.5
0.013,0.0168,0.0168,0.0201,0.0216,0.055,0.0103,0.0186,0.0177,0.0154,0.0412,0.0381,0.02,0.0168,0.0005,0.0081,0.0447,0.012,0.003,0.0188,0.0206,0.0276,0.0024,0.0069,0.065,0.0136,0.0353,0.0355,0.1052,0.318,0.671,1.2623,2.1084,2.8986,3.2107,2.9924,2.414,1.6695,1.1287,0.6801,0.4634,0.3583,0.2356,0.1629,0.1622,0.0541,0.0504,0.0298,0.0699,0.0105,36.68
0.0409,0.0086,0.0594,0.0208,0.0217,0.0408,0.0306,0.0049,0.0172,0.0147,0.0333,0.1064,0.1486,0.4571,1.2203,2.6073,4.4778,6.2936,7.1207,6.5181,5.225,3.3714,2.0007,1.2108,0.8049,0.6029,0.4212,0.2964,0.1914,0.1695,0.0882,0.0762,0.041,0.0468,0.0197,0.0108,0.0548,0.0357,0.0096,0.0159,0.0178,0.0152,0.0639,0.0399,0.0446,0.0371,0.0575,0.0481,0.0264,0.045,75.23
0.0482,0.0147,0.0058,0.0479,0.0061,0.0202,0.0159,0.0339,0.0665,0.1331,0.3315,0.5459,0.9192,1.3256,1.7797,2.1483,2.2875,2.1526,1.9494,1.5072,1.0565,0.7019,0.4872,0.2914,0.2288,0.133,0.1279,0.0653,0.0707,0.0248,0.0366,0.0241,0.0077,0.0531,0.0359,0.0052,0.0219,0.0121,0.0012,0.011,0.0231,0.0431,0.024,0.0277,0.0277,0.0166,0.0342,0.051,0.0541,0.007,27.98
0.0184,0.0165,0.0061,0.0375,0.0092,0.0165,0.0218,0.0105,0.0081,0.0298,0.0021,0.0152,0.018,0.1405,0.4381,1.5118,3.6225,6.2027,7.4201,6.4027,4.525,2.722,1.8498,1.6117,1.3628,1.0347,0.6093,0.3345,0.1756,0.0892,0.0306,0.0359,0.0124,0.0209,0.0325,0.0139,0.0143,0.0188,0.0274,0.0125,0.0259,0.0061,0.0289,0.0418,0.0631,0.0454,0.0155,0.0183,0.0324,0.0222,79.01
0.0475,0.0427,0.0048,0.0119,0.0113,0.0605,0.0178,0.0079,0.0058,0.0384,0.0425,0.0269,0.0868,0.3181,1.1682,3.283,6.8405,10.6517,12.3622,10.6977,7.1496,3.5417,1.407,0.5084,0.1939,0.1268,0.1123,0.0689,0.0736,0.0381,0.0306,0.0421,0.0297,0.0216,0.0359,0.0136,0.032,0.0233,0.0216,0.0452,0.0364,0.0164,0.0547,0.0091,0.0855,0.007,0.0047,0.0791,0.0404,0.0217,100.0
0.0068,0.0387,0.0321,0.0281,0.0326,0.0044,0.0157,0.028,0.0359,0.0439,0.0355,0.0148,0.0087,0.0365,0.0075,0.0211,0.0578,0.0446,0.0682,0.1857,0.4334,0.9653,1.9166,3.2804,4.872,6.1202,6.7154,6.3928,5.6136,4.1644,2.8681,1.9481,1.3701,0.9934,0.7372,0.5233,0.3564,0.2664,0.1678,0.0975,0.0636,0.0694,0.0705,0.0283,0.0268,0.0195,0.0598,0.009,0.0263,0.0037,79.78
0.0499,0.0162,0.0435,0.0077,0.0255,0.0175,0.0033,0.0215,0.0583,0.2035,0.8086,2.6577,6.3011,10.5824,12.6103,10.6544,6.777,3.3994,2.1089,2.3502,2.9723,3.2595,2.9061,2.09,1.2031,0.5916,0.2341,0.0997,0.0281,0.0231,0.0287,0.0173,0.0146,0.0263,0.0529,0.0347,0.0295,0.0384,0.0043,0.0272,0.0079,0.0104,0.0129,0.0601,0.0132,0.0243,0.0229,0.0313,0.0496,0.0229,100.0
0.0073,0.0058,0.064,0.0074,0.0212,0.0085,0.0341,0.0377,0.0172,0.0338,0.0365,0.0129,0.0306,0.0114,0.0663,0.1481,0.4643,1.0762,2.1968,3.6813,5.0855,5.7515,5.4547,4.6022,3.2709,2.1844,1.5071,1.1146,0.8231,0.5977,0.4184,0.3276,0.1981,0.1541,0.0595,0.0893,0.0262,0.0424,0.0205,0.0513,0.0103,0.0299,0.0181,0.0258,0.0337,0.0228,0.024,0.0268,0.0333,0.036,67.01
0.0093,0.0205,0.0002,0.0458,0.0292,0.0586,0.0137,0.0033,0.0213,0.0196,0.0252,0.0662,0.0196,0.0695,0.0175,0.0203,0.0352,0.0005,0.0239,0.0215,0.0162,0.0097,0.0052,0.0177,0.0008,0.0388,0.0513,0.157,0.6175,1.7353,3.7029,5.8654,6.85,5.8672,3.8944,1.8646,0.6907,0.2174,0.0849,0.0749,0.0635,0.0597,0.0158,0.0275,0.0484,0.0247,0.014,0.0038,0.0295,0.0293,67.28
0.0453,0.0074,0.0275,0.0447,0.0379,0.0098,0.0411,0.0033,0.0196,0.0977,0.2672,0.6072,1.1965,1.8427,2.1194,1.8624,1.3094,0.7648,0.4068,0.2919,0.3276,0.373,0.3753,0.3408,0.2666,0.2265,0.1687,0.1134,0.0426,0.0507,0.0145,0.0248,0.0148,0.0203,0.058,0.0071,0.041,0.0064,0.0358,0.0148,0.0056,0.0065,0.0076,0.0205,0.0348,0.002,0.0999,0.0074,0.009,0.0295,24.42
0.0352,0.0143,0.0283,0.005,0.0401,0.0198,0.0367,0.0019,0.0564,0.0539,0.0049,0.0259,0.0485,0.0135,0.0399,0.0566,0.0099,0.0152,0.064,0.063,0.0173,0.028,0.0077,0.0454,0.0663,0.0039,0.0314,0.0118,0.0901,0.2989,0.8647,2.2036,4.2607,6.3643,7.409,6.7029,4.9788,3.1284,1.9811,1.4383,1.1188,0.9326,0.7049,0.5191,0.3185,0.2064,0.0965,0.0609,0.0399,0.0128,81.54
0.0087,0.02,0.0175,0.0613,0.0068,0.0595,0.0156,0.0029,0.0554,0.0309,0.0277,0.0726,0.0009,0.0374,0.0347,0.0719,0.0423,0.0975,0.0634,0.0064,0.0278,0.0138,0.0072,0.0263,0.0693,0.1279,0.389,0.9546,2.0339,3.6665,5.6991,7.3313,8.0766,7.5495,6.2805,4.4696,2.9482,1.8884,1.291,0.8405,0.566,0.3657,0.2151,0.1137,0.0613,0.0488,0.0471,0.0286,0.022,0.017,91.28
0.0361,0.0165,0.0083,0.0047,0.0321,0.029,0.0168,0.0596,0.0083,0.0232,0.0329,0.0434,0.0107,0.0109,0.0016,0.0229,0.0456,0.0498,0.0169,0.0462,0.0482,0.0782,0.2743,0.6231,1.366,2.4641,3.7802,5.0279,5.5252,5.2829,4.6266,3.4488,2.4156,1.671,1.168,0.8838,0.6013,0.4739,0.2735,0.1714,0.104,0.065,0.1011,0.0245,0.012,0.0458,0.0068,0.0535,0.0161,0.0266,63.94
0.025,0.0163,0.0378,0.0145,0.019,0.0142,0.003,0.0209,0.0726,0.0033,0.0313,0.0349,0.0044,0.001,0.0455,0.0326,0.0288,0.057,0.1624,0.4249,0.9997,2.1048,3.7264,5.6861,7.2512,7.9937,7.4719,6.2552,4.5475,3.0559,2.0037,1.4218,1.1239,0.9171,0.7358,0.5666,0.3914,0.2857,0.1832,0.0902,0.0605,0.0543,0.0263,0.006,0.0173,0.0173,0.0271,0.0066,0.0127,0.0106,93.55
0.0075,0.0044,0.0006,0.0455,0.02,0.0054,0.0301,0.0,0.0522,0.0108,0.006,0.0223,0.0621,0.0012,0.0154,0.0198,0.0022,0.0189,0.0242,0.0427,0.2697,1.2937,4.1221,8.3456,10.7914,9.1784,6.3559,4.2863,3.5476,2.914,2.027,1.1224,0.5199,0.2219,0.1384,0.0733,0.0574,0.0812,0.0604,0.0471,0.0364,0.0338,0.0262,0.0231,0.0485,0.0092,0.0124,0.0166,0.0123,0.0264,100.0
0.0067,0.0415,0.0142,0.006,0.0287,0.0201,0.0099,0.0385,0.0014,0.0545,0.051,0.0221,0.0171,0.0131,0.0034,0.005,0.0029,0.026,0.0005,0.0176,0.0116,0.0114,0.0128,0.0464,0.0559,0.159,0.3272,0.572,0.9591,1.4562,1.9988,2.3996,2.6299,2.5475,2.3267,1.8785,1.376,0.966,0.6657,0.4373,0.3128,0.2083,0.1239,0.0862,0.0779,0.0272,0.0466,0.047,0.0211,0.0244,30.46
0.0171,0.0486,0.0225,0.0177,0.022,0.0215,0.0131,0.0619,0.1339,0.3298,0.7491,1.4013,2.2479,2.9351,3.1947,2.9249,2.4153,1.5477,0.8411,0.4506,0.2654,0.0803,0.0702,0.0614,0.0469,0.0683,0.0111,0.0373,0.0094,0.0707,0.004,0.0268,0.0027,0.0097,0.0167,0.0188,0.0503,0.003,0.0734,0.0403,0.0027,0.0584,0.0332,0.0155,0.0062,0.0001,0.0225,0.0022,0.0084,0.0034,33.99
0.0383,0.0012,0.0515,0.0025,0.0099,0.0226,0.0047,0.056,0.0001,0.021,0.0226,0.0151,0.0083,0.0017,0.0151,0.0191,0.0085,0.0189,0.0038,0.0086,0.0011,0.003,0.006,0.0005,0.081,0.01,0.0238,0.0372,0.1122,0.4007,1.0128,2.2589,3.9643,5.6617,6.486,6.1138,4.9542,3.4781,2.3117,1.6283,1.2131,0.837,0.5123,0.3368,0.1925,0.1038,0.0448,0.056,0.0345,0.0101,73.21
0.0092,0.0276,0.0382,0.0429,0.0372,0.0342,0.0794,0.1744,0.3655,0.7199,1.2155,1.8924,2.6875,3.4287,4.0352,4.2734,4.1529,3.9513,3.249,2.5458,1.9194,1.4557,1.1266,0.8996,0.7762,0.637,0.5479,0.434,0.3783,0.2915,0.2026,0.169,0.0914,0.0796,0.0422,0.0381,0.0414,0.0571,0.0207,0.0545,0.0311,0.0374,0.0018,0.0404,0.0342,0.0006,0.0122,0.0395,0.0509,0.0255,59.3
0.0002,0.015,0.0061,0.0312,0.0118,0.0036,0.0278,0.0288,0.0071,0.0095,0.0609,0.1333,0.5178,1.3372,2.7047,4.2148,4.8322,4.1909,2.8842,1.4799,0.7421,0.5659,0.6891,0.8517,0.9272,0.8701,0.6263,0.4058,0.2368,0.088,0.0509,0.0598,0.0342,0.0551,0.0109,0.0072,0.0024,0.0013,0.0043,0.0726,0.0005,0.0669,0.022,0.0167,0.0647,0.0244,0.0171,0.0357,0.0059,0.0103,54.47
0.0029,0.0226,0.0205,0.0386,0.0442,0.0426,0.0275,0.0455,0.0181,0.0565,0.0096,0.0215,0.069,0.1699,0.4876,1.0114,2.013,3.4407,5.0502,6.3381,6.8328,6.3339,5.1849,3.5944,2.1143,1.0699,0.4956,0.2124,0.0775,0.0397,0.0308,0.0191,0.0157,0.0527,0.0184,0.0377,0.0225,0.0028,0.0121,0.0544,0.0169,0.0238,0.0096,0.0392,0.0175,0.0304,0.0518,0.0094,0.0159,0.0295,74.06
0.0048,0.0452,0.0123,0.0177,0.0031,0.0387,0.022,0.0328,0.0006,0.0102,0.0268,0.0317,0.0117,0.0252,0.0153,0.1091,0.0628,0.0165,0.023,0.0337,0.0149,0.0215,0.0568,0.0045,0.0547,0.0431,0.0446,0.2301,0.5506,1.4421,3.263,6.1339,9.6756,12.6919,14.0371,12.9955,10.9045,7.6873,5.1765,3.6788,2.8348,2.2713,1.7475,1.2619,0.8402,0.4403,0.2483,0.1127,0.0705,0.044,100.0
0.0506,0.037,0.0288,0.0227,0.0387,0.0199,0.0113,0.0182,0.0148,0.0136,0.081,0.0023,0.0281,0.0141,0.0237,0.0282,0.0109,0.0501,0.0265,0.0146,0.0064,0.0264,0.0059,0.0461,0.0952,0.5335,2.1835,6.2305,11.7669,14.6747,12.3617,8.1176,4.6736,3.5264,3.2654,2.8945,2.2304,1.4388,0.8609,0.3837,0.1781,0.1465,0.0423,0.0461,0.0285,0.0263,0.0216,0.0371,0.014,0.0419,100.0
0.0218,0.0107,0.01,0.0144,0.0086,0.0182,0.0078,0.0276,0.032,0.0344,0.0459,0.0218,0.0314,0.0365,0.0278,0.0098,0.0585,0.03,0.1155,0.2796,0.7352,1.667,3.2268,5.1863,6.9227,7.6162,7.0663,5.7554,3.9477,2.5404,1.8486,1.6015,1.5131,1.3357,1.0641,0.7617,0.4829,0.2335,0.1644,0.0994,0.038,0.0322,0.0326,0.0176,0.026,0.0666,0.0048,0.0202,0.0039,0.0697,89.39
0.0729,0.0326,0.0157,0.0084,0.0169,0.0293,0.0022,0.0239,0.093,0.0143,0.0052,0.0261,0.1174,0.2541,0.5587,1.1427,1.8338,2.4273,2.7082,2.4877,2.0318,1.3905,0.9884,0.6588,0.529,0.4469,0.3549,0.2946,0.164,0.1189,0.0692,0.0496,0.058,0.0495,0.0661,0.0374,0.0483,0.0132,0.0121,0.0076,0.0354,0.0214,0.0238,0.0458,0.014,0.0224,0.0075,0.0279,0.0473,0.0495,31.15
0.0267,0.0155,0.0066,0.0216,0.0122,0.0247,0.0105,0.0231,0.028,0.0484,0.0021,0.0172,0.0299,0.0498,0.0512,0.2023,0.5098,1.2134,2.3613,3.489,3.9873,3.4843,2.5624,1.4967,0.7575,0.4719,0.3605,0.2869,0.239,0.1489,0.103,0.0974,0.0543,0.036,0.0306,0.0488,0.0253,0.0038,0.0241,0.0195,0.0197,0.0255,0.0107,0.0006,0.0195,0.0496,0.0036,0.0277,0.0215,0.0038,43.17
0.0401,0.0554,0.0093,0.014,0.0029,0.0006,0.0045,0.0306,0.0004,0.024,0.0176,0.024,0.0863,0.2216,0.501,1.0686,2.0459,3.3976,4.8928,6.0672,6.5562,6.0823,5.0857,3.5637,2.1615,1.1416,0.5409,0.2648,0.1142,0.0593,0.0449,0.0171,0.0453,0.0267,0.0074,0.0581,0.0057,0.0516,0.008,0.0127,0.0469,0.0137,0.0197,0.0144,0.009,0.0598,0.0282,0.0329,0.0552,0.0127,73.35
0.025,0.0255,0.0491,0.0013,0.005,0.0215,0.0161,0.0464,0.0233,0.0176,0.0176,0.0041,0.046,0.0262,0.0182,0.0177,0.0264,0.0165,0.03,0.0325,0.0397,0.0264,0.0056,0.0007,0.028,0.056,0.0842,0.1297,0.3612,0.8955,1.71,2.7826,3.7311,4.1673,3.8534,2.9612,1.9158,1.1397,0.6409,0.4099,0.3536,0.2593,0.1899,0.1696,0.0789,0.071,0.0245,0.0127,0.0381,0.053,47.94
0.032,0.002,0.0083,0.0078,0.0116,0.0246,0.0301,0.0506,0.01,0.0416,0.014,0.07,0.0623,0.1646,0.3854,0.7854,1.4089,2.178,2.8431,3.0638,2.8235,2.4266,1.694,1.1421,0.8116,0.6403,0.5801,0.4993,0.3949,0.3183,0.1892,0.1632,0.09,0.0748,0.0164,0.0192,0.0282,0.0731,0.0058,0.0259,0.0253,0.012,0.0051,0.0011,0.0272,0.0071,0.0532,0.0097,0.086,0.0089,38.22
0.0318,0.0215,0.0347,0.0992,0.0045,0.0863,0.0035,0.0002,0.0749,0.0645,0.0786,0.5032,2.1745,6.2725,11.9581,15.2461,13.3676,9.4961,6.5047,5.2431,4.3104,3.0438,1.7745,0.8417,0.3508,0.1193,0.0519,0.0241,0.0571,0.0492,0.0388,0.0138,0.0208,0.0351,0.0459,0.0266,0.0076,0.0206,0.0393,0.0057,0.0557,0.0123,0.0725,0.0318,0.0454,0.007,0.0233,0.0643,0.0432,0.0223,100.0
0.0073,0.0259,0.0009,0.0308,0.0216,0.0008,0.0418,0.0413,0.1579,0.5207,1.4804,3.4172,6.2429,8.8606,10.0789,9.17,7.483,5.2406,4.0105,3.6987,3.4712,3.064,2.382,1.5259,0.8782,0.4285,0.2624,0.0889,0.049,0.0542,0.0848,0.0306,0.041,0.0472,0.0156,0.0221,0.0225,0.0283,0.0179,0.0044,0.0296,0.0164,0.0745,0.0083,0.0018,0.0065,0.0158,0.0121,0.0037,0.0018,100.0
0.0175,0.0015,0.0221,0.0258,0.0198,0.0065,0.0035,0.0224,0.027,0.0208,0.0632,0.0358,0.0458,0.0145,0.0071,0.0267,0.0585,0.0222,0.0162,0.0106,0.0288,0.022,0.0006,0.0248,0.0261,0.0668,0.2501,0.5932,1.4307,2.9628,4.9609,6.7891,7.5866,6.9655,5.5644,3.7275,2.448,1.7597,1.436,1.2042,0.9648,0.6916,0.4343,0.2288,0.1191,0.0767,0.0241,0.0383,0.0484,0.0388,85.01
0.0367,0.0407,0.0477,0.0163,0.0042,0.0197,0.0272,0.0247,0.0239,0.0267,0.0227,0.0399,0.0966,0.2519,0.6541,1.3467,2.3018,3.2101,3.5955,3.2704,2.4385,1.481,0.8754,0.4946,0.3638,0.3348,0.3806,0.3546,0.2687,0.1984,0.1265,0.1528,0.0805,0.0216,0.0269,0.0125,0.0286,0.0292,0.0452,0.0286,0.0301,0.0171,0.0325,0.0045,0.0155,0.0111,0.0037,0.0259,0.0025,0.0296,39.17
0.0268,0.0221,0.009,0.0417,0.0107,0.0453,0.013,0.0005,0.0266,0.0026,0.0061,0.0377,0.0065,0.0241,0.0176,0.0392,0.0372,0.0531,0.0116,0.0583,0.1161,0.2699,0.6056,1.2263,2.1167,3.1078,3.9052,4.2547,3.9132,3.3404,2.2807,1.3586,0.7157,0.3801,0.1502,0.0651,0.0333,0.0246,0.0168,0.0293,0.049,0.0476,0.0157,0.0209,0.024,0.0315,0.0311,0.0301,0.0185,0.0268,47.78
0.0539,0.0524,0.0159,0.0121,0.0077,0.0188,0.0588,0.0498,0.0248,0.0223,0.0041,0.0236,0.028,0.0415,0.0525,0.0468,0.0344,0.0107,0.0759,0.0997,0.3526,1.1109,2.5432,4.7355,6.8307,7.7941,6.9614,5.3571,3.4005,2.2436,1.7758,1.631,1.414,1.1972,0.724,0.4129,0.2065,0.1298,0.0692,0.0746,0.0662,0.0524,0.0394,0.0348,0.032,0.0126,0.0192,0.0639,0.0585,0.0013,89.98
0.0446,0.0135,0.0603,0.0065,0.0193,0.0062,0.0027,0.0019,0.0157,0.0364,0.0124,0.0136,0.0079,0.0372,0.0683,0.1092,0.2794,0.6618,1.3246,2.2528,3.3026,4.1664,4.5116,4.1599,3.5638,2.4996,1.4656,0.811,0.4299,0.214,0.0973,0.0794,0.0815,0.0562,0.0439,0.0876,0.0405,0.0376,0.0414,0.0248,0.0106,0.0376,0.0241,0.0446,0.0267,0.0429,0.0077,0.0369,0.0055,0.0298,50.59
0.029,0.017,0.006,0.0153,0.0477,0.0005,0.0176,0.0196,0.0045,0.0186,0.0484,0.0567,0.0926,0.1546,0.3364,0.6115,1.0903,1.7609,2.553,3.2757,3.8459,4.0614,3.8538,3.4238,2.639,1.8147,1.1508,0.6767,0.3427,0.1879,0.0799,0.0763,0.0294,0.0182,0.0384,0.0157,0.0296,0.0569,0.0086,0.0012,0.0261,0.0357,0.0157,0.019,0.0153,0.0251,0.0274,0.0201,0.0425,0.0175,47.2
0.0046,0.0134,0.0366,0.0118,0.0332,0.0154,0.03,0.0618,0.032,0.0088,0.0825,0.002,0.0019,0.0237,0.0015,0.0525,0.0397,0.0823,0.0884,0.2616,0.5913,1.3161,2.5274,4.2044,6.081,7.5834,8.2478,7.8547,6.7023,4.9901,3.4383,2.3134,1.6292,1.2599,0.9932,0.8213,0.6527,0.5076,0.346,0.2606,0.1627,0.0999,0.1056,0.042,0.0382,0.0168,0.0066,0.047,0.0237,0.0376,98.5
0.0377,0.0043,0.0345,0.0246,0.0211,0.0298,0.0005,0.0743,0.0247,0.0073,0.0245,0.0292,0.0101,0.0147,0.0502,0.044,0.019,0.0354,0.0202,0.0377,0.0169,0.0337,0.0142,0.0016,0.0216,0.0073,0.0368,0.193,0.6513,1.7927,3.7794,5.9447,6.9108,5.9643,4.0715,2.041,0.8256,0.2918,0.174,0.0932,0.0692,0.0602,0.0347,0.0485,0.0263,0.0437,0.021,0.0517,0.0577,0.0661,70.63
0.0075,0.0277,0.0165,0.053,0.0175,0.0282,0.0416,0.0396,0.018,0.0042,0.0235,0.0201,0.0126,0.0021,0.0153,0.0063,0.029,0.0118,0.0326,0.0262,0.0451,0.0256,0.0721,0.2151,0.4146,0.6908,1.1576,1.6445,2.0692,2.2014,2.0736,1.7385,1.3316,0.8553,0.5119,0.308,0.2129,0.1744,0.1158,0.1145,0.128,0.0466,0.0546,0.0383,0.0137,0.0134,0.0288,0.0391,0.0051,0.0472,28.6
0.0254,0.0155,0.0184,0.0244,0.0285,0.0364,0.0203,0.0324,0.0247,0.0005,0.04,0.0345,0.0467,0.0758,0.2079,0.9605,3.0405,7.0562,11.672,13.928,12.1425,8.7412,5.0837,3.2555,2.6086,2.1753,1.72,1.168,0.7341,0.3732,0.2259,0.12,0.0525,0.0514,0.0124,0.0418,0.0198,0.0309,0.0389,0.0251,0.0216,0.0223,0.0052,0.0211,0.0109,0.0024,0.0471,0.0231,0.0145,0.0836,100.0
0.0222,0.0507,0.0176,0.0329,0.0152,0.0198,0.0235,0.0161,0.0365,0.0729,0.1819,0.481,1.3224,2.9627,5.3211,7.5874,8.6094,7.844,6.2599,4.0214,2.4424,1.5864,1.1947,0.9384,0.758,0.5568,0.3574,0.2704,0.151,0.0757,0.0537,0.0373,0.0174,0.0497,0.0189,0.0279,0.0854,0.0045,0.0189,0.0436,0.015,0.0506,0.0267,0.0433,0.0063,0.039,0.0572,0.0341,0.0384,0.0423,93.24
0.0241,0.0151,0.001,0.005,0.0044,0.0177,0.02,0.0328,0.0546,0.0006,0.0156,0.0184,0.0343,0.0204,0.03,0.0037,0.0362,0.0447,0.0015,0.0343,0.0339,0.0033,0.0603,0.0031,0.0042,0.077,0.0135,0.0262,0.0557,0.1055,0.5092,2.0652,5.5781,10.2877,12.5209,10.2903,6.1328,2.7579,1.7405,2.2099,3.1424,4.0082,4.406,3.9964,3.0368,1.9313,1.0463,0.4906,0.1855,0.0919,100.0
0.0299,0.0019,0.0062,0.036,0.0401,0.0134,0.0122,0.005,0.0108,0.0456,0.038,0.0388,0.0282,0.0927,0.3021,0.9248,2.3453,4.4707,6.61,7.5305,6.6647,4.9771,2.7952,1.425,0.9459,0.9201,1.0162,1.0153,0.9427,0.773,0.5129,0.2924,0.1505,0.0915,0.0354,0.0246,0.0073,0.0223,0.0474,0.0828,0.0415,0.0059,0.0535,0.0601,0.0031,0.0053,0.0379,0.012,0.0045,0.0285,84.15
0.0279,0.0376,0.0017,0.0058,0.0146,0.035,0.0568,0.0854,0.191,0.4236,0.7346,1.1845,1.819,2.3803,2.859,3.1261,2.9378,2.6288,2.0688,1.5298,1.0389,0.7358,0.4825,0.3553,0.2576,0.1913,0.1203,0.0939,0.0559,0.0549,0.0989,0.0555,0.0198,0.0653,0.018,0.0027,0.0254,0.021,0.0083,0.0304,0.0288,0.0173,0.022,0.0727,0.0043,0.0281,0.0305,0.0261,0.0376,0.0007,40.44
0.0046,0.0087,0.0343,0.0222,0.0066,0.049,0.0059,0.038,0.0201,0.0283,0.0114,0.0297,0.0185,0.0558,0.1586,0.2421,0.5023,0.9425,1.5234,2.1466,2.6241,2.8444,2.6124,2.2669,1.6085,1.0431,0.5778,0.2973,0.1434,0.0589,0.0428,0.0402,0.057,0.0354,0.006,0.0422,0.0069,0.0093,0.0224,0.0415,0.0035,0.0635,0.0531,0.0128,0.0241,0.0573,0.0061,0.0438,0.0049,0.0011,34.58
0.0452,0.0273,0.0029,0.0309,0.013,0.04,0.0365,0.0388,0.0143,0.0443,0.0169,0.0189,0.0457,0.0054,0.0201,0.0435,0.007,0.0282,0.1284,0.2242,0.6501,1.7088,3.3948,5.2102,6.0224,5.3905,3.9399,2.3865,1.3622,0.8906,0.577,0.4138,0.2557,0.1562,0.1057,0.0809,0.0181,0.0576,0.0127,0.0316,0.0175,0.0307,0.0258,0.0253,0.0015,0.0466,0.0086,0.008,0.0538,0.0123,64.45
0.0349,0.0289,0.005,0.0728,0.0024,0.0335,0.0289,0.0443,0.0093,0.0044,0.0099,0.0226,0.0335,0.0143,0.0029,0.0356,0.0545,0.0419,0.0261,0.0325,0.0291,0.1046,0.4647,1.566,4.1236,8.2877,12.753,15.0497,13.8747,11.1061,7.4431,5.0211,3.6942,2.7747,1.9859,1.3131,0.7775,0.4508,0.2459,0.1033,0.0528,0.0281,0.0377,0.0184,0.0255,0.0107,0.0594,0.0059,0.0728,0.0125,100.0
0.027,0.0433,0.0297,0.0264,0.0118,0.0158,0.0056,0.0385,0.0028,0.0631,0.0377,0.0125,0.0394,0.0885,0.2076,0.3351,0.5456,0.948,1.3475,1.8258,2.1661,2.3308,2.2142,1.9939,1.5916,1.147,0.7857,0.5,0.331,0.172,0.1073,0.0661,0.075,0.0686,0.0347,0.0378,0.0285,0.016,0.0256,0.0191,0.044,0.0017,0.0235,0.0239,0.0194,0.0508,0.0111,0.0157,0.0421,0.0189,27.0
0.006,0.0427,0.0736,0.0437,0.0649,0.0019,0.0165,0.0138,0.0266,0.0384,0.0937,0.1377,0.5733,1.7935,4.1613,6.8994,8.191,6.9607,4.6575,2.4044,1.453,1.369,1.5604,1.6068,1.486,1.1614,0.7745,0.4564,0.2239,0.1551,0.0494,0.0456,0.0239,0.0079,0.0448,0.0687,0.0118,0.0123,0.0055,0.0524,0.0508,0.0086,0.0628,0.004,0.0372,0.0186,0.0063,0.04,0.0102,0.0248,86.03
0.0433,0.0145,0.0431,0.0021,0.0087,0.0083,0.0333,0.0183,0.0206,0.0249,0.0595,0.024,0.0265,0.0165,0.0024,0.0098,0.0068,0.0327,0.0484,0.0268,0.0408,0.0158,0.0125,0.0059,0.0338,0.0348,0.006,0.0488,0.0912,0.2953,1.3348,4.0041,7.8122,9.7295,7.8219,4.5195,1.8316,0.9478,0.9905,1.4174,1.8047,1.9575,1.7529,1.2906,0.826,0.4118,0.1742,0.0739,0.0335,0.0256,100.0
0.0148,0.0092,0.0002,0.0118,0.0054,0.0309,0.0419,0.0779,0.0339,0.0156,0.0155,0.0108,0.0157,0.0135,0.0086,0.0088,0.0362,0.0945,0.2677,0.5348,1.0103,1.6286,2.1432,2.3997,2.2641,1.8877,1.3313,0.8743,0.5362,0.3653,0.2397,0.1502,0.1096,0.0802,0.0306,0.0233,0.0318,0.0312,0.0073,0.0264,0.0211,0.0272,0.0206,0.0259,0.0489,0.0115,0.0341,0.02,0.0003,0.0127,26.95
0.0033,0.0321,0.0104,0.0065,0.0405,0.0252,0.0123,0.0003,0.0093,0.0273,0.0473,0.0251,0.0075,0.0146,0.0011,0.0137,0.0411,0.0002,0.0357,0.0528,0.0039,0.0013,0.0663,0.034,0.0185,0.0186,0.0287,0.0309,0.039,0.0606,0.29,1.0318,2.6459,4.6836,5.6755,4.8719,3.2069,1.7511,1.072,0.7456,0.5193,0.3231,0.1756,0.1171,0.0852,0.0556,0.0471,0.0046,0.0179,0.0182,57.75
0.0022,0.0313,0.0044,0.042,0.0186,0.0185,0.0149,0.0218,0.0365,0.0122,0.024,0.0096,0.0029,0.0088,0.0567,0.0274,0.0008,0.0423,0.015,0.0213,0.0351,0.0644,0.0021,0.0168,0.1205,0.4837,1.588,3.7197,6.1475,7.2836,6.1794,4.0333,2.0526,1.1691,1.1277,1.3203,1.4081,1.2642,0.9614,0.6111,0.298,0.1589,0.0771,0.0814,0.0283,0.0534,0.014,0.0406,0.0342,0.0398,77.69
0.061,0.0246,0.0205,0.0241,0.0188,0.0065,0.0156,0.0205,0.0038,0.0245,0.0644,0.0299,0.0451,0.0032,0.01,0.0098,0.0086,0.0086,0.0165,0.0318,0.0868,0.1134,0.2825,0.6649,1.2623,2.1299,3.0798,3.8835,4.2159,3.9894,3.4299,2.492,1.6077,0.9931,0.5681,0.3269,0.2467,0.1065,0.0661,0.0447,0.0443,0.0288,0.0677,0.0441,0.0694,0.0097,0.0367,0.0275,0.042,0.0066,47.53
0.0177,0.023,0.0013,0.0052,0.0569,0.0575,0.001,0.0095,0.0284,0.0106,0.0177,0.0104,0.028,0.0363,0.024,0.0275,0.0379,0.0125,0.0444,0.0113,0.0066,0.0002,0.001,0.0169,0.0553,0.0336,0.0837,0.232,0.59,0.9815,1.5201,2.0063,2.1594,1.9723,1.6109,1.0364,0.5565,0.2721,0.1162,0.0767,0.0398,0.0371,0.0395,0.0132,0.0081,0.0256,0.0134,0.0169,0.0228,0.011,24.91
0.0348,0.043,0.0128,0.033,0.0132,0.0745,0.0116,0.0098,0.0058,0.0045,0.0234,0.0043,0.0323,0.0094,0.0333,0.0103,0.0165,0.0016,0.0399,0.0045,0.0026,0.0533,0.0263,0.0172,0.0587,0.0149,0.0627,0.0629,0.3448,1.4851,4.6662,9.176,11.5275,9.1959,5.1459,2.0454,1.1449,1.5515,2.5404,3.4924,3.8961,3.4686,2.4479,1.3514,0.6248,0.2148,0.0798,0.026,0.0111,0.0132,100.0
0.0321,0.0254,0.0045,0.0056,0.0191,0.0077,0.039,0.0434,0.0382,0.0377,0.01,0.0179,0.0042,0.0316,0.0639,0.0225,0.0088,0.0102,0.0055,0.0408,0.0013,0.0266,0.0488,0.0165,0.0125,0.04,0.1029,0.2276,0.5473,1.1635,2.1187,3.2436,4.2491,4.7046,4.4487,3.7714,2.7797,1.9462,1.333,0.9879,0.7705,0.5966,0.4459,0.3178,0.2102,0.1376,0.0884,0.043,0.0328,0.011,53.4
0.0009,0.0019,0.0073,0.0178,0.0359,0.0187,0.0082,0.0051,0.0084,0.0002,0.0135,0.029,0.0142,0.0181,0.0049,0.0123,0.0176,0.0361,0.073,0.0173,0.028,0.1047,0.2061,0.5669,1.3343,2.5109,3.6575,4.1865,3.8182,3.025,1.9648,1.1985,0.727,0.4597,0.2937,0.1882,0.0994,0.0348,0.0446,0.022,0.0143,0.0266,0.0258,0.0268,0.011,0.02,0.0345,0.004,0.0161,0.0408,44.24
0.0189,0.0018,0.0552,0.0339,0.0827,0.0595,0.0158,0.0158,0.0191,0.0044,0.0759,0.0212,0.0075,0.0014,0.0007,0.0155,0.0091,0.1241,0.4471,1.4949,3.8438,6.7744,8.2021,6.8059,4.1295,1.802,1.0145,1.1114,1.5439,1.7323,1.5104,0.9965,0.5011,0.1981,0.0744,0.0233,0.0249,0.0084,0.0185,0.0679,0.0138,0.0107,0.0029,0.0053,0.0776,0.0136,0.054,0.0006,0.0094,0.0006,86.0
0.0198,0.0069,0.0127,0.0503,0.0302,0.0702,0.0197,0.0503,0.0237,0.0106,0.022,0.0153,0.0026,0.0273,0.0213,0.0501,0.0415,0.0582,0.03,0.0027,0.0121,0.0154,0.0056,0.0099,0.0773,0.2161,0.5255,1.4588,3.3115,6.3164,10.1089,13.4818,15.1212,14.3049,12.5654,9.3499,6.8338,5.2944,4.4526,3.922,3.3264,2.7652,2.0726,1.4386,0.9854,0.5705,0.3298,0.176,0.1341,0.0627,100.0
0.021,0.0463,0.0266,0.0139,0.0085,0.0128,0.0206,0.0302,0.0011,0.0348,0.0483,0.024,0.0016,0.012,0.0189,0.1042,0.2434,0.7075,1.5328,2.9661,4.6615,6.1756,6.8175,6.3735,5.3375,3.7286,2.3783,1.5697,1.0459,0.7374,0.5585,0.3881,0.2885,0.1975,0.1226,0.0587,0.0364,0.053,0.0348,0.05,0.0116,0.0082,0.0357,0.0327,0.0409,0.0346,0.0243,0.034,0.0182,0.046,78.53
0.0164,0.0537,0.0089,0.0048,0.0111,0.0477,0.0108,0.0123,0.0238,0.0022,0.0293,0.0309,0.0543,0.0042,0.0183,0.0103,0.0215,0.0198,0.0267,0.0018,0.0326,0.1149,0.5615,2.032,5.0732,8.8935,10.7354,8.9047,5.7015,2.48,0.9477,0.4138,0.2945,0.2065,0.1648,0.1432,0.1045,0.1034,0.0842,0.091,0.0851,0.04,0.0338,0.0379,0.0347,0.0558,0.0356,0.0178,0.026,0.0281,100.0
0.039,0.0517,0.0446,0.0136,0.0067,0.0059,0.0227,0.0527,0.0171,0.0336,0.0468,0.055,0.0352,0.0234,0.0926,0.1511,0.2964,0.5742,1.064,1.7335,2.4958,3.303,3.9532,4.1288,3.8931,3.45,2.5937,1.7764,1.0829,0.6306,0.3632,0.1517,0.1068,0.0464,0.063,0.0528,0.0092,0.0225,0.0128,0.0831,0.0587,0.0057,0.0197,0.0046,0.0082,0.038,0.0029,0.0401,0.0543,0.025,52.1
0.0168,0.0508,0.0207,0.0132,0.0092,0.0092,0.0185,0.021,0.0255,0.0019,0.0408,0.0121,0.0127,0.0065,0.056,0.0469,0.0665,0.0219,0.0215,0.0331,0.0385,0.0762,0.2141,0.6852,1.8427,3.9519,6.8539,9.5653,10.7392,9.7703,7.8442,5.2311,3.5804,3.0437,3.0894,3.0533,2.783,2.2296,1.5256,0.8912,0.5479,0.2701,0.1236,0.0434,0.0614,0.0222,0.0122,0.0338,0.0536,0.044,100.0
0.0339,0.0117,0.0196,0.0064,0.0213,0.0011,0.0219,0.0308,0.0144,0.0189,0.0056,0.041,0.0078,0.0091,0.0198,0.004,0.0025,0.0756,0.0005,0.0548,0.0366,0.0403,0.0335,0.0334,0.1143,0.4664,1.5291,4.0101,7.8177,11.7753,13.5039,11.8116,8.646,4.8214,2.6342,1.9327,2.1393,2.484,2.6008,2.3693,1.8948,1.2972,0.7191,0.3861,0.1652,0.1568,0.0735,0.0269,0.05,0.009,100.0
0.0033,0.0585,0.0185,0.0367,0.0115,0.0041,0.0049,0.0054,0.0011,0.023,0.037,0.0244,0.0093,0.027,0.0427,0.0591,0.0068,0.0149,0.0217,0.0175,0.0235,0.0286,0.0293,0.0603,0.0733,0.1805,0.3647,0.6261,1.017,1.4982,2.0329,2.3893,2.5483,2.5007,2.2503,1.7532,1.3275,0.9881,0.7551,0.5984,0.4663,0.3852,0.3201,0.2244,0.1469,0.1126,0.0791,0.0279,0.0678,0.0392,34.08
0.0297,0.0163,0.0148,0.0174,0.0247,0.0065,0.0131,0.0372,0.0096,0.0462,0.0273,0.0157,0.0388,0.0079,0.0118,0.0084,0.034,0.0188,0.0863,0.1843,0.5879,1.7268,3.9562,7.2376,10.4497,11.8828,10.741,8.3539,5.3955,3.5038,2.6889,2.3654,2.0634,1.6251,1.1894,0.7403,0.4147,0.2151,0.1117,0.0454,0.0452,0.0386,0.0033,0.027,0.0311,0.0147,0.0124,0.0273,0.0204,0.0528,100.0
0.0462,0.0358,0.0013,0.0042,0.0591,0.0312,0.0012,0.0318,0.0148,0.0505,0.0341,0.0176,0.0118,0.0007,0.0156,0.0348,0.0497,0.0577,0.0014,0.0727,0.012,0.0123,0.046,0.0368,0.1684,0.5612,1.583,3.333,5.3409,6.4139,5.8259,4.4734,2.986,2.0801,1.5541,1.0659,0.6881,0.3504,0.1599,0.0763,0.0468,0.0816,0.04,0.0184,0.0129,0.0376,0.0389,0.0055,0.0123,0.0127,66.21
0.0477,0.0182,0.0168,0.036,0.0225,0.0001,0.0064,0.0377,0.0013,0.0788,0.0049,0.0019,0.0073,0.0469,0.0067,0.0312,0.0244,0.0215,0.0604,0.0015,0.0245,0.0057,0.0282,0.0186,0.0823,0.0224,0.0182,0.1327,0.5224,1.8678,4.6835,8.3329,10.1207,8.3542,5.3886,2.6007,1.5894,1.5947,1.9359,2.0585,1.8406,1.3576,0.8325,0.4168,0.2144,0.0907,0.0312,0.0227,0.0474,0.0097,100.0
0.0058,0.0019,0.0374,0.0093,0.0163,0.0315,0.0372,0.0431,0.0674,0.1264,0.466,1.3654,2.8869,4.5726,5.3161,4.6255,3.1704,1.6865,0.965,0.8569,0.9878,1.1613,1.1898,1.111,0.9345,0.6702,0.4105,0.2348,0.1549,0.0622,0.0204,0.0156,0.0301,0.0064,0.0152,0.01,0.0394,0.0454,0.0338,0.0199,0.0171,0.0278,0.0624,0.0239,0.0314,0.0017,0.0349,0.0186,0.0212,0.0215,58.15
0.0032,0.0199,0.0463,0.0055,0.0032,0.0381,0.0281,0.0366,0.0216,0.01,0.0369,0.0045,0.0179,0.0437,0.0206,0.0372,0.031,0.0098,0.0129,0.0348,0.0044,0.0028,0.0221,0.0389,0.0646,0.0734,0.1788,0.2798,0.6282,1.0847,1.7884,2.6177,3.4774,4.1787,4.4825,4.2512,3.9559,3.1103,2.301,1.6487,1.1182,0.7886,0.6047,0.5048,0.3591,0.2895,0.2273,0.1732,0.1225,0.1145,53.2
0.0427,0.0146,0.0036,0.0055,0.0576,0.0245,0.0374,0.0812,0.0823,0.1811,0.4306,0.7423,1.3063,2.0304,2.9154,3.7795,4.396,4.6602,4.4942,4.1103,3.393,2.5899,1.9754,1.4396,1.1729,0.932,0.8387,0.7238,0.6125,0.4982,0.4002,0.3012,0.2124,0.1686,0.1367,0.0935,0.047,0.0254,0.0199,0.0158,0.0386,0.0522,0.0188,0.0126,0.0223,0.011,0.0641,0.0556,0.0228,0.057,63.36
0.0212,0.0351,0.0017,0.0104,0.0058,0.0198,0.0307,0.0043,0.0353,0.0221,0.0888,0.2561,0.5923,1.124,1.834,2.4619,2.7204,2.4949,2.0334,1.3356,0.8513,0.506,0.4263,0.3091,0.2312,0.1771,0.1123,0.0693,0.0501,0.0414,0.013,0.0466,0.0097,0.0055,0.039,0.0125,0.0096,0.0143,0.0091,0.0225,0.0058,0.0064,0.0122,0.0177,0.0403,0.0614,0.0264,0.0187,0.0226,0.0079,28.52
0.0245,0.0255,0.0066,0.0241,0.048,0.054,0.0613,0.0214,0.0573,0.1731,0.6337,1.8919,4.5513,8.539,12.6528,14.7912,14.0197,11.8707,8.5492,6.0712,4.5306,3.3997,2.4595,1.6413,1.0264,0.5452,0.2777,0.1517,0.1249,0.0758,0.0358,0.0261,0.0293,0.0272,0.0209,0.0141,0.0081,0.025,0.0711,0.0493,0.0685,0.0342,0.0082,0.0213,0.0907,0.0015,0.0243,0.0302,0.0212,0.0093,100.0
0.0118,0.031,0.0267,0.013,0.0039,0.0147,0.0064,0.0211,0.0263,0.0523,0.0256,0.0069,0.0007,0.0201,0.0274,0.0594,0.0057,0.0031,0.029,0.0737,0.0741,0.2796,0.7273,1.6947,3.2192,5.1578,6.8742,7.5888,6.8613,5.4444,3.4021,1.821,0.8078,0.3374,0.1525,0.1012,0.0488,0.0528,0.0262,0.0359,0.0343,0.0207,0.0447,0.05,0.0367,0.0092,0.0142,0.0218,0.0092,0.0347,81.62
0.0096,0.0154,0.0108,0.0124,0.0419,0.0623,0.0239,0.0462,0.0368,0.0191,0.0365,0.0209,0.0109,0.03,0.0376,0.0056,0.0361,0.0319,0.0036,0.0296,0.0153,0.0541,0.0364,0.1006,0.3203,0.6506,1.3152,2.3685,3.7676,5.2968,6.4971,7.0657,6.8008,6.1869,4.7992,3.4436,2.4285,1.7069,1.2776,0.9805,0.7408,0.5569,0.436,0.3046,0.2055,0.1389,0.1049,0.0729,0.0344,0.0382,89.08
0.0177,0.0225,0.0082,0.0516,0.0295,0.013,0.0414,0.0291,0.0586,0.0894,0.1521,0.4004,0.9846,2.0528,3.6625,5.4343,6.9867,7.5424,7.0116,5.8856,3.9247,2.2824,1.1395,0.517,0.2279,0.1046,0.08,0.0569,0.0737,0.0442,0.0528,0.0365,0.0161,0.0409,0.0202,0.0299,0.0146,0.0226,0.0693,0.0401,0.0391,0.007,0.0561,0.0211,0.0278,0.005,0.0112,0.0054,0.0021,0.0408,84.2
0.0137,0.035,0.0117,0.0379,0.0362,0.0041,0.0042,0.019,0.0185,0.0254,0.0295,0.0235,0.0238,0.0171,0.0039,0.0053,0.0363,0.0112,0.0111,0.0241,0.0198,0.0072,0.0245,0.0256,0.0464,0.0222,0.0591,0.1938,0.3254,0.6249,1.0916,1.6731,2.2986,2.7596,2.9561,2.8242,2.5505,1.9549,1.3824,0.9387,0.6215,0.4629,0.319,0.2562,0.1799,0.1247,0.1027,0.0691,0.0684,0.0342,38.14
0.0377,0.022,0.0267,0.0083,0.0327,0.0036,0.0063,0.0115,0.0458,0.0437,0.0939,0.3293,0.7783,1.8459,3.5807,5.6591,7.588,8.5606,8.152,7.1884,5.3502,3.8685,2.912,2.2568,1.7903,1.3307,0.923,0.6654,0.3705,0.2167,0.1365,0.0675,0.0263,0.0437,0.0568,0.0485,0.0206,0.057,0.0027,0.0797,0.0059,0.0184,0.0429,0.039,0.0158,0.0046,0.0157,0.0247,0.0047,0.0334,100.0
0.0015,0.0379,0.0278,0.0025,0.0524,0.0171,0.0575,0.0655,0.0354,0.0245,0.019,0.0138,0.0494,0.033,0.0144,0.0165,0.0294,0.0681,0.1645,0.6556,2.0055,4.2885,6.8895,8.0922,6.9506,4.9707,2.7164,1.6516,1.5002,1.7635,2.0419,2.1186,1.9735,1.6246,1.167,0.749,0.4202,0.2272,0.1121,0.0572,0.0483,0.0199,0.0286,0.0507,0.0346,0.0044,0.0095,0.0339,0.0163,0.0428,92.46
0.0092,0.0079,0.0442,0.0746,0.0336,0.0237,0.0137,0.1001,0.0385,0.0309,0.0159,0.0102,0.0432,0.1688,0.5942,1.7156,3.9705,7.3224,10.6732,12.3141,11.4385,9.1133,6.1533,3.9999,2.7156,1.9026,1.2831,0.7732,0.4691,0.2504,0.1445,0.0502,0.0291,0.015,0.0265,0.006,0.0248,0.023,0.016,0.0281,0.0238,0.0417,0.0155,0.0396,0.0256,0.0221,0.0059,0.0112,0.0669,0.0049,100.0
0.0283,0.0277,0.007,0.0048,0.0607,0.003,0.0133,0.0194,0.0518,0.0246,0.0704,0.0002,0.0061,0.0672,0.0549,0.027,0.0041,0.0059,0.0165,0.0024,0.0378,0.0107,0.0699,0.0028,0.0305,0.0923,0.3005,0.8125,2.1411,4.4451,7.6013,10.5031,11.6947,10.6173,8.6622,5.6675,3.598,2.6543,2.3108,2.1995,1.9747,1.6416,1.1918,0.7948,0.4871,0.2405,0.1309,0.0648,0.0489,0.0339,100.0
0.0044,0.0211,0.0006,0.0419,0.0112,0.0274,0.0567,0.1365,0.3567,0.7064,1.4559,2.5927,4.1531,5.7681,7.0918,7.5955,7.2167,6.4417,4.9472,3.6457,2.7232,2.2449,2.0647,1.9436,1.78,1.5052,1.1938,0.8741,0.6149,0.4023,0.1964,0.0968,0.0497,0.0527,0.0475,0.057,0.0161,0.0402,0.0534,0.0137,0.025,0.0075,0.0089,0.0159,0.0314,0.0345,0.0552,0.0482,0.0263,0.0022,100.0
0.037,0.0101,0.0244,0.0899,0.0032,0.019,0.0052,0.0074,0.0157,0.0133,0.0377,0.0202,0.024,0.0596,0.0584,0.1752,0.3968,0.8627,1.7151,2.8537,3.8036,4.2202,3.8558,3.1441,2.021,1.2154,0.6967,0.4632,0.3637,0.2586,0.1821,0.1483,0.1145,0.0393,0.0438,0.0388,0.0311,0.0214,0.0257,0.0301,0.0486,0.0542,0.0399,0.0023,0.0212,0.09,0.0403,0.0044,0.0474,0.0033,48.57
0.018,0.033,0.041,0.0124,0.0277,0.0515,0.0192,0.0854,0.014,0.0217,0.0043,0.0414,0.011,0.004,0.0048,0.0119,0.0682,0.1843,0.5509,1.3513,2.7674,4.6018,6.2244,6.9709,6.5158,5.5128,3.8886,2.6152,1.8557,1.428,1.0279,0.7344,0.4839,0.3059,0.1881,0.1061,0.0577,0.0463,0.0363,0.0282,0.0296,0.0283,0.0474,0.0128,0.0174,0.0648,0.0226,0.0031,0.0324,0.0292,79.63
0.0155,0.007,0.0434,0.0084,0.0023,0.0128,0.0212,0.0049,0.0311,0.0329,0.0729,0.064,0.1285,0.2896,0.5518,1.0225,1.7004,2.5732,3.4244,4.1343,4.3528,4.1855,3.6558,2.8125,2.0137,1.2913,0.7769,0.4748,0.3214,0.1695,0.1057,0.103,0.0821,0.0361,0.0379,0.012,0.038,0.0045,0.0028,0.0283,0.0474,0.056,0.0342,0.042,0.0048,0.0031,0.0083,0.0123,0.0115,0.0246,53.7
0.0036,0.0047,0.0281,0.0139,0.0022,0.0011,0.0104,0.0141,0.0246,0.0323,0.0132,0.0276,0.105,0.4218,1.3677,3.4922,6.0308,7.2341,6.0148,3.8543,1.8176,0.9562,0.9669,1.3232,1.6541,1.7648,1.6335,1.2039,0.7767,0.4288,0.2347,0.0884,0.1007,0.0293,0.0586,0.0312,0.0132,0.0285,0.0045,0.0123,0.0245,0.0589,0.0108,0.0169,0.0068,0.0765,0.0047,0.0184,0.0348,0.0551,79.26
0.0196,0.0119,0.0004,0.0351,0.004,0.0145,0.0162,0.0517,0.0302,0.0299,0.1017,0.2322,0.5901,1.2971,2.3125,3.4787,4.501,4.9146,4.5455,3.8149,2.6873,1.7517,1.2367,0.9715,0.9284,0.8706,0.8615,0.7229,0.5065,0.3554,0.2099,0.1275,0.0809,0.0468,0.0185,0.0412,0.0057,0.0147,0.0163,0.0113,0.0559,0.0079,0.0703,0.0332,0.0391,0.002,0.0184,0.0399,0.0044,0.0437,58.69
0.0024,0.0303,0.0102,0.0472,0.003,0.0454,0.0011,0.0822,0.0116,0.006,0.0549,0.0504,0.0293,0.022,0.0272,0.0011,0.0193,0.003,0.0061,0.036,0.0153,0.0133,0.0013,0.0025,0.0581,0.022,0.0262,0.0096,0.0324,0.1238,0.3894,0.9307,1.8101,2.6999,3.1046,2.8652,2.1651,1.3368,0.8148,0.5599,0.4211,0.3414,0.2249,0.1423,0.0786,0.0566,0.0736,0.031,0.0113,0.0394,31.29
0.0092,0.0208,0.0385,0.0164,0.022,0.0191,0.0366,0.0105,0.054,0.0021,0.0304,0.0217,0.009,0.0102,0.0042,0.0211,0.011,0.0119,0.0004,0.0281,0.0057,0.0024,0.0112,0.0049,0.0236,0.027,0.0269,0.0525,0.0947,0.309,0.7109,1.3788,2.0313,2.3386,2.0923,1.5928,0.9394,0.5172,0.3391,0.2791,0.2689,0.2161,0.1569,0.1084,0.069,0.0547,0.0348,0.0695,0.0094,0.0403,25.1
0.0361,0.0477,0.0198,0.0148,0.0141,0.0185,0.0573,0.0179,0.039,0.0275,0.0464,0.0241,0.0494,0.0366,0.0271,0.0331,0.0076,0.0318,0.0243,0.0229,0.1138,0.1657,0.283,0.6192,1.049,1.5516,1.9546,2.1401,1.957,1.6005,1.0872,0.6461,0.3515,0.1668,0.0676,0.0492,0.0196,0.0336,0.0593,0.041,0.0404,0.0142,0.0413,0.013,0.0127,0.0375,0.033,0.0296,0.0187,0.0157,25.79
0.0315,0.0081,0.0013,0.0001,0.0156,0.0174,0.0325,0.0155,0.0277,0.0734,0.2091,0.7632,2.0997,4.7522,8.5299,12.0786,13.5767,12.1375,9.2729,5.5185,3.0435,2.0813,2.1036,2.4409,2.5798,2.3213,1.7733,1.1231,0.6231,0.2821,0.1561,0.0778,0.0219,0.0446,0.0402,0.0347,0.0164,0.0396,0.0496,0.0338,0.0067,0.0013,0.0134,0.006,0.0239,0.0124,0.0589,0.0802,0.0469,0.0144,100.0
0.0239,0.022,0.0166,0.0645,0.0542,0.0224,0.0288,0.0268,0.0072,0.0646,0.0086,0.0253,0.0242,0.0075,0.0149,0.001,0.0025,0.0563,0.0456,0.0295,0.0286,0.0099,0.0033,0.0438,0.0083,0.0183,0.0151,0.0382,0.1258,0.414,0.8974,1.8522,3.1518,4.1787,4.6521,4.3027,3.6119,2.4273,1.5081,0.9938,0.6792,0.5102,0.4221,0.3182,0.2164,0.1268,0.0845,0.0728,0.0633,0.0384,51.76
0.0329,0.01,0.0063,0.0177,0.0247,0.0378,0.016,0.034,0.0208,0.0435,0.0392,0.0319,0.0127,0.041,0.0622,0.0496,0.072,0.1935,0.4078,0.9416,1.7028,2.8528,4.1514,5.2671,5.7479,5.5608,4.9755,3.889,2.8948,2.1408,1.6161,1.2556,0.9818,0.7475,0.546,0.3721,0.2664,0.1812,0.0835,0.0676,0.0461,0.0814,0.0124,0.0357,0.0059,0.0136,0.0185,0.0011,0.0573,0.0293,72.16
0.0027,0.0422,0.0461,0.0017,0.0421,0.0501,0.0134,0.0147,0.0264,0.0211,0.0004,0.0216,0.0021,0.0114,0.005,0.0263,0.0252,0.0387,0.0253,0.0086,0.0223,0.0599,0.2275,0.6743,1.8374,3.9597,6.88,9.7316,11.1556,10.5631,9.0701,6.5036,4.4771,3.1192,2.2164,1.516,0.972,0.5932,0.3313,0.1624,0.1254,0.0588,0.0821,0.0451,0.0401,0.0367,0.011,0.0343,0.0301,0.0506,100.0
0.0037,0.0155,0.0411,0.0208,0.0069,0.0406,0.0251,0.0249,0.0156,0.0012,0.0298,0.0217,0.0087,0.0427,0.0039,0.0162,0.0296,0.0427,0.0445,0.0778,0.1281,0.4305,1.1116,2.4324,4.3031,6.0908,6.977,6.5193,5.2831,3.7341,2.6163,1.9923,1.6584,1.3307,0.9835,0.7013,0.4326,0.2331,0.1598,0.0603,0.0321,0.0428,0.0481,0.0163,0.0105,0.0355,0.0227,0.0351,0.0265,0.0052,80.18
0.0152,0.0257,0.0027,0.0051,0.0069,0.0024,0.0103,0.0658,0.0771,0.0204,0.0753,0.041,0.0842,0.2588,0.5653,1.1621,2.0883,3.129,3.9945,4.3256,3.9941,3.3277,2.333,1.5088,1.0027,0.7745,0.6489,0.6174,0.5458,0.4639,0.3764,0.2694,0.2297,0.1146,0.0675,0.1001,0.0327,0.0124,0.033,0.0055,0.0256,0.0331,0.0058,0.0291,0.0261,0.0061,0.0291,0.0349,0.0114,0.0235,50.89
0.0378,0.0012,0.0368,0.0338,0.0129,0.0385,0.0132,0.0154,0.0192,0.0252,0.0956,0.243,0.5285,1.1508,2.1971,3.589,5.0556,6.2369,6.7617,6.4877,5.8313,4.4358,3.2576,2.3515,1.7506,1.3339,1.0334,0.731,0.4931,0.3218,0.1784,0.088,0.0956,0.04,0.0685,0.0432,0.0066,0.0292,0.003,0.0065,0.0129,0.0137,0.0032,0.0017,0.0358,0.0022,0.0473,0.0127,0.0372,0.0046,82.43
0.0402,0.0042,0.0213,0.0187,0.0046,0.046,0.0522,0.0201,0.0579,0.0293,0.054,0.0146,0.0128,0.0034,0.0718,0.0326,0.0279,0.0359,0.0812,0.032,0.0181,0.0041,0.0157,0.0707,0.0857,0.2211,0.5453,1.0903,1.996,3.107,4.3888,5.3422,5.6964,5.4247,4.8285,3.698,2.6983,2.0312,1.6969,1.5961,1.483,1.3158,1.1388,0.8637,0.6088,0.3956,0.2296,0.155,0.0824,0.0579,73.74
0.0195,0.0361,0.0476,0.0317,0.0097,0.0462,0.0422,0.0411,0.0202,0.0276,0.01,0.045,0.0154,0.0594,0.0236,0.0539,0.0139,0.0124,0.0322,0.0495,0.1648,0.6436,1.7434,3.833,6.1384,7.1894,6.1356,4.1341,1.99,0.7873,0.304,0.1671,0.12,0.1171,0.073,0.0647,0.0872,0.0476,0.0438,0.0343,0.0805,0.083,0.035,0.0306,0.0236,0.0112,0.0213,0.0298,0.0248,0.0114,71.3
0.0328,0.0215,0.0169,0.0449,0.0162,0.024,0.0309,0.0046,0.0415,0.0202,0.0277,0.0937,0.0511,0.1818,0.5092,1.2857,2.5891,4.3344,5.9267,6.6293,6.0558,4.9969,3.3749,2.1074,1.4806,1.1424,0.9335,0.797,0.5425,0.334,0.2091,0.1213,0.0743,0.069,0.029,0.0259,0.0308,0.0264,0.0437,0.0161,0.0392,0.018,0.0049,0.0427,0.0509,0.0277,0.0442,0.0128,0.0637,0.0467,73.93
0.0235,0.0047,0.0413,0.0316,0.0272,0.0094,0.0098,0.0104,0.0039,0.0268,0.0256,0.0211,0.0899,0.0546,0.1598,0.4207,0.9721,1.9063,3.1726,4.6125,5.7912,6.2658,5.8799,5.1071,3.6562,2.4139,1.5922,1.1221,0.9118,0.8389,0.7693,0.6616,0.5314,0.3938,0.2986,0.1622,0.1121,0.0522,0.0428,0.0473,0.0111,0.014,0.0368,0.0051,0.0628,0.0142,0.0605,0.0297,0.0158,0.0195,77.25
0.0143,0.0087,0.0195,0.0281,0.0197,0.0505,0.0299,0.0404,0.0285,0.0178,0.0003,0.0114,0.0654,0.2461,1.4288,4.8542,10.1814,13.0812,10.2063,5.1441,1.6492,0.5298,0.6327,1.4539,2.5826,3.0859,2.4962,1.3782,0.5074,0.1492,0.0294,0.036,0.0134,0.0288,0.0337,0.0074,0.004,0.0382,0.0073,0.0532,0.041,0.0043,0.0057,0.0188,0.0246,0.0507,0.0005,0.0327,0.0005,0.0094,100.0
0.0315,0.0015,0.0034,0.0285,0.03,0.0873,0.0193,0.0008,0.0393,0.0264,0.0674,0.0167,0.033,0.0541,0.0249,0.0557,0.0197,0.0074,0.0412,0.0023,0.0218,0.0045,0.0237,0.0072,0.0038,0.0746,0.0755,0.2904,0.7439,1.776,3.4361,5.5484,7.4541,8.2953,7.7426,6.3126,4.4986,3.1182,2.3324,1.9542,1.6731,1.3322,0.9802,0.6559,0.3976,0.2096,0.1197,0.0491,0.0809,0.0624,100.0
0.0,0.0285,0.0104,0.0017,0.0136,0.074,0.0076,0.016,0.0495,0.0592,0.0049,0.0223,0.0257,0.0139,0.0202,0.0181,0.0298,0.0356,0.0077,0.0273,0.0521,0.1357,0.3429,0.6697,1.254,2.0821,2.9612,3.701,3.9995,3.7389,3.2941,2.4598,1.7283,1.2246,0.9554,0.7622,0.6444,0.5352,0.3923,0.2905,0.1676,0.1438,0.063,0.031,0.0146,0.0435,0.0182,0.0107,0.003,0.057,48.87
0.0746,0.0176,0.0257,0.0134,0.0178,0.0012,0.0322,0.0001,0.0879,0.0554,0.0016,0.0048,0.0295,0.0248,0.0143,0.0306,0.0814,0.2179,0.4712,1.0733,2.1851,3.6849,5.447,6.9189,7.6676,7.4055,6.4908,4.9822,3.5478,2.4144,1.572,1.0309,0.6143,0.3491,0.1958,0.1187,0.0806,0.0251,0.0159,0.0139,0.0157,0.0567,0.017,0.0624,0.0407,0.0532,0.0339,0.0191,0.014,0.0507,93.37
0.0088,0.0317,0.0124,0.0239,0.0208,0.0066,0.0519,0.02,0.0498,0.0255,0.0119,0.0224,0.0004,0.0386,0.017,0.0499,0.0089,0.0235,0.0089,0.0057,0.0295,0.0927,0.2337,0.5852,1.2483,2.2883,3.1785,3.5987,3.2393,2.5241,1.5766,1.0132,0.7558,0.6765,0.6429,0.5947,0.5138,0.3926,0.2868,0.1841,0.1141,0.0757,0.0384,0.0476,0.0266,0.0306,0.0066,0.029,0.025,0.0101,42.59
0.0836,0.0295,0.0351,0.023,0.0684,0.0064,0.0014,0.0288,0.047,0.015,0.0232,0.0298,0.0092,0.0013,0.025,0.0167,0.0091,0.0209,0.0211,0.0672,0.1413,0.3269,0.7057,1.2543,1.9796,2.7709,3.363,3.5904,3.3549,2.8956,2.0974,1.3504,0.7436,0.4004,0.1766,0.1039,0.0844,0.077,0.0302,0.0331,0.0128,0.0149,0.0508,0.0044,0.028,0.0096,0.0027,0.0591,0.028,0.0089,41.35
0.0503,0.0009,0.01,0.0013,0.0121,0.0011,0.0589,0.0464,0.0105,0.047,0.0104,0.0216,0.0433,0.0235,0.017,0.0193,0.0117,0.0144,0.0011,0.0118,0.005,0.0252,0.0519,0.1449,0.206,0.5152,0.9639,1.6255,2.405,3.0353,3.2507,3.0526,2.5863,1.7723,1.0661,0.5885,0.2848,0.1188,0.0762,0.1459,0.0518,0.0644,0.028,0.0087,0.0694,0.0343,0.0185,0.0236,0.047,0.0457,37.38
0.0039,0.0103,0.0106,0.0057,0.0137,0.0042,0.0125,0.0028,0.0198,0.0001,0.0214,0.0234,0.0101,0.0036,0.0011,0.0275,0.015,0.0059,0.0035,0.0183,0.0024,0.0314,0.0149,0.0586,0.2498,0.8628,2.2672,5.0518,8.8821,12.481,13.9971,12.494,9.2502,5.2612,2.4475,0.9437,0.3363,0.167,0.0709,0.0848,0.0555,0.0365,0.0192,0.0258,0.0198,0.007,0.0086,0.0212,0.0382,0.0442,100.0
0.0263,0.0533,0.0067,0.0051,0.0118,0.0297,0.001,0.0036,0.0221,0.0263,0.0276,0.0509,0.0143,0.0239,0.0066,0.0016,0.0349,0.0211,0.018,0.0149,0.035,0.0388,0.0419,0.0302,0.0246,0.0471,0.0169,0.0423,0.2649,0.968,2.9092,6.2588,9.9821,11.7087,9.9949,6.8625,3.3048,1.3284,0.5045,0.2837,0.1797,0.1398,0.1012,0.0905,0.0633,0.0503,0.0585,0.0404,0.089,0.0533,100.0
0.071,0.0023,0.0268,0.0156,0.0306,0.0018,0.0049,0.0227,0.016,0.0086,0.0201,0.0009,0.0573,0.0208,0.0189,0.0015,0.0263,0.01,0.0139,0.0834,0.4101,1.6875,4.921,9.2728,11.4046,9.2064,5.4565,2.1863,0.9662,1.0509,1.7372,2.4388,2.7491,2.3703,1.5979,0.821,0.346,0.1248,0.0659,0.0358,0.0091,0.0204,0.0294,0.0105,0.0544,0.0084,0.0044,0.0368,0.0031,0.0451,100.0
0.0706,0.0353,0.0274,0.0285,0.0573,0.0199,0.0177,0.0252,0.0523,0.0004,0.0011,0.0166,0.0171,0.1,0.0194,0.0424,0.012,0.0087,0.0005,0.0624,0.0095,0.0343,0.0466,0.0402,0.11,0.2606,0.6192,1.3478,2.5935,4.0242,5.3001,5.8788,5.5139,4.7357,3.3265,2.1969,1.5093,1.0643,0.8251,0.6316,0.5053,0.342,0.2516,0.1864,0.1304,0.0567,0.0547,0.0221,0.0415,0.0094,68.16
0.0218,0.0662,0.022,0.0218,0.0356,0.0334,0.0068,0.0038,0.0313,0.0179,0.0036,0.0166,0.0556,0.0074,0.0159,0.0472,0.037,0.0076,0.0102,0.03,0.019,0.0636,0.0763,0.1609,0.3754,0.8976,1.9341,3.4184,5.1539,6.6824,7.3104,6.7869,5.8417,4.1662,2.882,2.1023,1.7789,1.7216,1.647,1.5651,1.3474,1.0903,0.8035,0.5523,0.3714,0.2301,0.1479,0.1215,0.0296,0.0188,90.22
0.0147,0.0288,0.009,0.0522,0.0098,0.0079,0.0069,0.0139,0.0068,0.0385,0.0094,0.0112,0.0174,0.001,0.0288,0.0341,0.0785,0.0525,0.0169,0.0045,0.0236,0.0985,0.0589,0.1212,0.267,0.5283,0.9715,1.6745,2.4753,3.3472,3.9903,4.2991,4.149,3.7084,2.9348,2.1649,1.5212,1.0257,0.6779,0.4698,0.3011,0.2012,0.1084,0.0633,0.0592,0.0494,0.0287,0.0656,0.0151,0.0388,53.0
0.0267,0.0271,0.0286,0.0116,0.0413,0.0114,0.0514,0.0486,0.0104,0.0085,0.0281,0.0174,0.0452,0.0265,0.1283,0.4952,1.9453,5.5847,10.3896,12.8964,10.7624,6.6727,3.5498,2.4639,2.2719,1.9991,1.4873,0.963,0.5388,0.2138,0.0842,0.0393,0.04,0.0475,0.0603,0.0296,0.0045,0.015,0.0137,0.0363,0.0399,0.0144,0.0221,0.0045,0.0269,0.0045,0.0366,0.0457,0.0105,0.0022,100.0
0.0326,0.0244,0.0284,0.0212,0.0245,0.0245,0.0486,0.0626,0.0137,0.0584,0.1063,0.2421,0.6776,1.5784,3.0928,5.0008,6.7059,7.3532,6.7364,5.5477,3.6905,2.3456,1.5976,1.2606,1.1284,0.9869,0.8201,0.594,0.3852,0.209,0.1397,0.0607,0.0459,0.0489,0.0142,0.01,0.0065,0.0094,0.0182,0.0874,0.0362,0.0541,0.0186,0.0322,0.0042,0.0057,0.0299,0.0017,0.0238,0.0396,85.72
0.018,0.0318,0.029,0.0552,0.0523,0.0213,0.0573,0.0237,0.0468,0.0249,0.0164,0.0156,0.003,0.0155,0.0379,0.0164,0.0639,0.0765,0.2763,0.7984,1.7455,3.1476,4.5094,5.1488,4.6834,3.6316,2.3527,1.4872,1.1257,0.9337,0.8412,0.7309,0.6493,0.3903,0.2978,0.1832,0.1136,0.0953,0.0322,0.0235,0.0132,0.0071,0.0103,0.0473,0.0146,0.0093,0.0054,0.007,0.0575,0.0175,59.27
0.0431,0.0346,0.0348,0.0009,0.0623,0.0133,0.0521,0.0411,0.0233,0.0509,0.0394,0.0428,0.1113,0.237,0.589,1.2969,2.4721,4.0622,5.7844,7.1689,7.7108,7.1643,6.1714,4.3149,2.653,1.4431,0.7486,0.3161,0.169,0.0744,0.0457,0.0289,0.0197,0.0215,0.0384,0.0511,0.0249,0.0308,0.0252,0.0068,0.0246,0.0225,0.0245,0.0264,0.0334,0.012,0.0008,0.0074,0.0564,0.0518,87.07
0.0052,0.0373,0.0703,0.0154,0.0116,0.0101,0.0052,0.0434,0.0202,0.0287,0.0014,0.042,0.0624,0.0459,0.0108,0.001,0.0063,0.0111,0.0604,0.0248,0.0282,0.0013,0.0064,0.0521,0.101,0.1813,0.4892,1.0898,2.1602,3.7302,5.5481,7.0816,7.8466,7.5828,6.6155,5.1588,3.789,2.8736,2.1476,1.7046,1.3761,1.1376,0.827,0.5914,0.4349,0.2543,0.1592,0.1045,0.0667,0.0756,95.63
0.0262,0.0043,0.0152,0.0002,0.035,0.0001,0.0162,0.0254,0.0186,0.0106,0.0568,0.0429,0.0175,0.0045,0.042,0.0238,0.0688,0.0316,0.0101,0.0536,0.027,0.0214,0.0104,0.0214,0.0581,0.1802,0.4048,0.8346,1.4266,1.9271,2.1298,1.9471,1.518,0.9856,0.5795,0.355,0.2572,0.2595,0.1412,0.1084,0.1086,0.0504,0.0434,0.0332,0.0145,0.0322,0.0111,0.0073,0.0193,0.0337,26.96
0.0041,0.0282,0.0103,0.0227,0.0349,0.0146,0.0119,0.0367,0.0271,0.0774,0.094,0.3162,0.8246,1.6237,2.4478,2.8381,2.5178,1.8785,1.1145,0.7427,0.613,0.5827,0.5104,0.4006,0.2661,0.1846,0.0927,0.0528,0.0167,0.0415,0.0476,0.0386,0.0399,0.0408,0.0283,0.0341,0.0176,0.0169,0.0008,0.0425,0.0575,0.008,0.0799,0.009,0.0281,0.0068,0.0218,0.0108,0.0371,0.0266,31.21
0.032,0.023,0.0137,0.0091,0.0476,0.0013,0.0526,0.0194,0.0641,0.0214,0.0236,0.0325,0.0286,0.0601,0.0102,0.0222,0.0177,0.0686,0.2667,0.698,1.6929,3.3664,5.6127,7.6099,8.401,7.6782,6.0284,3.9889,2.5933,1.9263,1.7651,1.8732,1.9372,1.8291,1.5155,1.1584,0.7969,0.4994,0.2862,0.1535,0.0665,0.0303,0.0591,0.0301,0.0211,0.0224,0.0376,0.0715,0.0205,0.0454,100.0
0.016,0.006,0.0604,0.0157,0.0312,0.034,0.0065,0.0301,0.0502,0.0065,0.0292,0.0091,0.0356,0.0491,0.0811,0.2381,0.7571,1.8768,3.6325,5.3389,6.1737,5.5263,4.3032,2.7532,1.8473,1.5994,1.5462,1.5321,1.4387,1.2244,0.9631,0.6641,0.4488,0.2937,0.1295,0.0587,0.0424,0.0488,0.0128,0.0315,0.005,0.0534,0.0199,0.0413,0.0384,0.0047,0.0413,0.0601,0.016,0.0097,72.87
0.0079,0.002,0.0199,0.0155,0.0459,0.0154,0.0332,0.0474,0.0815,0.1914,0.5607,1.0822,1.8679,2.6217,2.8944,2.5702,1.9381,1.1526,0.5551,0.2666,0.0998,0.0705,0.0566,0.0401,0.015,0.0302,0.0274,0.0678,0.0399,0.0352,0.0281,0.0155,0.0323,0.0378,0.0103,0.0087,0.0221,0.0034,0.0067,0.0247,0.0243,0.0694,0.0048,0.0417,0.0133,0.0343,0.0093,0.0053,0.0342,0.033,31.78
0.0265,0.0008,0.0368,0.0013,0.0377,0.0523,0.0095,0.0498,0.0252,0.0083,0.0283,0.0084,0.0265,0.0017,0.0393,0.0045,0.0313,0.0502,0.044,0.1389,0.5828,1.8113,4.1267,6.7953,8.1741,7.1924,5.2185,3.1045,1.8586,1.3186,1.0132,0.6967,0.4648,0.2772,0.1448,0.091,0.1036,0.0415,0.0306,0.0171,0.0202,0.0202,0.032,0.0122,0.01,0.0042,0.006,0.0288,0.0029,0.0081,86.01
0.0054,0.007,0.0017,0.0166,0.0094,0.0066,0.0054,0.03,0.0213,0.0179,0.001,0.0606,0.0065,0.0209,0.0005,0.0416,0.0156,0.0265,0.0132,0.0677,0.0056,0.0504,0.0617,0.211,0.4308,0.9258,1.6696,2.7096,3.8925,4.8329,5.2785,5.0759,4.6087,3.537,2.4688,1.6353,1.033,0.6728,0.4439,0.2563,0.1585,0.0783,0.0739,0.0578,0.0639,0.015,0.0088,0.0491,0.0153,0.0174,64.03
0.0152,0.0082,0.0134,0.0085,0.0134,0.0628,0.0198,0.0783,0.2361,0.6054,1.3466,2.5287,3.9694,5.258,5.9147,5.539,4.7703,3.4418,2.2436,1.4131,0.8755,0.556,0.3877,0.2124,0.1171,0.078,0.0653,0.0259,0.0338,0.0225,0.0511,0.0145,0.0392,0.0513,0.0284,0.0287,0.0461,0.013,0.0023,0.0374,0.0353,0.0172,0.009,0.0153,0.0019,0.0019,0.0433,0.0469,0.0043,0.0071,67.5
0.0484,0.0101,0.048,0.0225,0.0634,0.0352,0.012,0.0168,0.0275,0.008,0.0432,0.0184,0.0318,0.0413,0.036,0.0571,0.0009,0.0189,0.0533,0.0861,0.19,0.4778,1.1225,2.3036,4.0467,6.0368,7.6881,8.3865,7.8827,6.5824,4.7864,3.2039,2.1883,1.5681,1.2017,0.8842,0.6273,0.3972,0.2333,0.1374,0.0937,0.0886,0.0517,0.0229,0.0163,0.0419,0.0407,0.0545,0.0134,0.0103,95.46
0.0108,0.012,0.0242,0.01,0.0732,0.0177,0.0211,0.0167,0.0047,0.0192,0.0765,0.0252,0.0167,0.0093,0.0261,0.0606,0.0629,0.2157,0.7307,1.9513,3.9537,6.0434,7.0056,6.0952,4.2078,2.2888,1.2556,1.0063,1.0016,1.0044,0.9353,0.7457,0.4785,0.2951,0.1804,0.0782,0.0479,0.0213,0.0087,0.0397,0.0359,0.0299,0.0076,0.0327,0.0321,0.0497,0.021,0.0217,0.076,0.017,74.49
0.0034,0.0404,0.0026,0.0129,0.0172,0.0318,0.0089,0.0207,0.0044,0.0025,0.0034,0.0226,0.017,0.0413,0.0602,0.0478,0.0397,0.0426,0.0357,0.004,0.0843,0.0177,0.0423,0.03,0.0192,0.0375,0.1318,0.4338,1.1006,2.2019,3.3861,3.9824,3.5684,2.7271,1.7446,1.0724,0.7118,0.4962,0.3273,0.2342,0.1047,0.0649,0.0501,0.0516,0.0178,0.0543,0.0205,0.0368,0.0228,0.0077,39.69
0.0199,0.0639,0.078,0.0371,0.0855,0.0023,0.0297,0.0032,0.0418,0.0249,0.0511,0.0351,0.0137,0.0085,0.0498,0.0823,0.2107,0.508,1.108,1.9785,3.1962,4.4769,5.4774,5.8837,5.4637,4.6147,3.2746,2.0475,1.1291,0.5838,0.2719,0.1105,0.0549,0.0531,0.0186,0.0521,0.057,0.0308,0.0422,0.034,0.0378,0.0182,0.0423,0.0104,0.0244,0.0434,0.0084,0.0201,0.0101,0.0326,67.01
0.0002,0.0008,0.0027,0.025,0.0218,0.0224,0.0486,0.0103,0.027,0.0245,0.0103,0.0327,0.0478,0.0883,0.1736,0.4111,0.6857,1.1702,1.7662,2.4004,2.8273,2.9806,2.8228,2.4856,1.8223,1.274,0.7298,0.3861,0.2055,0.0932,0.0579,0.0433,0.0163,0.0485,0.0244,0.0039,0.0801,0.0455,0.0055,0.0374,0.0413,0.0025,0.0115,0.0288,0.0367,0.013,0.0197,0.0067,0.0021,0.0076,36.32
0.0013,0.004,0.0107,0.0023,0.0067,0.0297,0.0105,0.0317,0.0012,0.0178,0.0231,0.0202,0.0277,0.0001,0.0192,0.0053,0.0218,0.0328,0.0256,0.0271,0.0062,0.023,0.089,0.0399,0.0053,0.0076,0.0268,0.115,0.2896,0.7951,1.8172,3.6013,5.8828,8.0082,9.0174,8.5148,7.2095,5.1319,3.4482,2.3397,1.642,1.1044,0.767,0.4946,0.2822,0.1664,0.0832,0.084,0.0395,0.0244,100.0
0.0084,0.0124,0.0223,0.028,0.0185,0.0094,0.0231,0.0789,0.1562,0.366,0.578,1.0303,1.6732,2.4028,3.1576,3.7183,3.9091,3.7519,3.3693,2.6903,1.9426,1.3247,0.9403,0.6667,0.5149,0.4307,0.3874,0.2861,0.221,0.1821,0.1061,0.0682,0.0529,0.0396,0.0217,0.0478,0.0367,0.0071,0.0675,0.0756,0.0008,0.0095,0.0158,0.0113,0.0116,0.0286,0.0278,0.0094,0.0609,0.0067,50.05
0.0282,0.0152,0.0309,0.0262,0.0078,0.0108,0.0502,0.0321,0.0235,0.0765,0.0094,0.026,0.0396,0.0215,0.0654,0.1416,0.3133,0.6048,0.9642,1.4734,1.9678,2.3515,2.4919,2.3433,2.1225,1.5509,1.0445,0.6179,0.3342,0.1826,0.0914,0.0444,0.0507,0.0284,0.0064,0.0124,0.0355,0.0363,0.0591,0.0196,0.0188,0.0052,0.0835,0.054,0.0207,0.0231,0.0009,0.0345,0.0548,0.0273,29.34
0.0219,0.0024,0.0411,0.0537,0.012,0.0113,0.0025,0.0294,0.0727,0.0409,0.0057,0.0475,0.0364,0.0025,0.0098,0.0454,0.0284,0.0504,0.0077,0.0504,0.0203,0.0838,0.2274,0.6014,1.282,2.3741,3.6646,4.7027,5.125,4.7503,3.9278,2.7123,1.7204,1.1408,0.9079,0.838,0.8229,0.7225,0.6103,0.4867,0.3725,0.2812,0.1582,0.1112,0.0755,0.0247,0.0253,0.0133,0.0379,0.0344,61.1
0.0286,0.0557,0.0182,0.0735,0.0305,0.0051,0.0333,0.0381,0.0144,0.0258,0.0295,0.0398,0.0048,0.0253,0.0133,0.0189,0.0293,0.0031,0.0172,0.0147,0.0002,0.0017,0.0024,0.0389,0.0048,0.0175,0.0408,0.0141,0.0367,0.0912,0.3199,0.8068,1.5619,2.4221,2.7752,2.4374,1.7262,0.9914,0.5037,0.3463,0.2704,0.2337,0.1883,0.1354,0.0878,0.0477,0.0777,0.0154,0.0583,0.0294,28.62
0.0355,0.0184,0.0361,0.0354,0.0374,0.015,0.043,0.0153,0.0144,0.0141,0.0066,0.0371,0.0098,0.0374,0.0137,0.0363,0.0097,0.0036,0.0167,0.0358,0.0506,0.0408,0.0546,0.0498,0.1334,0.3211,0.7448,1.5783,2.8181,4.4453,6.2338,7.6587,8.2433,7.9094,7.074,5.4904,3.8964,2.6692,1.8147,1.2868,0.9427,0.7013,0.5504,0.3825,0.2927,0.1862,0.1433,0.0622,0.0379,0.0761,100.0
0.0432,0.0087,0.0293,0.0038,0.0178,0.0211,0.0142,0.0147,0.028,0.0313,0.0335,0.0008,0.0357,0.0143,0.0324,0.0475,0.062,0.1204,0.2753,0.5593,1.0158,1.6408,2.4176,3.1454,3.7407,3.9953,3.8369,3.4469,2.7545,2.041,1.449,0.9947,0.7378,0.5155,0.3996,0.3026,0.2674,0.1489,0.1467,0.0721,0.0403,0.0354,0.0196,0.0365,0.0359,0.0211,0.0175,0.0344,0.0222,0.0199,53.51
0.0227,0.0392,0.0292,0.025,0.0101,0.0042,0.0126,0.0066,0.0021,0.0219,0.0198,0.0765,0.4776,2.0949,6.0148,11.4386,14.458,12.5804,9.038,5.8129,4.4006,3.5599,2.608,1.6355,0.8368,0.3843,0.1683,0.0741,0.05,0.0385,0.0429,0.0841,0.0165,0.0109,0.0242,0.0507,0.0183,0.0314,0.0383,0.0485,0.0317,0.0012,0.0296,0.0436,0.0089,0.0282,0.0208,0.0602,0.0128,0.028,100.0
0.003,0.0132,0.0075,0.0051,0.0171,0.0039,0.0212,0.0051,0.0101,0.0381,0.0705,0.0282,0.0541,0.0093,0.0233,0.0637,0.0302,0.0406,0.0061,0.0727,0.0138,0.0509,0.0076,0.041,0.0627,0.0058,0.0276,0.0831,0.1484,0.3737,0.8896,1.5864,2.4195,3.2142,3.4675,3.1692,2.5784,1.6739,0.9219,0.4494,0.1859,0.109,0.0924,0.0379,0.0187,0.0483,0.011,0.0118,0.016,0.0114,39.35
0.0594,0.0657,0.0029,0.0101,0.0474,0.0045,0.0204,0.0341,0.0093,0.0347,0.0215,0.0038,0.0472,0.0602,0.0379,0.0056,0.0152,0.0119,0.0415,0.0156,0.022,0.0324,0.0369,0.0713,0.0391,0.1316,0.3838,1.1801,2.66,4.8086,6.8313,7.7145,6.9227,5.3005,3.3337,2.0506,1.4752,1.253,1.0861,0.8372,0.5368,0.3278,0.1541,0.1218,0.0687,0.0552,0.0431,0.0161,0.0558,0.0553,81.27
0.0075,0.0964,0.0239,0.0335,0.0012,0.0025,0.0022,0.0235,0.013,0.0069,0.0279,0.0034,0.0259,0.0464,0.0573,0.0452,0.0357,0.0838,0.2696,0.5694,1.2456,2.3675,3.9504,5.7849,7.2704,7.9662,7.7245,6.7939,5.3175,3.9299,2.9014,2.1812,1.677,1.299,0.9936,0.7729,0.5336,0.3393,0.2183,0.1242,0.0682,0.0551,0.0472,0.058,0.0098,0.0219,0.0515,0.0023,0.0097,0.0306,100.0
0.0116,0.003,0.0048,0.0531,0.0303,0.0287,0.0071,0.0179,0.0438,0.0324,0.0134,0.0415,0.0139,0.0201,0.0315,0.0114,0.005,0.0257,0.0502,0.0153,0.0407,0.002,0.0429,0.0145,0.0646,0.1972,0.513,1.3804,3.0495,5.6708,8.862,11.6105,12.8718,12.1199,10.6395,8.097,6.2254,5.1566,4.4911,3.8511,2.9928,2.0977,1.308,0.7306,0.3715,0.1958,0.071,0.0381,0.0452,0.0318,100.0
0.0433,0.0022,0.0397,0.0077,0.0248,0.0008,0.0441,0.0233,0.0315,0.0165,0.0068,0.05,0.0101,0.0529,0.0311,0.031,0.0407,0.1481,0.4825,1.3461,2.8007,4.3181,5.0405,4.4184,3.3381,2.0163,1.3519,1.2356,1.2479,1.2956,1.1794,0.9977,0.7375,0.5146,0.3028,0.1871,0.1276,0.0412,0.0496,0.0574,0.0547,0.0167,0.0358,0.0096,0.0303,0.0489,0.0304,0.0522,0.003,0.0279,56.24
0.0077,0.0254,0.0001,0.0483,0.0116,0.0016,0.0047,0.0164,0.0026,0.0153,0.0717,0.0034,0.0453,0.0107,0.003,0.0045,0.0367,0.0092,0.0598,0.0259,0.0033,0.0358,0.043,0.0074,0.0062,0.0362,0.0652,0.0939,0.2507,0.5384,1.0909,1.8742,2.767,3.5036,3.7698,3.482,2.9209,1.9927,1.1922,0.5899,0.2788,0.1184,0.0665,0.0362,0.044,0.0229,0.0226,0.113,0.0395,0.0306,41.75
0.0188,0.0084,0.0324,0.0297,0.032,0.0162,0.0096,0.0231,0.0328,0.0436,0.0138,0.056,0.1006,0.2208,0.6135,1.3989,2.7073,4.3391,5.7409,6.4323,6.0364,5.203,3.8647,2.7509,2.144,1.7771,1.5434,1.2637,0.929,0.6294,0.4321,0.2396,0.1148,0.0716,0.0236,0.0134,0.0358,0.0046,0.0423,0.0067,0.0467,0.0387,0.0185,0.0074,0.0027,0.0187,0.0154,0.0092,0.0057,0.0256,79.12
0.0066,0.0182,0.0358,0.052,0.0383,0.0573,0.0241,0.0143,0.0396,0.0039,0.0128,0.0055,0.0162,0.0208,0.0674,0.0298,0.0317,0.0891,0.1328,0.2798,0.8678,2.1197,4.3146,7.3204,10.1377,11.576,11.0688,9.4833,7.2876,5.5917,4.476,3.7074,2.928,2.1726,1.422,0.8948,0.4456,0.2371,0.097,0.0543,0.0174,0.0162,0.0497,0.0334,0.0237,0.0132,0.0021,0.0081,0.0102,0.035,100.0
0.0171,0.0227,0.0296,0.0424,0.0076,0.0515,0.003,0.0145,0.0234,0.0308,0.055,0.015,0.0158,0.0511,0.0299,0.0401,0.133,0.2465,0.5826,1.0903,1.7335,2.3285,2.5954,2.4326,1.9978,1.4196,0.9891,0.6505,0.5,0.3529,0.2451,0.1768,0.1539,0.0648,0.0376,0.0221,0.0518,0.0487,0.0278,0.0329,0.012,0.0174,0.0176,0.0051,0.0518,0.0051,0.0241,0.0011,0.0529,0.0153,28.54
0.015,0.0039,0.0206,0.0302,0.0314,0.0285,0.0097,0.0205,0.0378,0.0182,0.0178,0.0283,0.0158,0.0271,0.0402,0.0092,0.0356,0.0355,0.0553,0.0148,0.017,0.0483,0.0933,0.3076,0.779,1.7533,3.2397,5.0449,6.6437,7.3677,6.952,5.8856,4.2511,2.8966,1.9792,1.4278,1.0891,0.814,0.5699,0.3875,0.2401,0.131,0.1202,0.0497,0.0427,0.0213,0.0049,0.0409,0.0436,0.0127,84.46
0.0318,0.0076,0.0691,0.0162,0.0478,0.0218,0.0187,0.0247,0.0121,0.0174,0.0795,0.4024,1.5553,4.3243,7.8962,9.6616,7.9409,4.9401,2.4792,1.8979,2.4028,3.0874,3.3614,3.0468,2.2152,1.334,0.6666,0.3225,0.1449,0.1014,0.0622,0.0385,0.037,0.0426,0.0515,0.0403,0.0143,0.0751,0.0412,0.0105,0.075,0.0044,0.0124,0.0127,0.0265,0.0056,0.0289,0.0567,0.0459,0.0201,100.0
0.0198,0.0006,0.0492,0.0261,0.0061,0.0277,0.0164,0.0119,0.0294,0.0155,0.0258,0.0048,0.0076,0.0165,0.0205,0.052,0.0512,0.1465,0.4761,1.4533,3.3633,6.2864,9.2205,10.7162,9.9115,8.0611,5.579,3.9635,3.109,2.5725,2.1219,1.5788,1.0832,0.7026,0.3884,0.2126,0.1194,0.046,0.0275,0.0351,0.0071,0.0144,0.0217,0.0248,0.0125,0.0412,0.0292,0.0139,0.0251,0.0308,100.0
0.0106,0.0663,0.0332,0.0212,0.0195,0.0295,0.0299,0.0058,0.0115,0.012,0.014,0.0373,0.0162,0.0277,0.1666,0.6219,1.6948,3.6125,5.736,6.7196,5.7401,3.9381,1.9048,0.7548,0.2959,0.1806,0.1157,0.1123,0.0873,0.0785,0.0426,0.0403,0.0237,0.046,0.0451,0.0369,0.0147,0.0219,0.0234,0.0141,0.0458,0.0318,0.0282,0.011,0.0505,0.0102,0.0118,0.013,0.0102,0.0203,67.34
0.0009,0.0153,0.0375,0.0569,0.035,0.0167,0.0229,0.0557,0.0228,0.0176,0.0118,0.0188,0.0298,0.0085,0.033,0.0547,0.0375,0.0053,0.011,0.0446,0.0298,0.1658,0.4958,1.4126,2.9108,4.5333,5.2782,4.6183,3.3908,2.0126,1.3493,1.1906,1.2577,1.2773,1.1707,0.9716,0.7636,0.4954,0.2615,0.1553,0.0934,0.0774,0.0311,0.0492,0.0158,0.0357,0.06,0.0425,0.0054,0.0532,62.58
0.012,0.0041,0.0442,0.0044,0.0066,0.004,0.0169,0.0148,0.0064,0.0243,0.0083,0.0034,0.042,0.0449,0.0198,0.0296,0.0053,0.0388,0.0376,0.0076,0.0401,0.0055,0.0212,0.0534,0.018,0.0532,0.0759,0.2465,0.7081,1.7139,3.4222,5.6484,7.7066,8.6849,8.175,6.975,5.0131,3.4911,2.5782,2.0198,1.6656,1.3159,0.9699,0.6712,0.4413,0.2804,0.1989,0.0921,0.0534,0.0453,100.0
0.0038,0.0092,0.0665,0.0233,0.0342,0.0205,0.0073,0.0085,0.0003,0.0261,0.0466,0.0389,0.0485,0.0205,0.0009,0.0484,0.0204,0.0261,0.018,0.0157,0.0229,0.0047,0.0483,0.0156,0.0508,0.0482,0.1042,0.2319,0.5068,1.0931,2.0776,3.4256,4.8902,6.1342,6.637,6.3341,5.6194,4.3436,3.1527,2.3296,1.8327,1.5457,1.3833,1.1977,1.0505,0.804,0.6133,0.4406,0.3172,0.2017,82.78
0.0192,0.0194,0.0143,0.0272,0.0046,0.036,0.0269,0.0219,0.0569,0.0338,0.0033,0.0341,0.0437,0.021,0.0075,0.0248,0.0605,0.0409,0.0135,0.027,0.0104,0.0043,0.0609,0.0411,0.0189,0.0454,0.1555,0.3373,0.6624,1.1227,1.7113,2.1804,2.3757,2.2091,1.7552,1.1995,0.7023,0.3651,0.145,0.0558,0.0591,0.0208,0.0467,0.0214,0.0042,0.0132,0.04,0.01,0.0131,0.01,26.87
0.0238,0.0145,0.0558,0.0297,0.0281,0.0332,0.0013,0.0091,0.0159,0.0162,0.0117,0.0425,0.0001,0.029,0.0288,0.0078,0.0083,0.0186,0.0171,0.0635,0.1095,0.2386,0.4624,0.7615,1.1713,1.5986,1.9002,2.03,1.9409,1.6969,1.2897,0.9199,0.5412,0.3287,0.2416,0.2117,0.1268,0.1661,0.1099,0.0834,0.0393,0.0295,0.0829,0.0281,0.0199,0.0223,0.0104,0.0111,0.0218,0.0006,24.24
0.003,0.0446,0.0064,0.0329,0.0192,0.0043,0.0481,0.0247,0.0171,0.0424,0.0533,0.0361,0.0148,0.0236,0.0061,0.044,0.064,0.0351,0.0956,0.3174,0.8817,1.9314,3.3627,4.6823,5.224,4.718,3.6257,2.2269,1.3464,0.9446,0.9288,1.0112,1.0813,0.9487,0.8123,0.5656,0.3731,0.2082,0.1062,0.0523,0.0419,0.0461,0.0599,0.0095,0.027,0.0157,0.0303,0.0251,0.0309,0.0185,59.19
0.0077,0.0079,0.0711,0.0094,0.0243,0.0438,0.0083,0.0036,0.0663,0.0214,0.0089,0.016,0.0291,0.0468,0.0203,0.0275,0.029,0.0493,0.023,0.0856,0.2982,0.8238,2.112,4.3719,7.3577,10.1042,11.2433,10.215,8.3385,5.5079,3.5562,2.715,2.6463,2.8648,2.9152,2.6941,2.288,1.6808,1.1786,0.6854,0.4002,0.1913,0.0819,0.0588,0.0254,0.0478,0.0041,0.0097,0.032,0.0596,100.0
0.0245,0.0489,0.0018,0.0078,0.0235,0.0043,0.0358,0.0501,0.0131,0.0076,0.0049,0.0142,0.0429,0.0047,0.0135,0.0154,0.0235,0.0248,0.0795,0.1467,0.4413,0.9316,1.9755,3.6707,5.7093,7.4815,8.3075,7.9172,6.9067,5.1858,3.7252,2.7079,2.0286,1.4728,1.0472,0.6419,0.3794,0.1937,0.114,0.0545,0.0256,0.0274,0.0094,0.0033,0.0584,0.0565,0.0321,0.0331,0.0536,0.022,99.78
0.0177,0.01,0.0517,0.0239,0.0139,0.0193,0.0502,0.0137,0.0326,0.0134,0.0635,0.0384,0.022,0.0261,0.0523,0.0454,0.0232,0.0153,0.0211,0.0284,0.0054,0.0145,0.0023,0.0029,0.0295,0.0657,0.1254,0.4254,1.4746,3.6581,6.3215,7.6642,6.7048,4.7403,2.7257,1.756,1.2806,0.9826,0.6459,0.4069,0.1995,0.1421,0.0741,0.0751,0.059,0.0137,0.0136,0.0171,0.0052,0.0552,79.86
0.031,0.0236,0.0388,0.0051,0.0637,0.0151,0.0202,0.0052,0.0145,0.027,0.0331,0.1266,0.2905,0.786,1.524,2.2958,2.5659,2.2526,1.6305,0.8784,0.4613,0.2505,0.1931,0.2074,0.208,0.1262,0.0963,0.0616,0.0448,0.0288,0.0806,0.0064,0.006,0.0158,0.0164,0.0237,0.0006,0.0486,0.0045,0.056,0.0337,0.0206,0.0278,0.0199,0.0034,0.0303,0.0607,0.0095,0.0238,0.0329,27.33
0.021,0.0539,0.0173,0.1097,0.0146,0.0415,0.024,0.0043,0.0106,0.0078,0.0323,0.0191,0.0172,0.006,0.0386,0.0095,0.0087,0.0572,0.0317,0.0023,0.088,0.0122,0.0027,0.0164,0.0333,0.0126,0.0123,0.0624,0.2334,0.6084,1.3501,2.4829,3.5129,3.9461,3.5714,2.565,1.4843,0.782,0.4737,0.4556,0.4874,0.4986,0.5003,0.3524,0.2938,0.1757,0.0989,0.0451,0.037,0.0335,42.66
0.0393,0.0015,0.0067,0.0142,0.0083,0.0099,0.0273,0.0118,0.008,0.021,0.0236,0.0233,0.0137,0.0022,0.0412,0.0058,0.0158,0.0089,0.0024,0.0017,0.0101,0.0155,0.0687,0.115,0.3697,0.9045,1.7975,3.3137,5.0984,6.6219,7.2919,6.8801,5.873,4.3223,2.9555,2.015,1.415,1.0004,0.6932,0.4607,0.2644,0.1304,0.0696,0.059,0.0276,0.055,0.0086,0.0407,0.0063,0.0043,86.59
0.0658,0.0468,0.0263,0.0177,0.0152,0.0089,0.0274,0.0113,0.0132,0.0588,0.0012,0.0124,0.0025,0.0107,0.0403,0.0233,0.031,0.0,0.0102,0.0169,0.0063,0.1159,0.2867,1.0485,2.6142,4.6064,5.5544,4.6225,2.8149,1.201,0.3916,0.1684,0.092,0.0579,0.0632,0.0491,0.021,0.0202,0.0527,0.0192,0.0168,0.0255,0.0263,0.0184,0.0199,0.0262,0.0405,0.0246,0.011,0.0059,52.33
0.027,0.0184,0.051,0.0865,0.0263,0.0413,0.0377,0.0216,0.0112,0.0139,0.04,0.0285,0.0294,0.0151,0.0082,0.0401,0.003,0.0691,0.0253,0.0078,0.0406,0.0499,0.0616,0.0514,0.1523,0.4716,1.1652,2.6598,4.9891,7.7539,10.2346,11.4251,10.8447,9.3324,6.968,4.9457,3.5933,2.7321,2.0882,1.5425,1.0901,0.6995,0.4301,0.2416,0.1602,0.0807,0.0439,0.0324,0.0345,0.0255,100.0
0.0717,0.0385,0.0176,0.029,0.0043,0.0227,0.0051,0.0412,0.0302,0.0403,0.0351,0.0364,0.0199,0.0106,0.0824,0.3689,1.0986,2.5931,4.3814,5.2002,4.3815,2.8709,1.2647,0.4699,0.1738,0.0922,0.0695,0.0603,0.0652,0.0325,0.0692,0.0311,0.0125,0.0173,0.0473,0.0442,0.0374,0.0243,0.0043,0.0062,0.0085,0.0194,0.0391,0.0005,0.0382,0.0116,0.0039,0.027,0.0182,0.0162,51.2
0.0262,0.0411,0.0152,0.0139,0.0097,0.06,0.0059,0.0226,0.0216,0.0354,0.0554,0.0246,0.0325,0.0499,0.0308,0.0306,0.0232,0.0592,0.0498,0.0377,0.0138,0.0074,0.0281,0.0436,0.0928,0.2147,0.7385,2.0135,4.4845,8.0043,11.4399,13.2106,12.5963,10.999,8.2853,6.2886,5.1826,4.4444,3.6309,2.7543,1.9079,1.2145,0.696,0.3711,0.2275,0.0969,0.0738,0.076,0.0287,0.0663,100.0
0.0397,0.0194,0.0295,0.0002,0.0023,0.0485,0.0244,0.0662,0.0072,0.0053,0.0544,0.0119,0.0027,0.0297,0.012,0.0224,0.0676,0.0281,0.0284,0.0049,0.02,0.0785,0.1176,0.4472,1.4504,3.9084,7.9167,12.2116,14.216,12.8437,9.7269,6.2753,4.3037,3.4295,2.8239,2.2635,1.5833,1.0022,0.5699,0.296,0.1762,0.1376,0.0507,0.0711,0.0279,0.0564,0.0306,0.0529,0.0104,0.0211,100.0
0.0099,0.0199,0.0291,0.0314,0.0153,0.0074,0.0238,0.0589,0.0063,0.0016,0.0064,0.0026,0.013,0.0174,0.0345,0.0172,0.0165,0.0632,0.153,0.3428,0.7829,1.4829,2.5089,3.63,4.5457,4.9235,4.6805,4.1762,3.1113,2.1822,1.537,1.106,0.8815,0.6298,0.511,0.3014,0.1892,0.1036,0.0555,0.0497,0.048,0.0226,0.0363,0.0766,0.0153,0.0123,0.0244,0.0348,0.0252,0.0269,58.39
0.0286,0.0115,0.0228,0.0265,0.0563,0.0262,0.0206,0.0633,0.0129,0.0683,0.0249,0.0418,0.0064,0.0259,0.0728,0.0194,0.0354,0.0137,0.0123,0.0538,0.1854,0.5527,1.2049,2.1521,3.0545,3.451,3.0772,2.2572,1.2646,0.584,0.2304,0.089,0.0319,0.0453,0.0287,0.0428,0.0099,0.0449,0.0113,0.0106,0.0755,0.0171,0.0063,0.0361,0.0069,0.0224,0.0359,0.0041,0.0001,0.0473,37.79
0.0044,0.0302,0.0222,0.0654,0.0129,0.0272,0.0131,0.0215,0.0125,0.0603,0.0215,0.0037,0.0082,0.0087,0.0066,0.0609,0.2082,0.8126,2.1676,4.4857,6.9427,8.0648,6.9496,4.9563,2.6284,1.2952,0.8991,0.9369,1.1272,1.1927,1.0481,0.8043,0.5426,0.3147,0.1535,0.0872,0.0503,0.0233,0.0394,0.031,0.0206,0.0341,0.0193,0.02,0.0504,0.0401,0.0125,0.0264,0.004,0.038,89.51
0.0103,0.007,0.0293,0.0253,0.0756,0.0004,0.0133,0.0182,0.0318,0.0974,0.3245,0.8209,1.8504,3.4327,5.448,7.2014,8.0841,7.7469,6.6491,4.8895,3.4475,2.3887,1.6948,1.256,0.9417,0.663,0.4211,0.283,0.1466,0.1395,0.0516,0.0505,0.0233,0.0438,0.0562,0.0453,0.0073,0.0287,0.0141,0.0099,0.0123,0.0318,0.0316,0.0307,0.0188,0.0155,0.0328,0.0036,0.0319,0.0308,93.38
0.0164,0.0024,0.0168,0.0031,0.0324,0.0358,0.0124,0.0226,0.0012,0.0205,0.053,0.0317,0.0491,0.0074,0.0064,0.0085,0.0015,0.0129,0.0158,0.003,0.0352,0.008,0.076,0.0232,0.0881,0.1702,0.554,1.3548,3.0033,5.5915,8.7376,11.5523,13.0083,12.6588,11.1583,8.7685,6.7361,5.3036,4.3113,3.5406,2.8238,2.0732,1.5212,0.9299,0.5506,0.31,0.1655,0.089,0.0594,0.0503,100.0
0.0465,0.0274,0.0274,0.0123,0.0356,0.0148,0.0331,0.0221,0.0594,0.0051,0.0183,0.0015,0.0045,0.0041,0.0007,0.028,0.0085,0.0425,0.0231,0.0129,0.1117,0.1906,0.5823,1.3378,2.7553,4.578,6.2829,7.1182,6.5637,5.3718,3.7024,2.4305,1.6726,1.2572,1.007,0.6793,0.4616,0.3052,0.1669,0.1203,0.0708,0.0284,0.0536,0.0056,0.0336,0.0382,0.0426,0.0463,0.0245,0.0288,82.6
0.0147,0.0349,0.0134,0.0198,0.02,0.0081,0.0076,0.0195,0.0502,0.0343,0.0325,0.0238,0.0156,0.0373,0.019,0.0035,0.0383,0.0281,0.0421,0.1776,0.474,1.3232,2.7145,4.2057,4.869,4.2442,2.948,1.6046,0.9323,0.7323,0.8005,0.93,0.9733,0.9036,0.7325,0.6217,0.3832,0.2283,0.1255,0.05,0.0441,0.0409,0.0339,0.0202,0.0045,0.0287,0.0233,0.0044,0.0121,0.078,54.37
0.0224,0.0421,0.0883,0.0108,0.0517,0.0035,0.0062,0.0591,0.05,0.026,0.0176,0.0203,0.008,0.0077,0.05,0.0514,0.0964,0.3529,1.051,2.4221,4.3904,6.3544,7.181,6.4979,5.0694,3.2823,2.1261,1.6303,1.4464,1.2869,1.0194,0.7053,0.4376,0.2475,0.1538,0.0787,0.0629,0.0314,0.0161,0.0422,0.0066,0.0056,0.0111,0.0128,0.0312,0.0272,0.0137,0.0407,0.001,0.0154,81.73
0.0249,0.0286,0.0233,0.0207,0.0579,0.0152,0.0139,0.011,0.0396,0.0581,0.0144,0.0217,0.053,0.0234,0.0107,0.0397,0.0286,0.0379,0.0385,0.0018,0.0116,0.01,0.0503,0.0043,0.0701,0.0221,0.0987,0.2163,0.6278,1.2825,2.2717,3.1071,3.4987,3.1948,2.5733,1.6084,0.9118,0.5394,0.3419,0.2847,0.1746,0.1297,0.1124,0.0865,0.0584,0.0588,0.0527,0.0175,0.0295,0.0371,38.36
0.057,0.0256,0.0519,0.0084,0.0237,0.0278,0.0399,0.0069,0.044,0.0097,0.0138,0.0341,0.125,0.3275,0.8017,1.7759,3.1093,4.3551,4.8625,4.3631,3.3403,1.9757,0.9521,0.4426,0.1633,0.0738,0.0579,0.0297,0.044,0.0431,0.0185,0.0411,0.0396,0.0169,0.0067,0.031,0.0149,0.019,0.0139,0.0253,0.0204,0.0191,0.0067,0.0535,0.0415,0.039,0.0223,0.0471,0.0942,0.043,52.49
0.0394,0.0356,0.0108,0.0509,0.0185,0.064,0.0346,0.0097,0.0038,0.0225,0.057,0.037,0.0401,0.0105,0.0199,0.012,0.0112,0.0409,0.1146,0.4492,1.3321,3.2708,6.2936,9.3157,10.7524,9.8194,7.9464,5.5352,4.1569,3.449,2.7993,1.9977,1.2611,0.6592,0.2932,0.1176,0.0745,0.0292,0.0291,0.0288,0.0559,0.0471,0.0162,0.024,0.0164,0.0155,0.0316,0.0285,0.0165,0.0015,100.0
0.0197,0.022,0.0159,0.0256,0.0379,0.001,0.0427,0.003,0.0365,0.0106,0.0161,0.0599,0.0453,0.0229,0.0042,0.0099,0.0061,0.0544,0.0026,0.0071,0.0207,0.0357,0.0281,0.0162,0.0468,0.0153,0.0287,0.0281,0.1074,0.3241,0.735,1.5126,2.5343,3.5131,3.8975,3.6059,2.7937,1.8104,1.0818,0.6906,0.5393,0.4214,0.3942,0.2324,0.15,0.1028,0.0472,0.0292,0.0197,0.0083,42.46
0.0264,0.0113,0.0342,0.0407,0.0023,0.0282,0.0024,0.0627,0.03,0.0165,0.0289,0.0462,0.0346,0.0118,0.0159,0.0176,0.0048,0.0227,0.0152,0.0412,0.0021,0.021,0.0368,0.0372,0.0246,0.0685,0.1744,0.3118,0.6494,1.1771,1.8718,2.7057,3.2578,3.4969,3.3337,2.9068,2.1791,1.4452,0.9302,0.5873,0.3902,0.307,0.2029,0.1511,0.1267,0.0709,0.0432,0.0709,0.0181,0.0218,41.71
0.0489,0.0026,0.0035,0.0042,0.0059,0.036,0.0254,0.0008,0.051,0.0262,0.0131,0.0414,0.0125,0.0124,0.0179,0.0408,0.0328,0.0132,0.0353,0.0402,0.019,0.013,0.0428,0.1644,0.6858,2.3202,5.4803,9.3569,11.3652,9.9676,7.4476,4.8905,3.8446,3.4834,3.0261,2.3213,1.5346,0.8549,0.4282,0.1982,0.1406,0.0944,0.0275,0.0247,0.03,0.0311,0.0079,0.0126,0.0162,0.0423,100.0
0.0087,0.0121,0.0059,0.0033,0.0157,0.0064,0.0256,0.0457,0.024,0.0111,0.0217,0.0222,0.0007,0.0031,0.0138,0.0085,0.0216,0.0121,0.0617,0.0262,0.0118,0.0013,0.0201,0.0209,0.0062,0.0013,0.0145,0.037,0.1005,0.5141,1.6482,3.9651,6.6768,8.0116,6.8173,4.5652,2.3741,1.3944,1.1841,1.1461,1.0184,0.7688,0.5562,0.3118,0.1617,0.0885,0.0378,0.0511,0.0234,0.0376,81.78
0.0223,0.0252,0.0172,0.0257,0.0539,0.0399,0.0379,0.0143,0.0104,0.0496,0.0157,0.0602,0.0095,0.008,0.0068,0.0259,0.0289,0.0472,0.0971,0.2282,0.4298,0.8005,1.2953,1.9111,2.5343,2.995,3.2113,3.0476,2.7506,2.15,1.5757,1.0924,0.7756,0.5436,0.4195,0.3523,0.2687,0.2223,0.1782,0.119,0.1054,0.0437,0.0318,0.0298,0.0127,0.0279,0.0166,0.0069,0.0084,0.0358,40.53
0.037,0.0472,0.0109,0.0228,0.0201,0.0399,0.0162,0.0399,0.013,0.0195,0.0105,0.0345,0.0316,0.0456,0.1866,0.4123,1.0666,2.183,3.9758,6.0304,7.8207,8.6785,8.1858,7.1351,5.1298,3.3963,2.1244,1.3089,0.8025,0.4656,0.2984,0.1589,0.1169,0.0736,0.0294,0.0359,0.0673,0.031,0.0113,0.0524,0.024,0.024,0.0309,0.0175,0.0234,0.0081,0.0031,0.0089,0.0256,0.0024,96.36
0.0044,0.0353,0.0428,0.015,0.0203,0.031,0.0268,0.0739,0.1553,0.3775,0.669,1.1591,1.7458,2.3775,2.8554,3.062,2.9232,2.6449,2.0171,1.4392,0.9273,0.6282,0.3595,0.264,0.1467,0.1337,0.0807,0.0414,0.0644,0.0431,0.0072,0.0219,0.0477,0.0257,0.0346,0.0272,0.0373,0.0116,0.026,0.0291,0.0177,0.0244,0.0234,0.0022,0.0097,0.0385,0.0021,0.0171,0.0073,0.0343,37.9
0.0132,0.0375,0.0398,0.0353,0.0062,0.0036,0.0081,0.0092,0.0228,0.0319,0.0139,0.016,0.0144,0.0424,0.0952,0.2317,0.474,0.9121,1.4711,2.1035,2.557,2.7425,2.5324,2.1105,1.5204,0.9207,0.5273,0.263,0.1133,0.0537,0.0328,0.0248,0.0519,0.003,0.0079,0.0474,0.0015,0.0083,0.0159,0.0029,0.0168,0.028,0.0668,0.0021,0.053,0.0274,0.0158,0.0383,0.0427,0.0715,29.38
0.0495,0.0052,0.0157,0.017,0.0401,0.0344,0.0153,0.0254,0.0086,0.0331,0.0155,0.0543,0.0054,0.0069,0.011,0.0107,0.0543,0.1211,0.4093,1.125,2.6121,5.1315,8.3909,11.3826,12.9598,12.5292,11.1143,8.5477,6.4847,5.1693,4.2983,3.5863,2.9273,2.2484,1.5559,1.0379,0.6543,0.374,0.252,0.1055,0.0938,0.0486,0.0187,0.0472,0.0346,0.0092,0.015,0.0128,0.0202,0.014,100.0
0.0281,0.0008,0.0198,0.0559,0.0091,0.0302,0.0484,0.0604,0.0182,0.0015,0.0049,0.0332,0.0246,0.0573,0.0297,0.0302,0.0211,0.0359,0.0005,0.0327,0.0184,0.0415,0.0102,0.0079,0.0541,0.0939,0.2407,0.5912,1.2848,2.4427,4.0162,5.7672,7.101,7.6621,7.2143,6.2152,4.6301,3.1812,2.2626,1.7609,1.5254,1.3875,1.2899,1.1436,0.8656,0.6343,0.4364,0.286,0.1595,0.1114,93.16
0.0193,0.0363,0.0148,0.0054,0.0195,0.0009,0.0161,0.0259,0.0334,0.0311,0.0465,0.2109,0.6949,1.8136,3.5819,5.4237,6.286,5.6405,4.2507,2.6371,1.7138,1.2612,0.9974,0.7318,0.4962,0.3505,0.1983,0.1045,0.0437,0.0485,0.021,0.0698,0.0137,0.0187,0.0727,0.0639,0.0138,0.0237,0.0378,0.023,0.0345,0.0091,0.0015,0.0278,0.0072,0.016,0.0176,0.0259,0.0173,0.0254,67.59
0.0185,0.0211,0.0195,0.0166,0.0081,0.0349,0.0023,0.0331,0.0538,0.0072,0.0193,0.0191,0.031,0.0059,0.0409,0.0281,0.0177,0.0154,0.0213,0.009,0.0555,0.0157,0.0335,0.0134,0.0306,0.2402,1.2167,4.2247,9.0092,11.7002,9.4272,5.7027,3.352,2.9881,3.0006,2.634,1.913,1.1185,0.5595,0.2599,0.1087,0.0629,0.0424,0.0517,0.0296,0.0529,0.0224,0.0142,0.0138,0.0145,100.0
0.0204,0.04,0.0188,0.0281,0.0509,0.005,0.0217,0.0331,0.0148,0.0532,0.0158,0.0084,0.0648,0.0026,0.0047,0.0355,0.0081,0.0002,0.0357,0.0276,0.0254,0.0101,0.013,0.0505,0.1052,0.3489,0.7377,1.5472,2.7297,4.155,5.2739,5.7247,5.2852,4.2914,2.8767,1.6288,0.8068,0.3648,0.16,0.1477,0.0752,0.057,0.0565,0.0313,0.0326,0.0603,0.074,0.0271,0.0404,0.0152,65.5
0.0454,0.0334,0.0159,0.0125,0.0067,0.0147,0.0426,0.0454,0.0124,0.0513,0.0647,0.0072,0.0197,0.0019,0.0021,0.0241,0.0196,0.0503,0.0665,0.0024,0.0293,0.0453,0.0359,0.0182,0.0326,0.0993,0.1362,0.3527,0.6034,1.1093,1.7582,2.5201,3.2852,3.8962,4.1591,4.0493,3.7384,3.0674,2.3308,1.7138,1.2529,0.9288,0.7613,0.5676,0.4401,0.3457,0.2768,0.2004,0.1301,0.1138,53.77
0.0055,0.0405,0.0075,0.0178,0.0528,0.0454,0.0171,0.0239,0.0289,0.0049,0.0025,0.0447,0.0055,0.0195,0.0441,0.1428,0.6014,2.0384,4.9199,8.3282,10.0109,8.6157,6.0118,3.638,2.8018,2.8361,2.9016,2.6192,2.0788,1.389,0.7773,0.3862,0.1684,0.0941,0.0312,0.033,0.0471,0.0133,0.0233,0.0189,0.0327,0.0329,0.0081,0.009,0.0148,0.0199,0.0173,0.0453,0.0314,0.0339,100.0
0.004,0.0049,0.0495,0.0911,0.049,0.0295,0.0047,0.0314,0.0287,0.0425,0.0103,0.0371,0.0759,0.1792,0.5142,1.1713,2.1161,3.0209,3.3876,3.0144,2.2459,1.3648,0.7007,0.4178,0.3329,0.2746,0.2558,0.2075,0.183,0.1108,0.0837,0.0475,0.0376,0.0184,0.0129,0.0114,0.0275,0.0261,0.0224,0.0538,0.0032,0.0103,0.0185,0.0431,0.0007,0.0105,0.0573,0.0324,0.0029,0.0155,36.92
0.0168,0.0324,0.0477,0.0025,0.0369,0.026,0.028,0.0057,0.017,0.0209,0.0186,0.0064,0.0364,0.0584,0.0565,0.0367,0.016,0.0459,0.0068,0.0262,0.0682,0.1128,0.1809,0.4109,0.7192,1.2275,1.8642,2.5175,3.0211,3.2451,3.1375,2.8712,2.2931,1.6291,1.1187,0.7297,0.4786,0.3012,0.2228,0.1266,0.0819,0.0847,0.025,0.0274,0.0103,0.0063,0.0115,0.0749,0.036,0.0266,40.68
0.0256,0.0015,0.0418,0.0179,0.0017,0.048,0.0214,0.0515,0.1146,0.2238,0.5082,0.9392,1.5137,2.2198,2.7727,2.9992,2.7788,2.3071,1.6097,0.9507,0.4993,0.2304,0.1075,0.0537,0.0445,0.0119,0.0238,0.0154,0.0199,0.0263,0.0501,0.0123,0.0051,0.0408,0.0067,0.0167,0.0234,0.0473,0.0159,0.0085,0.0136,0.02,0.0292,0.0286,0.0324,0.0217,0.0195,0.0334,0.0162,0.0315,30.31
0.0048,0.0077,0.0035,0.086,0.0114,0.005,0.0167,0.0327,0.1076,0.2736,0.7072,1.5125,2.6281,3.6227,4.1055,3.8305,3.1803,2.1859,1.4167,0.9336,0.5976,0.3985,0.2747,0.1334,0.1156,0.0825,0.0273,0.0403,0.0813,0.0243,0.0265,0.041,0.0389,0.0298,0.0141,0.0578,0.0284,0.0362,0.0265,0.0491,0.019,0.0508,0.0022,0.0065,0.0096,0.0163,0.0004,0.059,0.0162,0.003,44.76
0.0471,0.0462,0.0369,0.0212,0.0203,0.0755,0.0229,0.011,0.0112,0.0337,0.0255,0.0056,0.0033,0.016,0.0957,0.3314,0.9781,2.396,4.5526,6.7038,7.7638,7.0808,5.5742,3.6209,2.2681,1.4935,1.0966,0.7509,0.5214,0.3436,0.176,0.0988,0.0817,0.0514,0.0437,0.0808,0.0168,0.0719,0.0368,0.0318,0.0215,0.0281,0.0339,0.0174,0.0207,0.021,0.076,0.0012,0.0546,0.0158,81.35
0.0054,0.0164,0.0335,0.0289,0.0152,0.0114,0.0209,0.0108,0.0046,0.0003,0.0004,0.0202,0.0373,0.0101,0.0118,0.0221,0.0256,0.0354,0.0063,0.04,0.0462,0.099,0.1976,0.4736,1.0114,1.8638,3.0671,4.4243,5.5578,6.1447,6.0174,5.4603,4.3203,3.2039,2.2752,1.5767,1.0757,0.7196,0.4927,0.2929,0.1539,0.0971,0.0488,0.038,0.0606,0.0518,0.0276,0.0399,0.0494,0.0092,74.09
0.0129,0.0108,0.0039,0.0123,0.0216,0.0069,0.0069,0.0048,0.0172,0.0079,0.051,0.037,0.0518,0.0543,0.0632,0.0269,0.0575,0.2268,0.7021,1.8057,3.5908,5.4737,6.3409,5.6081,4.112,2.4667,1.6133,1.4616,1.5265,1.5821,1.4941,1.2282,0.8622,0.5813,0.3077,0.1459,0.1193,0.0701,0.0497,0.0544,0.0413,0.0511,0.008,0.0356,0.0407,0.0063,0.0137,0.0013,0.0049,0.0549,72.68
0.0242,0.0043,0.0329,0.0165,0.0197,0.0027,0.0092,0.0582,0.0483,0.0274,0.0204,0.0205,0.0125,0.0363,0.0835,0.1786,0.3899,0.7442,1.189,1.7151,2.0942,2.256,2.0787,1.8043,1.267,0.7877,0.4451,0.2538,0.1102,0.0646,0.0389,0.0653,0.0326,0.0127,0.0119,0.0359,0.0234,0.0576,0.0055,0.0383,0.0498,0.0049,0.0026,0.0166,0.0088,0.0162,0.0031,0.0308,0.022,0.0246,25.8
0.0578,0.0145,0.0074,0.0228,0.0029,0.0034,0.0236,0.0088,0.005,0.0017,0.0529,0.0041,0.0113,0.0006,0.0311,0.0616,0.0204,0.037,0.0104,0.0179,0.0145,0.0296,0.0029,0.0109,0.0526,0.0018,0.0312,0.0496,0.0743,0.2298,0.431,1.0511,1.9882,2.9717,3.3514,2.9589,2.2043,1.2742,0.6747,0.4209,0.4105,0.4071,0.4408,0.3915,0.3248,0.2431,0.1727,0.1033,0.088,0.0523,38.68
0.0076,0.0165,0.0467,0.0026,0.0405,0.0447,0.0006,0.0229,0.0104,0.0048,0.0182,0.0511,0.0256,0.0245,0.0368,0.0099,0.0344,0.0049,0.0072,0.0251,0.0153,0.0558,0.103,0.2599,0.7673,1.7446,3.1798,4.5413,5.2382,4.9275,4.0392,2.7794,1.8821,1.3261,0.9598,0.6427,0.4268,0.2515,0.1347,0.0787,0.0444,0.04,0.0632,0.0252,0.0065,0.0099,0.0096,0.0207,0.0078,0.0132,57.53
0.0327,0.0356,0.0182,0.0021,0.0897,0.0127,0.0117,0.0074,0.0569,0.0148,0.0435,0.0036,0.0271,0.0141,0.0365,0.0224,0.018,0.0391,0.031,0.0265,0.0151,0.0172,0.0649,0.0908,0.2597,0.5393,1.0928,1.7233,2.2939,2.5099,2.3305,1.9263,1.2783,0.8461,0.5341,0.5,0.4481,0.3955,0.4057,0.3452,0.2689,0.2055,0.1767,0.1013,0.0645,0.0661,0.0367,0.0153,0.0336,0.0097,31.41
0.0189,0.0351,0.0044,0.0203,0.0303,0.0048,0.0456,0.0066,0.0142,0.0099,0.0294,0.0795,0.2533,0.6748,1.6385,3.2497,5.3062,7.1096,7.8629,7.1953,5.6783,3.7106,2.2698,1.576,1.3821,1.3986,1.4098,1.2908,1.1009,0.8306,0.554,0.3178,0.1704,0.0934,0.055,0.0539,0.0111,0.0063,0.0283,0.0235,0.0327,0.0157,0.0161,0.0137,0.0106,0.0064,0.0018,0.0009,0.0023,0.0042,91.31
0.0331,0.0046,0.0079,0.0029,0.0286,0.0186,0.0261,0.005,0.0093,0.0001,0.0001,0.0183,0.0053,0.0369,0.0072,0.0251,0.0153,0.0264,0.0923,0.2263,0.6316,1.7452,3.7773,6.526,9.1437,10.2264,9.3118,7.4042,4.9286,3.4182,2.9127,3.0058,3.0481,2.7272,2.2215,1.4734,0.8578,0.4602,0.2178,0.1092,0.0577,0.0197,0.035,0.0032,0.044,0.0058,0.0267,0.0341,0.0188,0.0098,100.0
0.0392,0.0226,0.0466,0.0016,0.0279,0.007,0.0394,0.0601,0.0065,0.0538,0.0487,0.1161,0.2434,0.6647,1.4793,2.743,4.2758,5.6172,6.2208,5.8675,5.0723,3.6384,2.3802,1.4954,0.9075,0.5979,0.3293,0.2044,0.1441,0.073,0.0381,0.033,0.0276,0.0499,0.0131,0.0585,0.014,0.0188,0.0084,0.0202,0.0479,0.0131,0.0296,0.0391,0.0742,0.0515,0.0365,0.0127,0.0011,0.0029,71.27
0.0722,0.0325,0.0214,0.0493,0.0185,0.0118,0.0311,0.0152,0.0105,0.0548,0.1421,0.397,0.986,1.9491,2.8555,3.2225,2.8176,2.0847,1.1201,0.4776,0.2022,0.1359,0.0636,0.0378,0.0265,0.0224,0.0192,0.0297,0.025,0.0743,0.017,0.0072,0.0123,0.0563,0.0238,0.0383,0.0026,0.0051,0.0009,0.0353,0.0018,0.013,0.0018,0.0185,0.0419,0.0042,0.0235,0.0437,0.0407,0.0116,34.75
0.0075,0.0335,0.0171,0.0083,0.013,0.0077,0.0088,0.0048,0.0076,0.0529,0.0143,0.0172,0.0083,0.0317,0.0221,0.0445,0.0423,0.0519,0.039,0.0354,0.0417,0.0019,0.0132,0.0524,0.0347,0.1408,0.2351,0.5526,0.9519,1.5414,2.2134,2.7309,2.9399,2.7664,2.3094,1.6079,0.988,0.554,0.27,0.1178,0.0654,0.038,0.0182,0.0583,0.0249,0.0441,0.038,0.0552,0.0068,0.0248,36.89
0.01,0.0244,0.0057,0.0295,0.0158,0.0182,0.0087,0.0294,0.0218,0.0196,0.0972,0.3486,1.0472,2.412,4.4307,6.3516,7.1766,6.3729,4.8129,2.7081,1.2497,0.5305,0.2178,0.1267,0.0707,0.0515,0.049,0.0652,0.0441,0.0517,0.0094,0.0341,0.0274,0.013,0.0062,0.0046,0.0102,0.0012,0.0019,0.016,0.0476,0.0338,0.0217,0.0093,0.02,0.0422,0.0516,0.0211,0.0267,0.0167,74.42
0.0181,0.0192,0.0106,0.037,0.0081,0.055,0.0537,0.0146,0.0042,0.0109,0.0346,0.2204,1.1967,3.9565,8.1688,10.5028,8.4822,4.916,2.5114,1.8958,1.8219,1.6405,1.2091,0.7784,0.4215,0.2079,0.0797,0.0479,0.0598,0.0308,0.0154,0.0159,0.0093,0.0224,0.0154,0.0106,0.0029,0.0311,0.0277,0.0167,0.0148,0.034,0.0136,0.0045,0.0114,0.009,0.0625,0.0271,0.0292,0.031,100.0
0.0173,0.0016,0.0149,0.0042,0.008,0.0537,0.0262,0.0167,0.0085,0.0077,0.003,0.0321,0.0846,0.0179,0.0523,0.0359,0.0721,0.0179,0.0285,0.0024,0.0229,0.0539,0.0357,0.0448,0.0911,0.2501,0.6257,1.3589,2.5463,3.8865,5.0805,5.5305,5.0912,4.1432,2.6798,1.5325,0.7337,0.339,0.1885,0.0657,0.0505,0.0465,0.0561,0.0508,0.0528,0.008,0.0363,0.0054,0.0294,0.0359,62.96
0.0306,0.0312,0.0012,0.0287,0.034,0.0068,0.0177,0.0211,0.0249,0.0303,0.0456,0.2134,0.6681,1.959,4.3249,7.7812,11.2551,13.0946,12.495,10.4823,7.7324,5.6016,4.0674,2.8269,1.7973,1.0032,0.5053,0.2234,0.1119,0.0445,0.0345,0.0237,0.0786,0.0158,0.0418,0.0231,0.0059,0.0056,0.0229,0.0292,0.0122,0.0089,0.0062,0.0283,0.0182,0.0214,0.0036,0.0323,0.0159,0.0019,100.0
0.0475,0.0169,0.0121,0.0025,0.039,0.0065,0.0093,0.0311,0.0035,0.0162,0.0149,0.0266,0.0027,0.0243,0.0186,0.0126,0.0248,0.0839,0.2471,0.7077,1.5745,2.957,4.692,6.2222,6.7933,6.1844,5.015,3.1637,1.7175,0.8257,0.3407,0.1245,0.0923,0.0359,0.035,0.0683,0.0426,0.0067,0.0262,0.0115,0.0067,0.0066,0.0076,0.0494,0.0045,0.049,0.0172,0.0107,0.0035,0.0293,73.16
0.028,0.029,0.0127,0.0272,0.0019,0.0317,0.0091,0.0217,0.0423,0.0164,0.0305,0.068,0.01,0.0254,0.0519,0.0481,0.0533,0.1102,0.2465,0.5039,1.1291,2.1807,3.6716,5.3296,6.6658,7.1898,6.7415,5.8859,4.2238,2.8255,1.9258,1.4772,1.2932,1.1732,1.0931,0.9025,0.7069,0.4931,0.3065,0.2107,0.1455,0.0622,0.0469,0.0332,0.0411,0.0315,0.0098,0.0264,0.0521,0.0062,89.29
0.0154,0.0079,0.0012,0.0371,0.0248,0.0518,0.0386,0.0234,0.0422,0.0096,0.0033,0.0168,0.0143,0.0727,0.1251,0.2718,0.6068,1.274,2.3126,3.6519,5.0565,6.1991,6.6842,6.3399,5.6151,4.2923,2.9736,1.9674,1.3172,0.9492,0.7199,0.5764,0.4552,0.3234,0.2448,0.1486,0.0883,0.0822,0.0375,0.0192,0.0127,0.0168,0.0165,0.0665,0.0062,0.0051,0.0372,0.0016,0.0559,0.0296,80.53
0.0009,0.0389,0.0291,0.0045,0.0148,0.0313,0.0147,0.0025,0.047,0.0623,0.0171,0.0476,0.0561,0.0339,0.0034,0.0112,0.0231,0.1102,0.2764,0.7358,1.6412,2.8742,4.0614,4.549,4.1169,3.2213,2.012,1.1673,0.7314,0.5651,0.4638,0.3994,0.3157,0.225,0.159,0.1055,0.0688,0.0442,0.0416,0.0212,0.0044,0.0437,0.0144,0.0664,0.0068,0.0695,0.0437,0.0228,0.0762,0.0002,51.1
0.0251,0.024,0.0312,0.016,0.0049,0.013,0.0341,0.0471,0.0014,0.0326,0.0313,0.029,0.0365,0.0151,0.0312,0.0135,0.0307,0.0482,0.0244,0.0021,0.0379,0.0475,0.0226,0.0086,0.072,0.0523,0.1205,0.2397,0.4875,0.9111,1.4391,1.9289,2.1016,1.9177,1.5281,0.9844,0.5549,0.3134,0.2284,0.195,0.2513,0.1654,0.1466,0.0929,0.0647,0.05,0.0325,0.0342,0.0059,0.0769,21.77
0.0049,0.0352,0.0264,0.0474,0.04,0.019,0.008,0.0179,0.0176,0.0054,0.0073,0.0446,0.0206,0.0097,0.0629,0.0147,0.0291,0.0077,0.0161,0.0206,0.0316,0.0031,0.0133,0.056,0.0684,0.175,0.4605,1.1329,2.3213,4.0728,6.1118,7.8966,8.7532,8.3986,7.5315,5.7212,4.1489,2.9797,2.2795,1.7366,1.2964,0.9145,0.6562,0.3758,0.2343,0.1269,0.0858,0.0307,0.0223,0.013,100.0
0.004,0.0521,0.0186,0.0277,0.0058,0.0487,0.0553,0.0658,0.0279,0.0595,0.1356,0.3698,0.8644,1.7876,3.098,4.6219,5.9555,6.5684,6.2686,5.4612,4.0968,2.8089,1.9376,1.3582,0.9702,0.7133,0.5457,0.3905,0.2458,0.142,0.0878,0.0755,0.0478,0.0137,0.0143,0.0124,0.0454,0.0054,0.0079,0.014,0.0279,0.0382,0.0071,0.0591,0.0246,0.0353,0.0476,0.0014,0.0204,0.0154,78.55
0.0258,0.0198,0.0136,0.028,0.0097,0.0021,0.0201,0.0052,0.009,0.0227,0.0232,0.0801,0.0059,0.041,0.0506,0.0058,0.0125,0.0094,0.073,0.1294,0.2436,0.6261,1.404,2.5734,4.2977,6.0895,7.6158,8.1915,7.7311,6.7709,5.0108,3.4721,2.3159,1.6836,1.3708,1.2637,1.1365,1.0371,0.8599,0.6916,0.5428,0.4166,0.2708,0.2116,0.1154,0.1328,0.0599,0.0557,0.0346,0.0314,100.0
0.0163,0.033,0.0149,0.0238,0.0351,0.0538,0.0374,0.028,0.0783,0.164,0.3217,0.622,1.0946,1.5685,1.972,2.146,2.0342,1.7576,1.2761,0.8217,0.5264,0.3145,0.2301,0.1325,0.0888,0.0564,0.0287,0.041,0.0467,0.0062,0.0281,0.0146,0.0229,0.0289,0.0115,0.0201,0.0275,0.0243,0.0035,0.0376,0.0257,0.0518,0.0045,0.0557,0.0159,0.0965,0.01,0.0071,0.0647,0.0128,25.74
0.0122,0.0041,0.002,0.0054,0.0627,0.0111,0.0051,0.0121,0.0235,0.0053,0.0084,0.0578,0.0073,0.0093,0.0018,0.0355,0.043,0.0257,0.0429,0.0344,0.0178,0.0345,0.0589,0.0712,0.3371,1.6129,4.9308,9.6679,12.1364,9.8634,5.9079,3.2747,2.9097,3.0365,2.5172,1.5429,0.6918,0.2491,0.1251,0.0451,0.017,0.0306,0.0171,0.0232,0.0203,0.0472,0.0055,0.0148,0.0572,0.0151,100.0
0.0408,0.0366,0.0389,0.0563,0.0086,0.0175,0.0293,0.0292,0.0382,0.1293,0.3218,0.954,2.1208,3.7071,5.252,6.0012,5.493,4.3414,2.9326,1.9219,1.3713,1.0378,0.8038,0.5734,0.3658,0.2404,0.1166,0.0897,0.0285,0.0168,0.0087,0.0375,0.0297,0.0456,0.0142,0.0021,0.0373,0.0362,0.0162,0.0133,0.0284,0.0141,0.0087,0.0055,0.026,0.0172,0.0082,0.004,0.0185,0.0151,66.55
0.0442,0.054,0.0237,0.0366,0.0084,0.0016,0.0111,0.0587,0.0054,0.0227,0.0085,0.0069,0.0006,0.0438,0.0326,0.0586,0.0066,0.0263,0.0132,0.0357,0.0235,0.0194,0.0985,0.0965,0.0823,0.1835,0.4245,0.7805,1.3403,2.0416,2.8095,3.4005,3.6102,3.4241,3.0793,2.3512,1.6715,1.0954,0.7609,0.5614,0.4068,0.3453,0.254,0.1883,0.1634,0.0868,0.0778,0.0573,0.0363,0.0305,44.02
0.0239,0.0244,0.0052,0.0128,0.035,0.0108,0.0224,0.0041,0.0314,0.0484,0.0036,0.0213,0.0417,0.0387,0.0112,0.0578,0.0175,0.0434,0.0041,0.0372,0.0263,0.1016,0.2807,0.8259,2.0009,3.7138,5.3831,6.1537,5.4897,4.1678,2.6826,1.7974,1.3901,1.2881,1.1623,0.8776,0.581,0.3311,0.1536,0.0857,0.0647,0.0211,0.0234,0.0157,0.0468,0.0371,0.0161,0.0199,0.0418,0.0056,68.28
0.0238,0.0202,0.0303,0.0434,0.0349,0.0328,0.0165,0.0049,0.0068,0.0059,0.0202,0.0117,0.0235,0.0139,0.038,0.0082,0.0174,0.0353,0.0165,0.0332,0.0941,0.2697,0.6126,1.2194,2.2468,3.6037,5.1077,6.3037,6.8298,6.5982,5.9162,4.5678,3.2614,2.2355,1.5741,1.1596,0.8274,0.642,0.4663,0.338,0.2264,0.1775,0.1615,0.0701,0.0461,0.0395,0.0809,0.0361,0.0493,0.0371,83.29
0.0154,0.0319,0.0028,0.0215,0.0298,0.0091,0.0173,0.0268,0.0084,0.0414,0.2037,0.4909,1.1763,2.2146,3.191,3.6873,3.282,2.512,1.5828,1.023,0.7641,0.6318,0.5639,0.4959,0.3818,0.2566,0.16,0.1124,0.0362,0.0447,0.0624,0.0113,0.007,0.0031,0.0231,0.0236,0.0137,0.0052,0.0101,0.0449,0.0029,0.031,0.0336,0.0006,0.0557,0.0392,0.0243,0.0093,0.0547,0.013,41.84
0.0323,0.0116,0.022,0.032,0.02,0.0263,0.0146,0.0395,0.0741,0.2815,0.6636,1.4223,2.4772,3.4423,3.8643,3.4593,2.7133,1.6624,0.9615,0.6251,0.5022,0.5475,0.5506,0.5089,0.4368,0.3171,0.224,0.1663,0.0612,0.06,0.018,0.0251,0.0263,0.008,0.012,0.0246,0.009,0.0177,0.0297,0.0489,0.0097,0.0047,0.0359,0.0039,0.0047,0.0158,0.0025,0.0265,0.0605,0.0249,44.43
0.0301,0.0073,0.0386,0.0018,0.0005,0.0216,0.0611,0.1068,0.2427,0.6915,1.6872,3.3972,5.6208,7.6048,8.5587,7.9338,6.5937,4.5782,2.9688,2.003,1.4568,1.164,0.8802,0.6302,0.4595,0.3488,0.1976,0.1178,0.1341,0.0445,0.0259,0.0173,0.0465,0.0862,0.0261,0.0078,0.0144,0.0251,0.0391,0.0506,0.0246,0.0768,0.0182,0.0258,0.0447,0.0042,0.0417,0.0098,0.0079,0.0196,96.02
0.0062,0.0319,0.0191,0.0583,0.0027,0.0156,0.0027,0.0328,0.0411,0.021,0.0099,0.0214,0.0066,0.0643,0.0242,0.0418,0.0537,0.0429,0.0205,0.0294,0.0621,0.0112,0.027,0.0367,0.0174,0.0235,0.043,0.0354,0.1795,0.5026,1.4023,3.1927,5.7514,8.1931,9.213,8.1633,6.0536,3.4601,1.6328,0.6509,0.2587,0.1585,0.1101,0.0676,0.0844,0.0667,0.0627,0.0478,0.0562,0.0155,91.91
0.0219,0.0243,0.0137,0.0111,0.0048,0.0578,0.0709,0.039,0.0247,0.0557,0.0411,0.047,0.0195,0.0483,0.0326,0.0135,0.0724,0.0287,0.12,0.6571,2.3351,5.9021,10.3706,12.5284,10.3686,6.1994,2.5362,0.8157,0.291,0.1709,0.1015,0.0929,0.0508,0.0421,0.0433,0.0771,0.0504,0.037,0.0237,0.0342,0.016,0.007,0.0453,0.0769,0.04,0.006,0.0056,0.0014,0.0333,0.0281,100.0
0.0284,0.0048,0.0074,0.0042,0.0286,0.0047,0.0264,0.0048,0.0402,0.0078,0.0097,0.0245,0.0421,0.0516,0.0317,0.0264,0.0224,0.0271,0.0303,0.0149,0.0567,0.0058,0.0033,0.0156,0.0536,0.017,0.0432,0.1414,0.4583,1.0597,2.1853,3.6529,5.0071,5.5109,4.9587,3.7527,2.3279,1.1665,0.4747,0.2212,0.0786,0.043,0.0576,0.0247,0.0122,0.0285,0.0251,0.0291,0.0311,0.0054,56.16
0.0481,0.0578,0.0136,0.0416,0.0101,0.0145,0.0352,0.0236,0.0163,0.0034,0.0203,0.0072,0.0264,0.0026,0.0029,0.0262,0.0343,0.0314,0.0128,0.0056,0.0491,0.0556,0.0799,0.173,0.4026,0.6921,1.2432,1.884,2.5782,3.0753,3.288,3.1244,2.7381,2.0486,1.4569,0.9001,0.5664,0.3467,0.269,0.2108,0.1326,0.1011,0.0753,0.0477,0.0429,0.0665,0.0112,0.0131,0.0224,0.0338,39.3
0.0191,0.0158,0.0463,0.0272,0.0121,0.0297,0.0386,0.0192,0.0244,0.0375,0.043,0.0331,0.004,0.018,0.004,0.0324,0.0234,0.0132,0.0191,0.0054,0.0091,0.007,0.0023,0.0339,0.0565,0.1746,0.4043,0.8294,1.4225,1.9393,2.1794,1.938,1.5543,0.9269,0.4648,0.2122,0.0882,0.1007,0.0357,0.0128,0.0329,0.0203,0.0319,0.0298,0.0397,0.0147,0.0377,0.0191,0.009,0.0504,26.72
0.0103,0.0003,0.0105,0.0247,0.0657,0.0536,0.0341,0.0337,0.025,0.0014,0.0221,0.0007,0.013,0.0455,0.0133,0.0586,0.1402,0.3137,0.6814,1.2871,2.0403,2.6687,2.8878,2.6785,2.182,1.4421,0.8561,0.4949,0.3198,0.268,0.2281,0.205,0.1851,0.1502,0.1366,0.0857,0.062,0.0468,0.0525,0.0163,0.0424,0.0165,0.0261,0.0253,0.0105,0.0217,0.0112,0.0107,0.0156,0.0149,30.65
0.0154,0.0111,0.0128,0.0083,0.0229,0.029,0.0298,0.0236,0.016,0.0263,0.0141,0.009,0.0168,0.0506,0.0611,0.152,0.4736,1.1841,2.5849,4.4373,6.2325,6.9832,6.3246,4.8503,3.0682,1.8966,1.3947,1.1827,1.121,1.0111,0.8609,0.6312,0.4184,0.256,0.2027,0.112,0.0461,0.0175,0.0243,0.0299,0.0162,0.0253,0.0557,0.0091,0.0617,0.0067,0.0082,0.0422,0.0095,0.0044,76.87
0.0198,0.0148,0.0134,0.0147,0.0132,0.0461,0.0063,0.0294,0.0374,0.0052,0.0189,0.0121,0.0497,0.0495,0.023,0.0143,0.0158,0.0333,0.0226,0.0057,0.0095,0.0033,0.0051,0.0602,0.0169,0.0441,0.1459,0.4591,1.323,2.9432,4.7273,5.5813,4.7381,3.2357,1.5671,0.6439,0.2453,0.1777,0.0864,0.0848,0.1033,0.0386,0.0673,0.0225,0.0334,0.0196,0.0682,0.0433,0.014,0.0301,55.13
0.0223,0.0095,0.0068,0.0195,0.0095,0.0512,0.027,0.0573,0.036,0.0411,0.0096,0.0384,0.0553,0.1592,0.5905,1.7029,3.709,6.0179,7.0339,6.2117,4.5631,2.6671,1.5737,1.0788,0.6872,0.4292,0.2853,0.1421,0.0923,0.0731,0.0635,0.0885,0.0233,0.0817,0.016,0.0359,0.0165,0.0345,0.064,0.0082,0.0873,0.0088,0.0304,0.0198,0.0498,0.0322,0.0449,0.0022,0.0381,0.0142,71.05
0.0101,0.0057,0.0713,0.0096,0.0042,0.002,0.0411,0.0106,0.0613,0.3386,1.2507,3.5347,7.5289,11.8976,13.9097,12.0836,8.4737,5.0172,3.5364,3.3891,3.4201,3.035,2.1913,1.2767,0.6139,0.2979,0.1193,0.1033,0.0702,0.0254,0.0143,0.0205,0.0535,0.012,0.0559,0.0071,0.0229,0.0286,0.0271,0.0087,0.0155,0.0162,0.0389,0.0369,0.0281,0.0009,0.0117,0.0347,0.0184,0.0278,100.0
0.0578,0.0294,0.0417,0.0216,0.0229,0.0343,0.0071,0.0541,0.0371,0.17,0.7209,2.4663,6.0287,10.3206,12.447,10.7581,7.372,4.6376,3.7258,3.5628,3.014,2.1269,1.1683,0.529,0.2008,0.0779,0.0653,0.0555,0.017,0.014,0.0385,0.0379,0.0133,0.0179,0.0205,0.0228,0.0169,0.0051,0.0056,0.017,0.0247,0.0027,0.0343,0.0203,0.0541,0.0425,0.0357,0.0076,0.0051,0.0343,100.0
0.0011,0.0261,0.0111,0.0176,0.0173,0.0277,0.0788,0.0028,0.0205,0.0212,0.0015,0.0326,0.0145,0.0256,0.0473,0.0148,0.0083,0.0033,0.0273,0.0066,0.0687,0.0546,0.0856,0.2367,0.5235,1.1093,1.9824,3.0066,3.8468,4.1932,3.9114,3.2577,2.3243,1.5776,1.062,0.7895,0.6871,0.5958,0.5361,0.402,0.2815,0.1987,0.1506,0.0866,0.0729,0.0457,0.0114,0.0787,0.0237,0.0273,52.29
0.0317,0.0116,0.0336,0.0531,0.0051,0.0241,0.0727,0.1189,0.3567,0.7719,1.6436,3.076,4.8484,6.8449,8.531,9.336,9.0923,8.1275,6.512,4.9168,3.6698,2.8136,2.1659,1.6947,1.3401,0.9728,0.6982,0.4808,0.2855,0.1705,0.1313,0.0521,0.046,0.029,0.0686,0.0419,0.0412,0.0364,0.035,0.0027,0.0033,0.0369,0.0525,0.0146,0.0102,0.0076,0.0402,0.0523,0.0002,0.0136,100.0
0.032,0.0067,0.0228,0.0134,0.0095,0.0301,0.0079,0.0025,0.0275,0.0045,0.0089,0.0069,0.0276,0.0434,0.0342,0.0364,0.0241,0.0554,0.0296,0.0209,0.011,0.061,0.0633,0.1877,0.8092,2.5812,5.9668,9.8875,11.6887,10.0144,6.9056,3.8032,2.4782,2.4345,2.819,2.9303,2.6814,2.1471,1.4817,0.8744,0.4459,0.2374,0.0952,0.0437,0.0485,0.0362,0.0197,0.0242,0.0128,0.0064,100.0
0.0044,0.0051,0.0377,0.0322,0.0355,0.0296,0.0357,0.0045,0.0153,0.0148,0.0255,0.0115,0.0225,0.015,0.0299,0.043,0.0533,0.1385,0.2756,0.7852,1.8552,3.6189,5.8926,7.9814,8.9339,8.4989,7.202,5.1653,3.4536,2.3138,1.5701,1.1083,0.7224,0.5041,0.2625,0.2003,0.1101,0.0578,0.0449,0.0237,0.0353,0.0447,0.048,0.0216,0.0678,0.0115,0.0342,0.0269,0.0215,0.0136,100.0
0.0134,0.0345,0.0161,0.0736,0.0335,0.0014,0.0075,0.0119,0.0445,0.1267,0.426,1.2132,3.0995,5.9991,8.9652,10.3054,9.2256,7.0774,4.5714,3.3579,3.2777,3.584,3.7252,3.4455,2.7678,1.9433,1.242,0.6912,0.3219,0.1503,0.0916,0.0471,0.0351,0.0331,0.0356,0.0256,0.011,0.0307,0.0047,0.0423,0.005,0.0046,0.0115,0.0151,0.0109,0.0113,0.0321,0.0245,0.0205,0.0144,100.0
0.004,0.0207,0.0114,0.0087,0.0311,0.0246,0.044,0.0042,0.0259,0.0149,0.0038,0.0314,0.0285,0.0049,0.0524,0.115,0.2326,0.5079,1.1551,2.3584,4.053,6.0139,7.6502,8.3702,7.9161,6.7235,4.9413,3.4182,2.3269,1.7379,1.3271,1.0708,0.8665,0.6706,0.4839,0.3217,0.1832,0.1923,0.059,0.029,0.0306,0.035,0.0079,0.0364,0.0367,0.0236,0.0353,0.0007,0.0381,0.0399,98.7
0.0001,0.014,0.0099,0.0115,0.0131,0.0367,0.0766,0.0118,0.0144,0.012,0.0043,0.0212,0.0295,0.1135,0.5036,1.5454,3.6369,6.1364,7.2087,6.1079,4.0763,2.0353,1.1049,0.9664,1.1191,1.3337,1.3808,1.2944,1.0423,0.7724,0.4824,0.2985,0.1765,0.086,0.0708,0.0225,0.022,0.0208,0.0605,0.0398,0.006,0.0125,0.0313,0.0161,0.0131,0.0121,0.004,0.0621,0.0396,0.0625,78.05
0.0269,0.0452,0.0567,0.0051,0.0066,0.0024,0.0502,0.0087,0.0514,0.0051,0.0312,0.0149,0.02,0.002,0.0381,0.0311,0.0222,0.0039,0.0255,0.0129,0.0513,0.1226,0.2855,0.5586,0.9662,1.4762,1.8958,2.0769,1.9195,1.6118,1.0666,0.6148,0.3221,0.1695,0.0734,0.0587,0.0363,0.0414,0.0626,0.0219,0.041,0.0121,0.0138,0.0371,0.0303,0.016,0.0061,0.0289,0.0296,0.0037,23.38
0.008,0.041,0.032,0.0208,0.0324,0.0082,0.0067,0.0426,0.0072,0.0376,0.0171,0.0148,0.0147,0.0483,0.0116,0.0971,0.1169,0.2217,0.6079,1.3193,2.5636,4.4559,6.4761,8.275,9.1502,8.8023,7.8731,6.0375,4.3602,3.0336,2.149,1.5435,1.1353,0.8133,0.571,0.3737,0.2523,0.1398,0.1565,0.057,0.0714,0.017,0.012,0.0094,0.0072,0.0158,0.0473,0.0051,0.0329,0.0562,100.0
0.0039,0.015,0.0448,0.0146,0.0208,0.0247,0.0099,0.0291,0.0387,0.0158,0.0286,0.0185,0.0311,0.0255,0.0103,0.0662,0.0053,0.0976,0.0348,0.1146,0.3493,0.8976,2.0427,3.8343,6.0881,8.0433,8.9668,8.3932,7.2063,5.0385,3.252,2.0498,1.4001,0.9307,0.6987,0.4643,0.3092,0.2288,0.1188,0.0676,0.0459,0.0174,0.0109,0.0349,0.0766,0.0648,0.0315,0.0071,0.0061,0.0279,100.0
0.0046,0.079,0.025,0.0223,0.0197,0.0286,0.0477,0.0054,0.0928,0.0522,0.1023,0.1657,0.2831,0.5312,0.9579,1.396,1.8691,2.2557,2.3918,2.2949,1.9856,1.4989,1.0474,0.702,0.4389,0.2902,0.1883,0.1486,0.1136,0.0963,0.0852,0.0528,0.0311,0.0304,0.0396,0.0231,0.0081,0.0045,0.023,0.0131,0.0225,0.0113,0.0032,0.0286,0.0227,0.0278,0.0006,0.0016,0.0062,0.0117,28.31
0.0485,0.0421,0.0148,0.0038,0.004,0.0329,0.058,0.0048,0.0047,0.0337,0.0433,0.0532,0.0241,0.0651,0.0494,0.1024,0.3578,1.0452,2.1959,3.4539,4.1028,3.6116,2.6454,1.539,0.9206,0.6194,0.4054,0.2836,0.1937,0.1437,0.0546,0.0295,0.0285,0.047,0.0141,0.029,0.0154,0.0104,0.0308,0.0126,0.0306,0.0311,0.0056,0.0281,0.0498,0.0538,0.0012,0.015,0.0091,0.0305,44.17
0.0296,0.0304,0.0094,0.0297,0.0043,0.0473,0.0314,0.0207,0.0105,0.0035,0.032,0.0361,0.0124,0.0157,0.0107,0.0232,0.0444,0.0002,0.0262,0.0562,0.0054,0.0534,0.0875,0.3032,0.6745,1.469,2.8162,4.4497,5.896,6.4691,5.9101,4.6944,2.9578,1.5999,0.7244,0.3304,0.1404,0.0963,0.0705,0.087,0.0305,0.0572,0.0164,0.0294,0.0458,0.0446,0.0197,0.0273,0.0036,0.0399,70.02
0.0246,0.0325,0.0171,0.0523,0.042,0.0055,0.0009,0.0329,0.0263,0.0235,0.0162,0.0431,0.0748,0.1027,0.2178,0.4575,0.839,1.3105,1.8331,2.2775,2.3798,2.2441,1.9529,1.3696,0.8734,0.4892,0.2468,0.1246,0.0516,0.0647,0.0259,0.0149,0.0478,0.0444,0.0182,0.0429,0.0256,0.0177,0.0175,0.0092,0.0296,0.0341,0.0315,0.0187,0.0014,0.0282,0.0083,0.0218,0.0357,0.0095,26.91
0.0125,0.0221,0.0607,0.0001,0.0047,0.0216,0.0365,0.0329,0.0182,0.0549,0.0094,0.0311,0.0749,0.0353,0.0089,0.0614,0.0216,0.0292,0.1134,0.2731,0.7076,1.382,2.0,2.2657,2.0228,1.5583,1.0056,0.6497,0.5199,0.4913,0.404,0.3324,0.2759,0.1525,0.103,0.0674,0.0363,0.0333,0.0145,0.0121,0.0382,0.007,0.0225,0.0153,0.0104,0.0394,0.011,0.0036,0.041,0.0231,25.31
0.0318,0.0397,0.0251,0.0236,0.0056,0.0009,0.0446,0.0678,0.0059,0.0324,0.0588,0.0358,0.0005,0.0218,0.0269,0.0064,0.0097,0.0096,0.003,0.0126,0.026,0.0317,0.027,0.0402,0.0993,0.2339,0.5302,0.9983,1.6505,2.3736,2.9853,3.2526,3.0919,2.8093,2.1039,1.5348,1.1062,0.8196,0.6651,0.5571,0.3901,0.2924,0.2472,0.1466,0.0636,0.0618,0.0765,0.0251,0.0323,0.0025,39.07
0.0156,0.0076,0.0191,0.0201,0.0213,0.0001,0.0548,0.0514,0.0064,0.0813,0.0196,0.0063,0.0134,0.0606,0.0308,0.077,0.0627,0.0086,0.0032,0.0272,0.0715,0.065,0.3221,0.9377,2.5486,5.1883,7.9859,9.1827,7.9739,5.5196,2.7749,1.1276,0.3942,0.1648,0.1197,0.0862,0.0968,0.0748,0.0557,0.0488,0.0269,0.0202,0.0334,0.0135,0.0879,0.0608,0.0124,0.0158,0.0956,0.0336,91.89
0.0007,0.0001,0.0522,0.0149,0.0291,0.0431,0.0437,0.0018,0.0665,0.0646,0.0252,0.021,0.0441,0.0032,0.0563,0.1213,0.5116,1.6115,3.7011,6.1796,7.4106,6.6296,5.0053,3.1679,2.1998,1.5837,1.1543,0.7153,0.4067,0.1982,0.0772,0.0563,0.0256,0.0325,0.038,0.0301,0.0216,0.0405,0.013,0.0357,0.0126,0.0261,0.0255,0.0067,0.0424,0.0515,0.0605,0.0107,0.028,0.0203,82.08
0.0196,0.0888,0.0413,0.039,0.0268,0.0036,0.0308,0.0225,0.0186,0.0372,0.034,0.012,0.0091,0.0303,0.0271,0.0229,0.0272,0.082,0.3038,0.9085,2.3381,4.6587,7.0528,8.2078,7.4644,5.7284,3.6751,2.4605,1.9454,1.5285,1.2223,0.8879,0.5428,0.2953,0.1544,0.0755,0.0555,0.0157,0.0241,0.0722,0.047,0.034,0.0462,0.027,0.0064,0.0373,0.0101,0.0005,0.0072,0.0543,89.17
0.0112,0.0342,0.0165,0.0012,0.048,0.0438,0.0334,0.0196,0.0122,0.0466,0.0242,0.0274,0.0318,0.0298,0.0358,0.0159,0.0507,0.0124,0.0237,0.0353,0.0229,0.0577,0.1196,0.221,0.591,1.2618,2.4045,3.8342,4.9911,5.4676,5.0361,3.9032,2.4955,1.3489,0.6255,0.2485,0.1358,0.0495,0.0282,0.048,0.0405,0.0283,0.0213,0.0097,0.0243,0.0382,0.0743,0.0379,0.0227,0.0058,60.58
0.0219,0.0212,0.0253,0.017,0.0475,0.023,0.0087,0.0361,0.0198,0.0663,0.0182,0.0206,0.033,0.0389,0.0125,0.0474,0.0583,0.0715,0.0135,0.0032,0.0233,0.0064,0.024,0.0459,0.0336,0.0705,0.039,0.0126,0.0158,0.1258,0.6045,2.307,6.0569,10.9013,13.5759,11.9357,8.7963,5.8583,4.4415,3.5033,2.3746,1.3237,0.6082,0.2467,0.1567,0.0836,0.0298,0.0623,0.029,0.0364,100.0
0.0264,0.0306,0.0048,0.0124,0.0188,0.0218,0.0016,0.0149,0.0764,0.2693,0.815,2.1417,4.2728,6.4326,7.4094,6.4475,4.4448,2.3327,1.1412,0.701,0.6916,0.8268,0.885,0.7731,0.6526,0.433,0.213,0.1198,0.0455,0.0198,0.0172,0.0519,0.0166,0.0341,0.0171,0.0302,0.0225,0.0105,0.0258,0.0063,0.0239,0.0177,0.0036,0.0044,0.0499,0.0256,0.0183,0.0515,0.0052,0.0047,77.9
0.0469,0.0326,0.002,0.0334,0.0177,0.012,0.0534,0.0089,0.0039,0.0035,0.0404,0.0173,0.0203,0.0039,0.0242,0.0947,0.1482,0.3138,0.6988,1.4034,2.5228,4.0342,5.5998,6.8828,7.5026,7.2686,6.6025,5.2374,3.9636,2.98,2.2862,1.8631,1.5807,1.3023,1.0522,0.8255,0.6402,0.4521,0.3052,0.1952,0.1353,0.1035,0.0505,0.0307,0.0128,0.0546,0.0854,0.0152,0.0169,0.0223,97.59
0.0349,0.0302,0.0106,0.0096,0.0457,0.0228,0.0108,0.0425,0.1129,0.2755,0.7392,1.5694,2.9691,4.6611,6.1514,6.8646,6.4609,5.6483,4.1549,2.9962,2.3222,1.8922,1.616,1.3513,1.031,0.7432,0.4709,0.2693,0.1443,0.0835,0.0431,0.0544,0.0552,0.0563,0.034,0.0148,0.0435,0.006,0.065,0.0133,0.0456,0.0017,0.0804,0.0193,0.038,0.0015,0.037,0.05,0.0416,0.0062,84.43
0.0407,0.0192,0.0358,0.0064,0.018,0.0564,0.0027,0.019,0.0665,0.2122,0.7012,1.8204,3.9519,6.9135,9.722,11.0843,10.3068,8.4402,5.9938,4.0917,3.0265,2.4043,1.9264,1.4068,0.9297,0.5586,0.3027,0.1527,0.1173,0.0525,0.0368,0.0093,0.0413,0.0551,0.0521,0.0017,0.0087,0.0456,0.0244,0.0037,0.006,0.0276,0.0125,0.0252,0.0039,0.0154,0.0131,0.0066,0.0015,0.0272,100.0
0.0366,0.0108,0.0143,0.0235,0.0002,0.0196,0.0304,0.0043,0.021,0.0366,0.0258,0.0164,0.0375,0.0178,0.0408,0.0124,0.0257,0.0794,0.1553,0.3426,0.6029,0.9865,1.4756,1.9999,2.3056,2.4357,2.3456,2.1168,1.6423,1.1785,0.8541,0.5856,0.4069,0.3377,0.2783,0.2422,0.1927,0.1709,0.1354,0.1215,0.0708,0.0855,0.0392,0.0502,0.013,0.0106,0.0067,0.0408,0.0254,0.0436,33.75
0.0822,0.0645,0.0086,0.0057,0.0018,0.0116,0.0,0.004,0.0393,0.017,0.0288,0.0222,0.0157,0.0164,0.0238,0.0047,0.0067,0.0075,0.0728,0.0158,0.0214,0.0007,0.0386,0.0291,0.0101,0.0431,0.0951,0.1383,0.3484,0.8184,1.6121,2.6894,3.651,4.0485,3.7371,3.089,2.1028,1.4608,1.0063,0.8203,0.7171,0.5649,0.4204,0.2734,0.1691,0.1143,0.0495,0.0262,0.0469,0.0258,44.46
0.0055,0.053,0.0204,0.0202,0.0269,0.0531,0.0413,0.0253,0.0142,0.0376,0.0539,0.0379,0.0301,0.0043,0.0651,0.0006,0.0356,0.0432,0.0038,0.0177,0.0514,0.0325,0.1318,0.3929,1.2782,3.2315,6.3573,9.6456,11.27,10.3358,8.2776,5.4523,3.5205,2.4711,1.8159,1.2941,0.8571,0.5207,0.3015,0.1485,0.1004,0.0649,0.0267,0.0606,0.0766,0.0182,0.0319,0.0182,0.0273,0.007,100.0
0.0526,0.0285,0.0404,0.0007,0.0247,0.0028,0.0441,0.0027,0.05,0.1389,0.5585,2.1803,6.1144,11.3928,14.0085,11.3637,6.5939,2.6375,1.1445,1.2244,1.9719,2.7968,3.1332,2.7342,1.8539,0.9795,0.4417,0.175,0.0385,0.027,0.012,0.0168,0.0512,0.0484,0.0691,0.038,0.0238,0.0203,0.0075,0.0003,0.0396,0.0122,0.0159,0.0051,0.0238,0.0091,0.0014,0.0223,0.0034,0.0324,100.0
0.0027,0.0721,0.0069,0.0353,0.015,0.0191,0.0128,0.0166,0.0189,0.0154,0.0943,0.2396,0.8239,2.2207,5.0109,8.9169,12.6608,14.2541,12.8526,10.1534,6.4464,4.0602,3.0551,2.8579,2.8019,2.5379,2.0474,1.5007,0.9466,0.5319,0.2872,0.1675,0.0663,0.0613,0.0399,0.0337,0.023,0.0435,0.0333,0.03,0.0111,0.009,0.0035,0.0041,0.0084,0.0172,0.0146,0.0482,0.0048,0.0458,100.0
0.023,0.0183,0.0035,0.0633,0.0292,0.0213,0.0345,0.0446,0.0367,0.0266,0.0444,0.0448,0.0051,0.0109,0.0261,0.0759,0.0814,0.1412,0.5773,1.7081,4.137,7.8304,11.4245,13.2087,12.1296,9.8408,6.5091,4.1965,2.7612,1.8216,1.0844,0.6007,0.3331,0.1654,0.0806,0.057,0.0381,0.0421,0.0431,0.0234,0.0116,0.0448,0.0361,0.0506,0.0252,0.0401,0.0228,0.0023,0.0516,0.0349,100.0
0.0493,0.0316,0.0579,0.01,0.0068,0.0478,0.0763,0.2046,0.4958,1.0884,1.9672,3.2133,4.5915,5.7218,6.2101,5.9152,5.3119,4.0303,2.8756,2.0278,1.4762,1.1076,0.8851,0.6955,0.5242,0.4002,0.2723,0.1842,0.1091,0.06,0.0588,0.0489,0.0292,0.0538,0.0215,0.0169,0.0332,0.0051,0.041,0.0666,0.031,0.003,0.0211,0.0005,0.0551,0.0197,0.0286,0.0203,0.0538,0.0337,77.37
0.0244,0.0568,0.0218,0.0282,0.0672,0.023,0.0427,0.0591,0.0398,0.0302,0.0215,0.0297,0.0092,0.0054,0.0062,0.0121,0.0186,0.0655,0.2563,0.7039,1.4851,2.3851,2.7429,2.4116,1.7595,1.0627,0.6656,0.4691,0.4521,0.2964,0.2276,0.1382,0.0673,0.0468,0.0415,0.038,0.0372,0.013,0.0124,0.028,0.0066,0.0295,0.0168,0.0403,0.0109,0.0081,0.0338,0.0045,0.0289,0.0168,30.48
0.01,0.0306,0.0107,0.0519,0.0064,0.0136,0.0482,0.0266,0.0369,0.0236,0.0502,0.0063,0.0159,0.0152,0.0468,0.021,0.0167,0.0638,0.2224,0.775,1.7248,3.3196,4.9333,5.7511,5.3474,4.353,3.043,2.1195,1.4774,1.0044,0.6106,0.3295,0.1605,0.0683,0.0461,0.0404,0.0814,0.0266,0.0088,0.0211,0.0462,0.0626,0.0027,0.0503,0.0048,0.0113,0.0011,0.0656,0.0227,0.0281,63.99
0.01,0.0317,0.0228,0.0245,0.0453,0.0023,0.0025,0.0001,0.0233,0.0217,0.0507,0.09,0.3058,0.8502,1.8188,3.2147,4.574,5.1399,4.5727,3.4434,1.9846,0.9162,0.3702,0.1505,0.081,0.0658,0.0491,0.0808,0.0326,0.0254,0.0348,0.0342,0.0286,0.0273,0.025,0.0121,0.033,0.0243,0.0377,0.0087,0.0063,0.0033,0.0121,0.0127,0.0047,0.0301,0.0303,0.0108,0.012,0.0302,54.71
0.01,0.0068,0.0398,0.0621,0.0728,0.0234,0.0368,0.0028,0.0481,0.0101,0.003,0.075,0.0264,0.0006,0.006,0.0365,0.022,0.0173,0.0448,0.0176,0.086,0.1621,0.4095,0.9727,1.8171,3.0936,4.433,5.5746,6.0048,5.6061,4.9194,3.5705,2.4711,1.799,1.5059,1.409,1.3472,1.22,1.0387,0.7548,0.5171,0.3047,0.1945,0.0783,0.0382,0.037,0.0379,0.0638,0.0067,0.0115,75.12
0.0008,0.0264,0.0138,0.0084,0.0024,0.0366,0.0046,0.0019,0.0491,0.0089,0.006,0.0276,0.0251,0.0413,0.0529,0.0009,0.0162,0.0488,0.024,0.003,0.0449,0.0467,0.0314,0.0653,0.1584,0.3109,0.6551,1.1212,1.7956,2.5533,3.3458,3.8999,4.1929,4.024,3.7719,3.0164,2.2533,1.6332,1.1838,0.8268,0.6515,0.5276,0.4132,0.3217,0.2485,0.1758,0.1435,0.0915,0.0608,0.0858,57.08
0.0206,0.0107,0.0575,0.0003,0.003,0.0045,0.0904,0.0189,0.0246,0.0157,0.0204,0.0242,0.0049,0.0263,0.0588,0.0045,0.0084,0.0315,0.0419,0.0265,0.0136,0.0203,0.004,0.0287,0.0164,0.0217,0.0189,0.0431,0.1689,0.4723,1.0209,1.8217,2.6469,2.9652,2.6788,2.0784,1.3287,0.8876,0.6445,0.5705,0.5008,0.3993,0.3591,0.2853,0.101,0.0502,0.0673,0.0527,0.0065,0.0119,34.75
0.0071,0.0356,0.0751,0.003,0.016,0.0379,0.0248,0.0473,0.0185,0.0423,0.004,0.028,0.0101,0.0507,0.0575,0.0071,0.0164,0.0334,0.028,0.0791,0.3008,0.9944,2.4365,4.7289,6.9517,7.9387,6.9884,5.1304,2.813,1.4074,0.9466,0.999,1.2158,1.2938,1.1594,0.8399,0.5589,0.2964,0.1143,0.045,0.0208,0.0078,0.0792,0.0062,0.0131,0.0043,0.0315,0.0021,0.021,0.0122,85.82
0.0033,0.048,0.0073,0.0296,0.0096,0.0634,0.0041,0.0394,0.0402,0.0045,0.0296,0.0327,0.0384,0.056,0.0152,0.0453,0.0312,0.0335,0.0523,0.2202,0.6665,1.6311,3.0676,4.5545,5.2624,4.7827,3.7095,2.4017,1.5614,1.146,0.9279,0.7675,0.5581,0.3385,0.1937,0.101,0.0881,0.0212,0.0106,0.0209,0.0113,0.0727,0.0338,0.0282,0.0524,0.0286,0.0057,0.0331,0.0157,0.0204,58.19
0.0357,0.0385,0.0331,0.0084,0.0029,0.0017,0.0173,0.0279,0.0411,0.015,0.0116,0.0085,0.0381,0.0232,0.0162,0.0076,0.0168,0.0386,0.075,0.1247,0.2433,0.5299,0.8948,1.409,1.9548,2.3966,2.5944,2.3733,2.121,1.4929,0.976,0.5845,0.3161,0.1835,0.063,0.0401,0.0251,0.022,0.0371,0.0399,0.0127,0.039,0.0237,0.0282,0.0437,0.0225,0.0047,0.0519,0.0441,0.0073,29.79
0.0109,0.0286,0.052,0.0302,0.026,0.0207,0.0091,0.0543,0.0469,0.0029,0.0166,0.0361,0.0344,0.1204,0.2115,0.4059,0.8069,1.3685,2.1379,2.8698,3.4569,3.6841,3.4659,3.0034,2.1761,1.4655,0.8137,0.4728,0.1962,0.0839,0.0472,0.0415,0.0396,0.0534,0.0053,0.0629,0.0055,0.0263,0.0034,0.0123,0.0359,0.0265,0.0178,0.0403,0.003,0.0171,0.0481,0.0425,0.038,0.0018,42.72
0.0288,0.0118,0.0224,0.0107,0.0301,0.0068,0.0481,0.0104,0.0147,0.0028,0.0374,0.0092,0.0129,0.0184,0.0123,0.0821,0.0057,0.0551,0.0702,0.197,0.7093,2.0565,4.4113,7.0878,8.4391,7.7648,6.1342,4.0231,2.8018,2.0796,1.5739,1.0856,0.6634,0.3613,0.1853,0.0882,0.067,0.0467,0.0195,0.0368,0.0347,0.0327,0.0315,0.0546,0.007,0.0153,0.0629,0.0631,0.0401,0.0196,91.08
0.002,0.0237,0.0337,0.0054,0.0273,0.0448,0.01,0.0526,0.0283,0.0151,0.0154,0.021,0.0038,0.0206,0.0159,0.0375,0.0346,0.0244,0.0152,0.1174,0.5041,1.5849,3.6729,6.1071,7.2607,6.1116,4.0642,1.8534,0.7038,0.2834,0.178,0.0996,0.1031,0.0883,0.0383,0.0318,0.0367,0.0623,0.0119,0.0533,0.006,0.0181,0.0205,0.0194,0.014,0.0141,0.0189,0.012,0.0406,0.0246,72.59
0.0588,0.0088,0.0034,0.0255,0.0125,0.02,0.0224,0.0257,0.0838,0.3988,1.2275,3.4154,7.0252,10.8783,12.635,10.9386,7.8243,4.3649,2.6288,2.3819,2.6725,2.83,2.5068,1.8433,1.1251,0.6238,0.2516,0.1204,0.0992,0.0399,0.0632,0.0245,0.0361,0.0184,0.0105,0.0429,0.0048,0.0126,0.0186,0.0346,0.0262,0.0382,0.0218,0.0045,0.0296,0.0346,0.0176,0.0609,0.0348,0.026,100.0
0.0103,0.0409,0.0121,0.0281,0.0036,0.0285,0.0141,0.0211,0.0297,0.0066,0.0225,0.0114,0.0217,0.0592,0.0035,0.0057,0.0286,0.0116,0.0145,0.0145,0.0001,0.0286,0.0035,0.0132,0.0823,0.1438,0.5278,1.3055,2.9737,5.7313,9.178,12.2719,13.8642,13.2812,11.7133,8.9791,6.8922,5.6086,4.9139,4.4337,3.8476,3.173,2.4464,1.7678,1.2321,0.7492,0.4387,0.281,0.1361,0.087,100.0
0.0159,0.0312,0.024,0.0368,0.018,0.0109,0.0096,0.0464,0.0202,0.0232,0.0263,0.0028,0.0392,0.0043,0.0169,0.0367,0.0237,0.0254,0.0291,0.0065,0.0013,0.0546,0.0431,0.0471,0.079,0.2368,0.6884,1.6442,3.1467,4.6841,5.4726,4.9711,3.8934,2.53,1.6787,1.0453,0.6528,0.3816,0.18,0.0884,0.0593,0.0219,0.0345,0.0268,0.0147,0.0118,0.0125,0.0287,0.0226,0.0114,57.77
0.0386,0.0118,0.0153,0.0604,0.0361,0.007,0.0062,0.0073,0.0115,0.0444,0.0277,0.0519,0.1593,0.7074,2.5702,6.5423,11.4786,13.9019,11.8653,8.0044,4.7442,3.8071,4.0033,4.2196,3.7849,2.9211,1.9077,1.0575,0.4848,0.2182,0.1564,0.0394,0.0322,0.0528,0.0098,0.0387,0.0725,0.0107,0.0239,0.0251,0.0304,0.031,0.0195,0.0095,0.006,0.0474,0.011,0.044,0.0178,0.0276,100.0
0.0064,0.0171,0.0476,0.0175,0.0341,0.0209,0.0137,0.0163,0.003,0.0133,0.0061,0.0138,0.0156,0.02,0.0302,0.1684,0.6024,1.7031,3.6422,5.6629,6.559,5.6843,3.9689,2.0482,0.8464,0.3368,0.1892,0.1135,0.1081,0.0728,0.0731,0.0722,0.0343,0.0552,0.0449,0.0443,0.0591,0.0097,0.0648,0.0608,0.0446,0.0262,0.0222,0.0206,0.0269,0.0057,0.0534,0.0367,0.0314,0.0209,63.68
0.0168,0.0022,0.0027,0.0101,0.0105,0.0021,0.0072,0.0224,0.0458,0.0387,0.0348,0.0242,0.012,0.089,0.2118,0.591,1.2276,1.9028,2.241,1.9571,1.3243,0.752,0.4387,0.3811,0.3764,0.3318,0.3233,0.2769,0.2013,0.1337,0.1233,0.0415,0.0482,0.0691,0.0382,0.048,0.0317,0.0127,0.0037,0.0036,0.0081,0.025,0.0065,0.0665,0.0393,0.0263,0.0081,0.003,0.0043,0.0301,25.28
0.0254,0.025,0.0587,0.0457,0.0164,0.037,0.012,0.0085,0.0154,0.0477,0.0053,0.0614,0.0122,0.0087,0.072,0.0249,0.0137,0.0027,0.0204,0.014,0.0565,0.255,0.8573,2.2522,4.999,8.8566,12.5033,14.1569,12.9271,10.4162,7.178,5.2658,4.7118,4.829,4.8875,4.5337,3.7694,2.7547,1.8152,1.0693,0.5979,0.2542,0.1212,0.076,0.0406,0.041,0.0488,0.0131,0.0304,0.0099,100.0
0.0646,0.0195,0.0233,0.0386,0.0492,0.0273,0.0247,0.0243,0.0083,0.0023,0.0383,0.0108,0.0274,0.0219,0.0334,0.0303,0.0122,0.01,0.0093,0.0314,0.0985,0.2873,0.7855,1.683,2.6412,3.0686,2.6406,1.8582,0.9705,0.4346,0.3127,0.3173,0.3935,0.4298,0.3574,0.2551,0.158,0.0941,0.0507,0.0417,0.0353,0.0518,0.0068,0.0874,0.022,0.0084,0.0112,0.0243,0.0323,0.0334,31.87
0.0176,0.0223,0.0418,0.0175,0.0039,0.0277,0.025,0.0698,0.0994,0.2381,0.7579,2.0134,4.4139,7.8001,11.0342,12.6064,11.7533,9.7732,6.7345,4.3796,2.8428,1.8806,1.1916,0.6762,0.333,0.1663,0.0711,0.0855,0.0474,0.0222,0.0793,0.0411,0.0505,0.0125,0.0116,0.0321,0.0294,0.0028,0.0212,0.0012,0.0086,0.0028,0.0068,0.0301,0.038,0.0448,0.0128,0.0432,0.0508,0.0367,100.0
0.0444,0.0165,0.0337,0.0004,0.0112,0.0164,0.0239,0.0478,0.0002,0.0121,0.0179,0.0295,0.0532,0.0254,0.0938,0.1756,0.4439,0.9396,1.7533,2.837,4.0471,5.0132,5.4625,5.2219,4.5913,3.4427,2.3568,1.5587,0.9908,0.6869,0.4789,0.3022,0.2189,0.1514,0.0877,0.0757,0.0501,0.0347,0.0173,0.0255,0.021,0.0525,0.0262,0.0051,0.0381,0.0035,0.0323,0.0091,0.0478,0.0241,65.8
0.0326,0.0104,0.034,0.0012,0.0034,0.0634,0.0145,0.0368,0.0144,0.0172,0.0395,0.031,0.0339,0.052,0.0027,0.0043,0.0233,0.0022,0.033,0.0088,0.0042,0.0215,0.0304,0.102,0.0595,0.0667,0.1648,0.3915,0.6628,1.1275,1.7059,2.2855,2.7397,2.9687,2.8351,2.5298,1.988,1.4373,0.9885,0.7309,0.4983,0.3901,0.3268,0.2805,0.2171,0.1864,0.1175,0.0986,0.068,0.0368,36.94
0.0599,0.0398,0.0347,0.0501,0.0538,0.0342,0.0057,0.0489,0.0405,0.027,0.0311,0.0083,0.026,0.0425,0.0507,0.1155,0.1616,0.3355,0.5775,0.923,1.3295,1.725,2.0203,2.1437,2.0508,1.9006,1.5199,1.1531,0.8797,0.6247,0.4982,0.4307,0.3734,0.2989,0.286,0.244,0.1611,0.0994,0.0693,0.0582,0.0469,0.029,0.0396,0.0075,0.0224,0.006,0.0336,0.0089,0.0678,0.0057,29.42
0.0093,0.0332,0.0586,0.0072,0.0277,0.0362,0.0022,0.0211,0.009,0.0206,0.0044,0.0279,0.0205,0.0166,0.0185,0.0515,0.0129,0.0521,0.0621,0.0259,0.0343,0.0585,0.02,0.0437,0.1492,0.2775,0.608,1.0748,1.8038,2.7632,3.693,4.4281,4.7776,4.6449,4.1616,3.2957,2.4235,1.6853,1.077,0.6903,0.4456,0.2633,0.2159,0.1039,0.0757,0.0297,0.0786,0.0106,0.0296,0.0048,60.15
0.0154,0.0466,0.0001,0.0204,0.0397,0.014,0.0074,0.0856,0.0068,0.0575,0.0657,0.0256,0.0858,0.0401,0.0905,0.196,0.3989,0.7649,1.1646,1.6903,2.2413,2.6406,2.785,2.6792,2.4443,1.8731,1.3268,0.8867,0.5565,0.3735,0.2509,0.2062,0.124,0.085,0.0773,0.0492,0.0554,0.0202,0.0242,0.0248,0.0314,0.0776,0.0348,0.0016,0.0383,0.0517,0.042,0.0369,0.0232,0.0357,36.45
0.0068,0.061,0.0102,0.013,0.0152,0.0292,0.0028,0.0118,0.0027,0.0198,0.0247,0.0421,0.0455,0.0067,0.1028,0.012,0.0124,0.0634,0.0654,0.2028,0.6367,1.7443,3.7979,6.7565,9.6614,11.132,10.5917,8.7188,6.2798,4.3977,3.1534,2.1901,1.4878,0.9264,0.5147,0.259,0.1214,0.0853,0.0282,0.0351,0.0208,0.0325,0.0375,0.02,0.0085,0.0061,0.0509,0.0287,0.0253,0.0486,100.0
0.0357,0.0351,0.0025,0.032,0.0289,0.0504,0.0216,0.0295,0.0235,0.0042,0.0215,0.0196,0.0605,0.3453,1.1886,3.3496,7.1685,11.3436,13.3629,11.8083,8.938,5.7798,4.2135,3.5739,2.9635,2.1462,1.3123,0.7103,0.2943,0.1372,0.0758,0.0439,0.0324,0.0423,0.0691,0.0417,0.0434,0.012,0.028,0.0518,0.0056,0.0118,0.0243,0.0662,0.0133,0.0122,0.0216,0.0477,0.0018,0.0601,100.0
0.0032,0.0006,0.0119,0.0094,0.0233,0.01,0.0747,0.014,0.064,0.0113,0.0441,0.0203,0.0523,0.0159,0.0517,0.0238,0.0212,0.0155,0.0086,0.0009,0.0019,0.0076,0.0068,0.0389,0.0244,0.0264,0.008,0.0137,0.0518,0.174,0.4261,1.167,2.3138,3.5526,4.1113,3.5535,2.5814,1.491,0.78,0.5461,0.5451,0.5008,0.4664,0.3768,0.2682,0.1854,0.1052,0.0531,0.0384,0.0273,42.53
0.0213,0.0433,0.0287,0.0364,0.0385,0.014,0.0089,0.0023,0.0198,0.0087,0.0028,0.0022,0.016,0.0197,0.0028,0.0037,0.0068,0.0495,0.0529,0.037,0.0667,0.2161,0.7171,1.8628,3.6571,5.5374,6.4127,5.7264,4.3288,2.7041,1.7494,1.3674,1.2878,1.1587,0.9653,0.7832,0.4839,0.3069,0.1873,0.0885,0.0378,0.0461,0.0256,0.0478,0.005,0.0018,0.014,0.0534,0.0534,0.0228,72.11
0.0087,0.0005,0.0265,0.0102,0.054,0.0719,0.0073,0.0164,0.0304,0.0047,0.0495,0.0164,0.0146,0.0076,0.0415,0.0061,0.0256,0.0324,0.0127,0.0038,0.0431,0.0852,0.0717,0.1834,0.4825,0.9068,1.7005,2.7425,3.7725,4.6327,4.9591,4.6314,3.9756,2.8577,1.7489,0.9981,0.5181,0.2313,0.1064,0.0432,0.0497,0.0651,0.0285,0.024,0.0105,0.0171,0.035,0.0027,0.0403,0.0231,58.94
0.0555,0.0203,0.0448,0.0245,0.0119,0.0139,0.0194,0.0674,0.0011,0.0121,0.0209,0.0006,0.0019,0.0191,0.0489,0.0259,0.0492,0.0994,0.3345,0.8383,1.6033,2.38,2.7751,2.4696,1.8974,1.2465,0.7396,0.5589,0.4383,0.3204,0.247,0.207,0.1192,0.0715,0.0364,0.026,0.0694,0.0191,0.0368,0.0563,0.0134,0.0421,0.0518,0.0162,0.0243,0.0436,0.0126,0.039,0.0014,0.0121,29.74
0.0049,0.013,0.0209,0.0067,0.0228,0.0616,0.0615,0.0593,0.0078,0.0289,0.0348,0.0469,0.0218,0.0068,0.0016,0.011,0.0419,0.0183,0.1329,0.3641,1.1405,2.6885,5.1177,7.5387,8.6482,7.8,5.8509,3.6278,2.1042,1.2885,0.734,0.4366,0.2611,0.114,0.0593,0.0604,0.0368,0.0189,0.0275,0.0878,0.0231,0.0661,0.0496,0.023,0.0042,0.0154,0.0068,0.0308,0.0144,0.0117,91.62
0.0076,0.0018,0.0258,0.0077,0.0417,0.0554,0.0197,0.0147,0.0202,0.0107,0.0139,0.0275,0.0525,0.0188,0.0137,0.0338,0.0552,0.0734,0.0266,0.0431,0.0034,0.034,0.0626,0.2758,0.8886,2.2293,4.4107,6.7284,7.8043,7.0095,5.314,3.171,1.8063,1.1292,0.786,0.5786,0.412,0.2845,0.1996,0.1198,0.0749,0.0503,0.0182,0.0553,0.0152,0.031,0.0088,0.0097,0.0112,0.0125,83.0
0.0313,0.0481,0.0066,0.0547,0.0263,0.037,0.0378,0.0173,0.0433,0.015,0.0568,0.0069,0.0594,0.0316,0.0176,0.0045,0.0307,0.0208,0.0354,0.0112,0.0023,0.0079,0.0081,0.0517,0.0346,0.0123,0.0952,0.0392,0.1629,0.5553,1.708,3.8617,6.3297,7.4581,6.3519,4.183,2.1574,1.1967,1.1332,1.4376,1.6443,1.7925,1.6162,1.3189,0.9563,0.5756,0.3051,0.1379,0.0865,0.0529,82.64
0.0037,0.0186,0.0022,0.0245,0.0019,0.0258,0.0038,0.0318,0.0413,0.064,0.0497,0.139,0.2528,0.5026,0.9346,1.4063,2.0245,2.5766,3.0277,3.1839,3.0587,2.6839,2.0912,1.4468,0.9319,0.5382,0.2842,0.168,0.0672,0.0975,0.0432,0.0423,0.0106,0.0156,0.0041,0.0227,0.0255,0.042,0.0393,0.0156,0.0184,0.0184,0.0246,0.0082,0.0201,0.0129,0.0539,0.0253,0.0372,0.0081,40.25
0.0166,0.0377,0.031,0.0159,0.0006,0.001,0.0645,0.0365,0.005,0.0052,0.0154,0.0139,0.0531,0.0156,0.0055,0.0195,0.037,0.028,0.1297,0.318,0.7745,1.5646,2.6327,3.6086,4.0876,3.6951,2.9906,1.9471,1.1516,0.607,0.3767,0.2182,0.1412,0.1223,0.0909,0.0439,0.0261,0.0607,0.0304,0.0173,0.0325,0.0129,0.0616,0.0489,0.0099,0.0254,0.0235,0.0452,0.0478,0.0282,45.37
0.0227,0.0063,0.034,0.0328,0.0477,0.0232,0.037,0.0697,0.0784,0.0924,0.3126,0.8795,1.9519,3.6527,5.8311,7.7284,8.5829,8.0091,6.6871,4.7052,3.0819,2.0063,1.4198,1.0514,0.7976,0.56,0.3643,0.2111,0.1207,0.0606,0.0467,0.0252,0.0218,0.0063,0.0158,0.0077,0.0826,0.0216,0.0083,0.0206,0.0173,0.0248,0.0217,0.0003,0.0309,0.0239,0.0049,0.0461,0.0249,0.0051,97.98
0.014,0.0223,0.0105,0.0071,0.0368,0.032,0.0181,0.0077,0.0797,0.0011,0.0075,0.023,0.0736,0.3952,1.7719,5.3495,10.3683,12.9496,10.4986,6.0297,2.8439,1.9621,2.1218,2.2374,2.0467,1.5309,0.9022,0.4908,0.2073,0.1041,0.0328,0.0509,0.1132,0.0131,0.0121,0.0427,0.0032,0.0317,0.0148,0.011,0.0323,0.0744,0.0008,0.0123,0.041,0.016,0.0156,0.0277,0.0448,0.0042,100.0
0.0284,0.0203,0.007,0.0314,0.0311,0.002,0.0486,0.046,0.0131,0.0383,0.0558,0.0281,0.0,0.0048,0.0219,0.0672,0.0057,0.0226,0.0035,0.0037,0.0079,0.0469,0.0164,0.0143,0.0514,0.0131,0.0439,0.1309,0.3733,0.9449,2.0956,3.7938,5.8627,7.632,8.3948,7.8109,6.5399,4.5772,3.0414,2.0458,1.5658,1.3371,1.2392,1.0259,0.8115,0.5843,0.3851,0.2544,0.1398,0.1027,98.22
0.0077,0.0103,0.0074,0.0385,0.0241,0.0396,0.0034,0.0004,0.0645,0.0099,0.0295,0.0131,0.0149,0.0022,0.0066,0.0285,0.0256,0.0103,0.016,0.0346,0.017,0.0656,0.1437,0.3885,0.8499,1.7334,3.0355,4.6359,5.9572,6.5764,6.2891,5.6744,4.3689,3.2025,2.3627,1.7515,1.3125,0.8699,0.5512,0.3437,0.152,0.1048,0.0831,0.0352,0.0366,0.0433,0.0487,0.0231,0.0187,0.0055,80.22
0.0108,0.0465,0.0783,0.0031,0.0136,0.0017,0.0385,0.0249,0.032,0.0184,0.0303,0.0808,0.0191,0.0179,0.0204,0.0245,0.0282,0.0273,0.0227,0.0361,0.0704,0.1805,0.3436,0.6073,1.0246,1.601,2.2616,2.9159,3.3701,3.5676,3.4504,3.2287,2.6064,1.9623,1.4405,0.9309,0.6243,0.4102,0.2837,0.2228,0.1596,0.1099,0.0678,0.0661,0.031,0.0316,0.0176,0.0452,0.0115,0.0107,48.05
0.0045,0.01,0.0467,0.033,0.0268,0.0009,0.0399,0.0364,0.0164,0.029,0.0087,0.0448,0.0121,0.0252,0.0157,0.0292,0.023,0.0328,0.0007,0.0265,0.0176,0.0082,0.0132,0.0191,0.1205,0.3057,0.9379,2.2274,4.4593,7.3513,10.0572,11.3091,10.7791,9.165,7.0144,5.3613,4.2541,3.4048,2.6105,1.7962,1.0991,0.6139,0.3552,0.1407,0.0856,0.0942,0.0304,0.0265,0.0189,0.0064,100.0
0.0271,0.0121,0.0304,0.012,0.0399,0.0231,0.0183,0.0229,0.0324,0.0253,0.0321,0.0278,0.0024,0.0659,0.0555,0.1136,0.388,0.9131,1.7913,2.6782,3.0003,2.7171,1.929,1.1335,0.6896,0.494,0.461,0.4545,0.4202,0.3561,0.2513,0.2041,0.1216,0.0646,0.0341,0.1062,0.0237,0.0368,0.0248,0.0263,0.0151,0.0117,0.0441,0.0112,0.0036,0.0166,0.0023,0.0231,0.0283,0.0875,32.76
0.0557,0.0072,0.009,0.0407,0.0062,0.0146,0.0282,0.0095,0.0149,0.0118,0.0484,0.0256,0.017,0.0825,0.022,0.0226,0.0044,0.0455,0.0283,0.0528,0.0439,0.0062,0.0137,0.0523,0.0885,0.1924,0.4053,0.7558,1.1837,1.7878,2.4088,2.899,3.1359,3.0179,2.6633,2.0694,1.5275,1.0866,0.8415,0.5888,0.4918,0.4001,0.3394,0.2845,0.251,0.1886,0.1328,0.1108,0.1018,0.0457,38.93
0.0011,0.0603,0.0287,0.0266,0.0401,0.0108,0.021,0.0172,0.0106,0.0208,0.0622,0.005,0.0358,0.002,0.0072,0.038,0.0059,0.0125,0.0448,0.0563,0.3817,1.2908,3.8135,7.3069,9.1202,7.4119,4.6063,2.4152,1.8828,2.241,2.7407,2.9458,2.6785,2.0595,1.3365,0.7575,0.3783,0.1992,0.0782,0.0388,0.0217,0.0302,0.0234,0.0179,0.0297,0.0403,0.0073,0.015,0.0081,0.0012,100.0
0.0283,0.02,0.025,0.0533,0.001,0.0437,0.0838,0.0086,0.0203,0.0547,0.0064,0.0342,0.0302,0.0121,0.0337,0.0362,0.0018,0.0668,0.0227,0.0304,0.0242,0.0221,0.0136,0.0468,0.0649,0.1081,0.2458,0.5315,0.8281,1.2528,1.7022,2.0842,2.2609,2.1181,1.8471,1.4626,0.999,0.6805,0.5011,0.3818,0.338,0.3105,0.2473,0.2167,0.1729,0.122,0.1143,0.044,0.0294,0.0349,27.95
0.0596,0.0096,0.0618,0.0324,0.0117,0.0608,0.0057,0.0592,0.0047,0.0345,0.0726,0.1204,0.2243,0.5639,1.2653,2.4736,4.1595,6.0792,7.5776,8.2122,7.6359,6.6134,4.7221,3.1163,2.0834,1.4596,1.2222,1.1143,0.9959,0.8396,0.6073,0.4186,0.2616,0.1416,0.1014,0.0391,0.0332,0.0405,0.0552,0.0503,0.026,0.0317,0.0156,0.0108,0.0511,0.0114,0.0802,0.0029,0.0625,0.0274,98.96
0.0473,0.0337,0.019,0.0695,0.015,0.0298,0.0203,0.0526,0.0435,0.0158,0.0706,0.0062,0.0304,0.0148,0.0316,0.0483,0.0565,0.0205,0.0424,0.0066,0.0339,0.0153,0.0118,0.0066,0.0068,0.0383,0.1136,0.2492,0.7969,1.9659,3.9887,6.7093,9.0766,10.0598,9.0756,7.2809,4.452,2.2904,1.0156,0.4442,0.2169,0.1191,0.1042,0.0602,0.0394,0.1275,0.0446,0.0604,0.0297,0.0108,100.0
0.0091,0.0427,0.0313,0.0213,0.0162,0.042,0.0176,0.0397,0.0014,0.0071,0.0019,0.0059,0.0132,0.0226,0.0284,0.0135,0.0786,0.0947,0.2488,0.5894,1.1141,1.8725,2.7617,3.4757,3.7812,3.4606,2.873,1.9596,1.1941,0.628,0.2882,0.1503,0.0844,0.05,0.0293,0.0174,0.0249,0.0498,0.0356,0.0081,0.0496,0.0197,0.0096,0.0641,0.043,0.0225,0.0075,0.0246,0.0233,0.0187,42.34
0.0517,0.021,0.0067,0.017,0.012,0.0017,0.0625,0.0116,0.0528,0.0045,0.0033,0.0307,0.0157,0.0489,0.1011,0.3442,0.7509,1.4197,2.0588,2.3179,2.0585,1.4759,0.8328,0.4413,0.2511,0.2167,0.2795,0.3276,0.246,0.1852,0.1265,0.0811,0.039,0.0301,0.0205,0.0516,0.0197,0.0066,0.0054,0.036,0.0403,0.035,0.0212,0.0191,0.0282,0.0091,0.0223,0.0024,0.0443,0.0012,23.45
0.0033,0.0235,0.003,0.0377,0.026,0.0019,0.0014,0.056,0.0398,0.0232,0.0563,0.1447,0.3357,0.7356,1.357,2.1819,3.129,3.866,4.1793,3.9724,3.3665,2.5179,1.7683,1.3042,0.9458,0.7872,0.6657,0.5274,0.4147,0.331,0.1917,0.0898,0.1166,0.0444,0.0086,0.0716,0.021,0.019,0.0118,0.0016,0.0124,0.0433,0.0483,0.041,0.0263,0.0018,0.0089,0.0156,0.0207,0.0002,50.34
0.0046,0.0209,0.0161,0.0449,0.0135,0.0148,0.0011,0.0545,0.0784,0.0139,0.025,0.0339,0.0101,0.0341,0.012,0.0058,0.0057,0.013,0.0063,0.0366,0.0391,0.0364,0.0562,0.0046,0.0112,0.0517,0.088,0.1262,0.2815,0.7288,1.5555,2.8049,4.2819,5.5525,6.1738,5.9123,5.2134,3.9659,2.9115,2.1082,1.5997,1.1931,0.8424,0.6099,0.3525,0.1982,0.0976,0.056,0.0519,0.0353,72.82
0.0138,0.0478,0.0225,0.0422,0.0185,0.0294,0.0474,0.0069,0.0174,0.0494,0.0022,0.0182,0.0232,0.0359,0.085,0.0428,0.0206,0.0556,0.0285,0.052,0.122,0.2499,0.4818,0.9238,1.3819,1.8993,2.3587,2.5126,2.3925,2.169,1.63,1.1465,0.7678,0.5548,0.4305,0.3673,0.3638,0.3183,0.2821,0.2265,0.1673,0.1676,0.1131,0.0985,0.0653,0.0549,0.0438,0.0077,0.0207,0.05,32.29
0.0109,0.0273,0.0444,0.0758,0.0347,0.0251,0.0259,0.0014,0.0349,0.0182,0.0123,0.0323,0.0315,0.052,0.0121,0.0281,0.0011,0.0059,0.0328,0.0775,0.2405,0.6316,1.846,3.813,5.9215,6.869,5.9164,4.1405,2.0365,0.8124,0.2884,0.1373,0.0982,0.0572,0.0704,0.0473,0.037,0.0459,0.0186,0.0352,0.0306,0.0202,0.0049,0.0352,0.037,0.0033,0.0598,0.0479,0.0598,0.0311,65.34
0.0097,0.0363,0.0244,0.0327,0.0526,0.0039,0.0037,0.0025,0.0039,0.067,0.0243,0.0463,0.0359,0.05,0.0422,0.0458,0.0286,0.0339,0.0164,0.0104,0.0024,0.0027,0.0435,0.0458,0.1185,0.2751,0.7651,1.6088,3.053,4.7836,6.2934,6.9877,6.5771,5.5992,3.977,2.5879,1.6591,1.0737,0.733,0.5199,0.3448,0.2471,0.1435,0.113,0.0879,0.0663,0.0349,0.0155,0.0604,0.0034,79.73
0.0129,0.0206,0.04,0.0004,0.0063,0.0011,0.052,0.0157,0.0006,0.0162,0.0554,0.0242,0.0138,0.0381,0.0091,0.0466,0.0336,0.0137,0.0591,0.0194,0.0875,0.0783,0.2094,0.4905,1.0015,1.851,3.0028,4.1894,5.2255,5.6156,5.3501,4.7067,3.5536,2.4654,1.6491,1.0891,0.7349,0.5422,0.4143,0.2841,0.1565,0.125,0.0641,0.0319,0.0191,0.0525,0.0367,0.0116,0.0251,0.0475,69.35
0.0041,0.0477,0.0097,0.0201,0.0231,0.0007,0.0025,0.0416,0.0556,0.0353,0.0026,0.0344,0.0195,0.0023,0.0629,0.0227,0.0202,0.0322,0.0295,0.0731,0.1652,0.3067,0.6045,1.0521,1.7035,2.4307,3.1629,3.7016,3.9566,3.8088,3.3787,2.7224,1.9494,1.3484,0.9169,0.6276,0.4917,0.3325,0.272,0.1976,0.1574,0.1116,0.1258,0.05,0.0443,0.0606,0.0563,0.0381,0.0257,0.0618,51.7
0.0118,0.0077,0.0444,0.0239,0.0235,0.0377,0.0309,0.0343,0.0206,0.0002,0.0221,0.0174,0.0547,0.0054,0.0399,0.0072,0.0136,0.0175,0.0647,0.0194,0.0279,0.01,0.0728,0.1936,0.58,1.6097,3.393,5.3465,6.3002,5.7092,4.3028,2.812,1.9024,1.3168,0.9459,0.5649,0.3222,0.1615,0.0744,0.0365,0.0503,0.0228,0.0398,0.0232,0.0225,0.0153,0.0043,0.0066,0.0189,0.0418,67.64
0.002,0.0408,0.0235,0.0321,0.0344,0.0403,0.009,0.0282,0.0408,0.0583,0.0137,0.0703,0.0359,0.0814,0.1595,0.4122,1.0236,2.1914,3.6671,5.0894,5.6187,5.0625,3.8177,2.2726,1.1,0.4561,0.1611,0.0696,0.039,0.0177,0.0118,0.0187,0.0358,0.0463,0.0099,0.0055,0.0026,0.0205,0.0108,0.0019,0.0438,0.0963,0.0374,0.0277,0.0552,0.0279,0.0318,0.0169,0.0468,0.0205,60.52
0.0172,0.0132,0.0106,0.0266,0.0094,0.0174,0.0012,0.0402,0.0042,0.0109,0.0261,0.0075,0.043,0.0406,0.0431,0.0034,0.0226,0.0161,0.0068,0.0116,0.0228,0.0738,0.1737,0.3678,0.7983,1.3891,2.1073,2.7319,2.9967,2.7531,2.2642,1.5657,0.9938,0.5994,0.3874,0.3039,0.2426,0.18,0.1172,0.1287,0.0568,0.0711,0.0201,0.0224,0.0153,0.0295,0.0399,0.0068,0.0011,0.0206,33.47
0.0253,0.0141,0.024,0.0101,0.0263,0.0133,0.0315,0.0211,0.0713,0.1358,0.2947,0.6297,1.1294,1.7102,2.1672,2.3929,2.2644,1.9634,1.3636,0.9255,0.582,0.3721,0.3122,0.2059,0.171,0.1638,0.0974,0.0859,0.0406,0.0664,0.0271,0.0163,0.0307,0.0284,0.0481,0.0185,0.0116,0.0278,0.0011,0.0041,0.0527,0.0197,0.0432,0.0073,0.0215,0.0036,0.0566,0.0039,0.0313,0.0356,29.44
0.0511,0.0006,0.0163,0.0094,0.0742,0.0148,0.0174,0.0061,0.0226,0.0432,0.0329,0.0227,0.0091,0.0511,0.0132,0.0213,0.0153,0.0137,0.0264,0.052,0.0166,0.0359,0.0477,0.0111,0.02,0.017,0.0138,0.0664,0.1522,0.6107,1.8262,4.4468,8.4337,12.408,14.2244,12.8186,9.8627,6.3501,4.3309,3.7271,3.7425,3.7711,3.5473,2.9938,2.3066,1.5546,0.9616,0.5814,0.2752,0.1203,100.0
0.0054,0.0071,0.0413,0.0488,0.0007,0.0055,0.0623,0.0205,0.0197,0.0238,0.0096,0.006,0.0237,0.0362,0.0174,0.0425,0.0446,0.0075,0.0002,0.0148,0.0092,0.0361,0.0233,0.0615,0.0209,0.0019,0.0457,0.0711,0.3188,1.1683,3.0601,5.3905,6.5371,5.3958,3.257,1.3247,0.4326,0.1407,0.0807,0.0867,0.0607,0.0486,0.0557,0.0674,0.0598,0.0229,0.0264,0.0545,0.0098,0.0039,61.7
0.0038,0.0345,0.0225,0.0229,0.013,0.0275,0.0046,0.0411,0.0351,0.0395,0.0181,0.006,0.0302,0.0158,0.0282,0.0116,0.0729,0.4479,1.8732,5.3334,9.9855,12.4631,10.6089,7.4252,4.9619,3.9327,2.993,1.88,0.8355,0.3037,0.1061,0.0507,0.0468,0.0416,0.0229,0.0595,0.0661,0.0083,0.0073,0.0292,0.0097,0.0373,0.0593,0.0275,0.0132,0.0437,0.0019,0.0366,0.0266,0.0256,100.0
0.0336,0.036,0.0052,0.0056,0.0246,0.0546,0.0674,0.1192,0.2092,0.4657,0.9468,1.9036,3.198,4.6697,5.8929,6.3813,6.0353,5.2748,3.9584,2.8904,2.1982,1.7476,1.5293,1.39,1.1305,0.8901,0.6259,0.4332,0.2629,0.1382,0.0666,0.0358,0.0484,0.0192,0.0263,0.0259,0.0615,0.0218,0.0356,0.0088,0.0283,0.0114,0.0038,0.0534,0.0094,0.0111,0.0565,0.021,0.0216,0.0046,79.64
0.0134,0.0035,0.0012,0.0353,0.0456,0.0195,0.0381,0.0256,0.0148,0.0437,0.0393,0.0205,0.0246,0.009,0.0206,0.0335,0.0151,0.0176,0.0104,0.0062,0.0523,0.0396,0.1262,0.6242,2.0207,4.8026,8.0506,9.6117,8.1795,5.3658,2.8962,1.9885,2.14,2.593,2.7403,2.5078,1.944,1.2877,0.7325,0.3715,0.1457,0.0668,0.0267,0.0367,0.0071,0.0616,0.0274,0.0052,0.0543,0.0085,100.0
0.0226,0.0011,0.0277,0.0243,0.0138,0.0071,0.0374,0.0253,0.0257,0.0224,0.0504,0.0014,0.0075,0.0311,0.007,0.0161,0.0158,0.0369,0.0098,0.0233,0.0232,0.0129,0.0259,0.0324,0.0088,0.028,0.1423,0.3275,0.879,1.8638,3.1686,4.3913,4.8945,4.3878,3.3483,1.983,0.9885,0.4591,0.1802,0.1105,0.0395,0.0899,0.0148,0.0151,0.0163,0.0251,0.0146,0.023,0.0054,0.035,51.15
0.0126,0.0041,0.0213,0.0064,0.0003,0.0024,0.0082,0.0052,0.0236,0.0025,0.0054,0.0307,0.0345,0.0412,0.0185,0.0245,0.0404,0.0174,0.0274,0.0351,0.0638,0.333,1.2987,3.4269,6.1364,7.4987,6.2382,3.9177,2.0325,1.4243,1.4735,1.5134,1.3503,0.9882,0.6116,0.3033,0.1226,0.065,0.0239,0.0254,0.0341,0.0497,0.0109,0.0291,0.0074,0.0289,0.0133,0.003,0.0539,0.019,78.49
0.03,0.0182,0.0036,0.0107,0.0457,0.0651,0.0102,0.0313,0.0212,0.0176,0.0116,0.0205,0.0322,0.0465,0.0281,0.0198,0.0088,0.0249,0.0875,0.0132,0.0048,0.0567,0.0129,0.0212,0.0705,0.091,0.2382,0.4864,1.1532,2.2849,3.8758,5.7143,7.2281,7.7465,7.2571,6.1187,4.1852,2.514,1.3187,0.6357,0.3032,0.1586,0.1029,0.0944,0.072,0.0407,0.0321,0.0575,0.0524,0.0377,85.74
0.0063,0.0603,0.0048,0.0119,0.0183,0.0094,0.0453,0.0034,0.0021,0.0002,0.0764,0.0012,0.0249,0.0197,0.0234,0.0429,0.0135,0.022,0.0594,0.0589,0.1728,0.7707,2.2707,5.0282,8.2137,9.8008,8.8074,6.6886,4.4936,3.3879,2.9669,2.583,1.9955,1.3504,0.8134,0.4386,0.2004,0.1174,0.0578,0.0497,0.0311,0.0443,0.0529,0.0372,0.0463,0.0127,0.0076,0.0107,0.0191,0.0795,100.0
0.0395,0.0222,0.0479,0.0604,0.0116,0.0086,0.0287,0.0323,0.009,0.044,0.0178,0.072,0.0395,0.0738,0.1879,0.4231,0.8983,1.4505,2.1097,2.6586,2.9041,2.7286,2.351,1.722,1.179,0.7964,0.5712,0.4891,0.4451,0.4291,0.3521,0.2996,0.2454,0.2276,0.1747,0.1022,0.0606,0.0398,0.0255,0.0303,0.0215,0.0667,0.0047,0.0012,0.0057,0.0167,0.001,0.0004,0.0006,0.0041,35.04
0.0125,0.0086,0.0184,0.0033,0.0116,0.0469,0.0031,0.0187,0.021,0.0608,0.0173,0.0656,0.0138,0.07,0.1128,0.3046,0.6252,1.2038,2.0809,3.1291,3.9754,4.3432,4.077,3.509,2.5262,1.6815,1.0972,0.7597,0.5872,0.4337,0.3256,0.2491,0.1746,0.0948,0.0712,0.0426,0.0778,0.0643,0.0316,0.0169,0.0283,0.0013,0.0012,0.0388,0.0769,0.0161,0.0471,0.0053,0.0055,0.0293,50.48
0.0529,0.0233,0.0136,0.0688,0.0359,0.0246,0.0042,0.0502,0.0708,0.0654,0.2053,0.4899,1.084,2.1216,3.6062,5.2577,6.6615,7.2912,7.0277,6.3763,4.9477,3.6654,2.7563,2.1814,1.8392,1.5261,1.2776,0.9746,0.7562,0.5573,0.3319,0.2651,0.1222,0.0998,0.0571,0.0841,0.057,0.0474,0.0127,0.0547,0.0256,0.0529,0.0092,0.0219,0.0011,0.0169,0.0028,0.0224,0.01,0.0066,93.44
0.0098,0.0221,0.0158,0.021,0.0235,0.0341,0.0078,0.0227,0.0247,0.0197,0.0983,0.1496,0.5191,1.2789,2.4616,3.7292,4.3246,3.8479,2.8952,1.7345,1.0031,0.6318,0.3879,0.2081,0.1259,0.0766,0.0441,0.0171,0.0187,0.0721,0.0183,0.0239,0.0581,0.0578,0.0189,0.0075,0.038,0.0078,0.0242,0.0054,0.0205,0.0151,0.0378,0.0292,0.0269,0.01,0.0151,0.0309,0.0122,0.0505,45.85
0.0284,0.071,0.0331,0.0271,0.0212,0.0339,0.0339,0.0042,0.0279,0.0182,0.0132,0.0222,0.0244,0.0729,0.0026,0.0022,0.0244,0.0125,0.0473,0.0163,0.0808,0.1642,0.284,0.4391,0.7421,1.1313,1.602,2.1121,2.4295,2.5819,2.4523,2.2098,1.7854,1.2635,0.8914,0.6057,0.3903,0.2605,0.1972,0.1515,0.1536,0.1298,0.0904,0.0687,0.0547,0.0417,0.0915,0.0519,0.0236,0.0439,35.5
0.0177,0.0032,0.0307,0.0066,0.0401,0.0106,0.0507,0.0233,0.0395,0.068,0.033,0.0089,0.012,0.0022,0.0012,0.0357,0.0335,0.007,0.02,0.0402,0.0058,0.0216,0.0133,0.018,0.0594,0.0356,0.0295,0.0138,0.016,0.0609,0.2562,0.646,1.3654,2.1606,2.4907,2.1521,1.4968,0.748,0.2883,0.1425,0.0494,0.0325,0.0972,0.0581,0.0988,0.0197,0.0394,0.0623,0.0439,0.0082,23.95
0.0321,0.0162,0.0148,0.0446,0.0626,0.0663,0.0338,0.0135,0.0026,0.0147,0.0153,0.0256,0.0163,0.0137,0.0436,0.0222,0.037,0.0094,0.0187,0.0582,0.0022,0.0114,0.0092,0.0246,0.0441,0.0484,0.1449,0.3393,0.773,1.5308,2.4442,3.2991,3.6428,3.3068,2.6484,1.7038,1.0349,0.6591,0.5441,0.5259,0.5079,0.498,0.4003,0.3365,0.1991,0.1446,0.1252,0.0626,0.0457,0.0451,43.18
0.0039,0.025,0.009,0.0356,0.0719,0.017,0.0325,0.0129,0.0138,0.0055,0.0508,0.0122,0.0109,0.0244,0.0145,0.0263,0.0516,0.174,0.3615,0.7595,1.3136,1.9696,2.5896,2.8457,2.7692,2.3784,1.7951,1.2674,0.8163,0.5601,0.3555,0.2214,0.1382,0.0855,0.0517,0.047,0.0353,0.0263,0.0213,0.0295,0.0645,0.0326,0.0302,0.0458,0.0034,0.0232,0.0225,0.0079,0.0325,0.036,31.18
0.0109,0.0174,0.059,0.0415,0.004,0.0349,0.0036,0.0059,0.0237,0.018,0.0255,0.0376,0.0456,0.0082,0.0769,0.0025,0.052,0.0085,0.0056,0.002,0.0131,0.0061,0.0088,0.0549,0.0118,0.0233,0.0345,0.0428,0.2195,0.7738,2.6367,6.3774,10.7895,12.8793,10.8021,6.9988,3.0902,1.1178,0.4067,0.2296,0.1557,0.1002,0.1579,0.0823,0.0809,0.0731,0.0368,0.039,0.0347,0.0162,100.0
0.0128,0.002,0.0056,0.0353,0.0338,0.0201,0.0039,0.0167,0.0377,0.0762,0.1262,0.2511,0.4305,0.6978,1.0662,1.4948,2.0018,2.2483,2.4306,2.3383,2.1571,1.7669,1.3763,1.0034,0.7224,0.534,0.3885,0.2757,0.2678,0.1827,0.1448,0.0713,0.0538,0.0736,0.0149,0.0373,0.0838,0.0597,0.0286,0.0164,0.0453,0.0261,0.0071,0.0116,0.0621,0.0398,0.0016,0.0621,0.0101,0.0404,34.04
0.0087,0.0421,0.0631,0.0294,0.0072,0.0126,0.015,0.0278,0.0341,0.0878,0.0085,0.0387,0.039,0.039,0.0164,0.0219,0.0202,0.0129,0.0793,0.3067,1.0255,2.7872,5.753,9.109,10.9307,10.3159,8.3604,6.0025,4.4564,3.6209,2.7812,2.0878,1.3438,0.8174,0.4484,0.2236,0.0969,0.0674,0.024,0.0301,0.0307,0.0217,0.0918,0.0161,0.0112,0.0062,0.0045,0.0317,0.009,0.0597,100.0
0.0146,0.0222,0.0312,0.0009,0.0003,0.018,0.0018,0.0192,0.0409,0.0215,0.0053,0.0063,0.0111,0.0809,0.5463,2.2535,6.1918,11.464,14.1119,11.4933,6.9009,2.9584,1.5373,1.8959,3.1313,4.4406,5.0043,4.3735,3.0264,1.588,0.6871,0.2331,0.0906,0.0598,0.0491,0.0207,0.0726,0.0077,0.0554,0.0392,0.0208,0.0409,0.0048,0.0185,0.0482,0.008,0.0095,0.0422,0.0128,0.0354,100.0
0.0174,0.0225,0.0287,0.0082,0.0441,0.0464,0.0277,0.0152,0.0128,0.0117,0.0112,0.0292,0.0511,0.0308,0.0254,0.0893,0.2117,0.5868,1.541,3.2592,6.0303,9.3125,12.1629,13.3676,12.5665,10.5304,7.7904,5.7114,4.6265,4.2007,4.0539,3.6517,3.0688,2.3267,1.6457,0.9852,0.5527,0.2855,0.1298,0.0846,0.0931,0.0132,0.0142,0.0271,0.0166,0.0052,0.0362,0.0252,0.0584,0.0451,100.0
0.0331,0.0435,0.001,0.134,0.0223,0.0102,0.028,0.011,0.0816,0.1337,0.2986,0.6792,1.3827,2.2828,3.0555,3.3792,3.1012,2.4093,1.4918,0.7906,0.346,0.1538,0.0788,0.054,0.045,0.0388,0.0599,0.0388,0.0319,0.0439,0.0375,0.0363,0.0593,0.0375,0.0325,0.0235,0.054,0.0166,0.0163,0.0557,0.0292,0.0437,0.0123,0.0126,0.0171,0.0021,0.0235,0.0013,0.0183,0.0138,36.86
0.0201,0.0013,0.0226,0.026,0.0242,0.0136,0.0247,0.028,0.067,0.1789,0.4582,1.1375,2.2476,3.7275,5.0692,5.7036,5.3703,4.5495,3.2975,2.3559,1.7711,1.3409,1.0062,0.7272,0.4004,0.2009,0.0854,0.0551,0.0567,0.0132,0.0323,0.0288,0.0461,0.0102,0.0133,0.0176,0.0149,0.0078,0.0805,0.0252,0.0382,0.0141,0.0018,0.0404,0.0428,0.0137,0.021,0.0314,0.0291,0.0086,68.29
0.0327,0.0048,0.0491,0.0337,0.0717,0.0264,0.0015,0.0173,0.0134,0.1021,0.0948,0.3874,1.2585,3.3397,6.7012,10.3163,12.2507,11.4028,9.1482,6.2783,4.4106,3.3628,2.5924,1.9386,1.3291,0.7872,0.4305,0.2506,0.1299,0.0895,0.0346,0.0235,0.03,0.055,0.022,0.099,0.0406,0.0255,0.032,0.0368,0.0117,0.0023,0.0336,0.0468,0.0053,0.0084,0.0438,0.0036,0.0625,0.0389,100.0
0.0091,0.0207,0.0107,0.0044,0.0045,0.0303,0.0289,0.0156,0.03,0.0288,0.0266,0.0071,0.0608,0.0002,0.0423,0.02,0.0105,0.021,0.0243,0.0105,0.0167,0.0698,0.2266,0.7492,1.8965,3.6725,5.4529,6.2162,5.4523,3.98,2.1764,0.9835,0.4043,0.2529,0.1232,0.1193,0.1108,0.0952,0.0707,0.0817,0.06,0.0241,0.0519,0.0314,0.0634,0.036,0.0194,0.0067,0.0109,0.0271,60.96
0.0055,0.0114,0.0297,0.016,0.0463,0.0348,0.0445,0.0025,0.0436,0.0065,0.0081,0.0328,0.0296,0.0281,0.0079,0.0199,0.0448,0.0015,0.0122,0.0378,0.0669,0.0923,0.1317,0.4128,1.121,2.361,4.1246,5.7223,6.4226,5.813,4.5848,2.9139,1.7386,1.1623,0.9698,0.8829,0.8147,0.6931,0.5881,0.3631,0.2343,0.1979,0.0828,0.0476,0.0507,0.0092,0.0162,0.0165,0.0026,0.0574,71.51
0.0566,0.0262,0.0094,0.0513,0.0128,0.0299,0.0132,0.0572,0.0053,0.0325,0.0369,0.0456,0.0605,0.0092,0.0191,0.0346,0.0158,0.0248,0.0202,0.0388,0.0454,0.0392,0.0386,0.0067,0.0101,0.0555,0.0869,0.2382,0.327,0.6971,1.2426,1.8185,2.3238,2.5345,2.3469,1.8778,1.2454,0.7188,0.3555,0.1617,0.0787,0.0276,0.0353,0.0117,0.0342,0.0025,0.0144,0.0306,0.0233,0.0172,27.41
0.0194,0.0122,0.0178,0.0315,0.0027,0.0422,0.0201,0.0048,0.0018,0.0385,0.0059,0.0358,0.0146,0.0133,0.0171,0.0513,0.0465,0.0504,0.1069,0.252,0.5058,0.831,1.322,1.9074,2.4877,2.9344,3.1358,2.9661,2.6816,2.1534,1.5664,1.1164,0.7752,0.564,0.4623,0.3982,0.3121,0.2836,0.2801,0.1924,0.1912,0.1139,0.1157,0.0655,0.0434,0.0471,0.0294,0.0089,0.0412,0.0365,44.71
0.0472,0.0421,0.014,0.01,0.0081,0.0362,0.0011,0.0483,0.0143,0.067,0.0192,0.0051,0.0036,0.0298,0.013,0.0307,0.0256,0.0441,0.1834,0.2147,0.4472,0.7822,1.3181,1.9853,2.6225,3.0921,3.3358,3.1709,2.879,2.2032,1.605,1.1077,0.7733,0.5713,0.4033,0.3277,0.2647,0.2447,0.1609,0.1635,0.1102,0.0545,0.039,0.0415,0.0489,0.0072,0.0393,0.0191,0.0214,0.0083,43.29
0.0213,0.0266,0.0049,0.0121,0.0461,0.0212,0.036,0.0976,0.2366,0.5053,0.963,1.5139,2.1377,2.6573,2.8535,2.708,2.4081,1.8663,1.2912,0.9205,0.6301,0.5131,0.365,0.3001,0.2827,0.1437,0.1067,0.09,0.0833,0.0356,0.036,0.0424,0.0506,0.039,0.0116,0.0208,0.0177,0.0443,0.0047,0.0225,0.0148,0.027,0.0576,0.0899,0.0268,0.0083,0.0006,0.0392,0.0513,0.019,36.07
0.0176,0.027,0.0286,0.0156,0.0211,0.0113,0.0098,0.0193,0.0249,0.0107,0.0147,0.0081,0.0242,0.0287,0.1237,0.259,0.5822,1.0904,1.9223,2.9098,3.7601,4.1068,3.9075,3.3865,2.5495,1.7687,1.293,0.9942,0.8101,0.6589,0.5493,0.3674,0.2951,0.1845,0.1252,0.055,0.0614,0.0417,0.0286,0.0144,0.0479,0.0504,0.0276,0.0064,0.0056,0.0155,0.0232,0.0353,0.0536,0.037,49.68
0.0171,0.0146,0.0349,0.0196,0.0098,0.0071,0.0091,0.0288,0.0318,0.0388,0.0228,0.0112,0.0018,0.0471,0.0384,0.0598,0.0234,0.0261,0.004,0.0122,0.0043,0.0118,0.0385,0.0046,0.0434,0.0578,0.089,0.3293,0.6457,1.3937,2.7688,4.5624,6.6491,8.4376,9.2146,8.7865,7.6155,5.7715,4.0308,2.6882,1.8326,1.2776,0.9352,0.6519,0.4735,0.3106,0.2128,0.1144,0.0732,0.0682,100.0
0.0482,0.0227,0.0234,0.0271,0.0072,0.0001,0.0398,0.0029,0.017,0.044,0.0156,0.017,0.0327,0.0095,0.0327,0.0542,0.0163,0.0242,0.108,0.3808,1.0888,2.5033,4.5597,6.5481,7.4159,6.5993,4.9646,2.9847,1.7317,1.1801,0.9713,0.7959,0.6012,0.3829,0.2111,0.1129,0.0572,0.038,0.0218,0.0401,0.0716,0.0281,0.0611,0.02,0.023,0.0393,0.0283,0.0204,0.0054,0.0242,80.98
0.0237,0.0108,0.0085,0.0499,0.035,0.0159,0.0379,0.0252,0.0201,0.0148,0.0651,0.1957,0.7015,1.9635,4.1751,6.5718,7.6577,6.5815,4.4747,2.2787,1.0051,0.6438,0.7177,0.8474,0.9324,0.8511,0.6603,0.3948,0.229,0.1358,0.0579,0.0531,0.045,0.0366,0.0098,0.0478,0.0146,0.0098,0.0043,0.0464,0.0531,0.0154,0.0297,0.0183,0.0377,0.0144,0.0297,0.0122,0.034,0.011,82.38
0.0045,0.0065,0.002,0.0403,0.0121,0.0095,0.0085,0.008,0.0444,0.0344,0.034,0.0602,0.0185,0.0115,0.0067,0.0559,0.0415,0.1462,0.36,0.8378,1.6188,2.6037,3.4595,3.8446,3.5426,2.9549,2.109,1.3374,0.9104,0.6127,0.4608,0.3217,0.1664,0.1098,0.0504,0.0375,0.038,0.0152,0.048,0.04,0.0113,0.0317,0.0351,0.0063,0.0299,0.0581,0.0363,0.0281,0.0245,0.0291,44.52
0.0195,0.0378,0.0108,0.0031,0.0321,0.0089,0.0064,0.0083,0.0073,0.0288,0.026,0.0019,0.0254,0.0115,0.0674,0.0096,0.0089,0.0161,0.0179,0.0175,0.0412,0.012,0.0439,0.038,0.2165,0.7267,2.0734,4.4743,7.1878,8.433,7.4141,5.3532,3.1215,1.9518,1.4338,1.2088,0.9266,0.6721,0.4409,0.2703,0.1237,0.0979,0.0543,0.013,0.043,0.0302,0.0699,0.0026,0.015,0.0342,88.59
0.0331,0.0539,0.0589,0.0015,0.0777,0.0252,0.0129,0.0233,0.0192,0.0262,0.017,0.0263,0.0403,0.0332,0.0303,0.0157,0.0036,0.1118,0.0232,0.0032,0.0204,0.0194,0.0171,0.0791,0.2208,0.7872,2.125,4.7198,8.4126,11.988,13.9394,13.3925,11.3893,8.6055,6.3511,4.6438,3.2502,2.0607,1.1533,0.5627,0.266,0.143,0.1076,0.0566,0.0362,0.0769,0.0454,0.0145,0.0317,0.0079,100.0
0.0449,0.0007,0.0275,0.007,0.0057,0.0339,0.004,0.005,0.0238,0.016,0.0304,0.0222,0.0377,0.055,0.0401,0.0209,0.0367,0.1145,0.1765,0.3657,0.7127,1.2086,1.7694,2.3529,2.8194,3.0344,2.9206,2.6745,2.1597,1.6483,1.2043,0.9137,0.6594,0.5216,0.3786,0.2862,0.1909,0.1838,0.1033,0.0589,0.0285,0.0095,0.0314,0.0338,0.0179,0.0291,0.0185,0.0032,0.0009,0.0187,40.14
0.0057,0.0064,0.0223,0.0208,0.016,0.0483,0.0068,0.0029,0.018,0.0258,0.0369,0.1,0.2038,0.5678,1.3735,2.5446,3.755,4.2793,3.8288,2.8821,1.75,0.9662,0.6237,0.4108,0.3225,0.2846,0.1988,0.1355,0.1142,0.0421,0.0277,0.0242,0.0827,0.0095,0.0329,0.0248,0.0665,0.0193,0.0016,0.0231,0.0115,0.0273,0.0008,0.028,0.0283,0.0076,0.0088,0.0268,0.0764,0.0272,44.38
0.0184,0.0253,0.0034,0.0265,0.0324,0.0257,0.0293,0.0105,0.0749,0.1264,0.2377,0.4665,0.8641,1.4954,2.2818,3.1593,3.7296,4.0153,3.7611,3.3114,2.4965,1.7171,1.0755,0.6815,0.4414,0.3712,0.2652,0.2324,0.201,0.1661,0.1155,0.0785,0.052,0.1039,0.0553,0.0409,0.0213,0.0235,0.0092,0.0181,0.0063,0.003,0.012,0.0083,0.0158,0.0211,0.0605,0.0408,0.0394,0.032,49.52
0.0162,0.0624,0.009,0.0018,0.0079,0.0557,0.0984,0.0782,0.1984,0.4063,0.7956,1.4326,2.1413,2.9414,3.4604,3.705,3.4575,2.9899,2.21,1.4323,0.8472,0.4471,0.2601,0.0898,0.0826,0.0161,0.022,0.0351,0.01,0.016,0.007,0.0325,0.0486,0.0273,0.0389,0.0133,0.0645,0.0437,0.0324,0.0214,0.0029,0.0499,0.0378,0.0465,0.0209,0.0037,0.012,0.0381,0.0151,0.0176,43.09
0.0184,0.01,0.026,0.0265,0.0317,0.0072,0.0249,0.0348,0.0315,0.0493,0.0074,0.0426,0.0804,0.0272,0.0981,0.429,1.1915,2.6143,4.1992,4.9162,4.2083,2.7789,1.3815,0.6966,0.6017,0.7915,0.9879,1.083,0.9931,0.7396,0.4782,0.2249,0.0978,0.0558,0.0438,0.0565,0.0071,0.0171,0.0113,0.0046,0.0156,0.0146,0.0285,0.0238,0.0764,0.0461,0.0257,0.0071,0.0675,0.0169,52.16
0.0165,0.0075,0.02,0.0021,0.0257,0.0705,0.0886,0.0546,0.028,0.0224,0.0562,0.0411,0.0302,0.0625,0.0344,0.0345,0.0225,0.0003,0.0248,0.0611,0.0139,0.0015,0.0123,0.0052,0.0287,0.003,0.0355,0.052,0.1455,0.4517,1.0831,2.0493,3.0706,3.5444,3.1963,2.495,1.5278,1.0043,0.6626,0.5406,0.4068,0.2918,0.197,0.1561,0.0964,0.0777,0.0398,0.0289,0.0821,0.0353,38.36
0.0364,0.0219,0.019,0.0037,0.0126,0.0631,0.0395,0.1031,0.0133,0.0479,0.015,0.0022,0.0359,0.0832,0.0062,0.0626,0.0106,0.0289,0.0457,0.0591,0.0206,0.0588,0.0796,0.1858,0.3017,0.6053,1.0345,1.6896,2.4035,3.1319,3.6288,3.828,3.6563,3.2642,2.5325,1.7453,1.1456,0.6736,0.3547,0.1694,0.1009,0.0653,0.0699,0.0122,0.007,0.0469,0.0164,0.0454,0.0176,0.0033,47.55
0.0457,0.0389,0.0272,0.0188,0.0253,0.0307,0.0265,0.0113,0.0147,0.0707,0.0144,0.0043,0.0623,0.0568,0.2438,0.7632,2.1834,4.601,7.267,8.5229,7.5305,5.4658,3.2809,2.1059,1.6193,1.3096,1.0288,0.6608,0.3821,0.1958,0.1084,0.0927,0.0358,0.0371,0.0427,0.0098,0.0179,0.018,0.0191,0.0014,0.0551,0.0541,0.0126,0.0057,0.0188,0.0579,0.0312,0.0727,0.0134,0.0245,90.35
0.0026,0.0341,0.0138,0.0304,0.0038,0.0381,0.0109,0.0327,0.0173,0.0075,0.0337,0.0376,0.0358,0.0155,0.011,0.0356,0.0276,0.0784,0.0281,0.1464,0.3031,0.7722,1.4232,2.0447,2.3077,2.0709,1.4866,0.8711,0.4988,0.3466,0.3525,0.3633,0.3727,0.3613,0.2852,0.2594,0.1815,0.1117,0.0809,0.028,0.0668,0.0274,0.0353,0.0215,0.0154,0.0119,0.0473,0.0142,0.0463,0.0632,25.79
0.0113,0.0108,0.0019,0.0107,0.0265,0.0465,0.016,0.0099,0.0261,0.0659,0.0387,0.0196,0.068,0.0333,0.0531,0.0157,0.007,0.0152,0.0148,0.0403,0.0993,0.3189,0.7583,1.4423,2.3985,3.2494,3.5434,3.2465,2.6438,1.7335,1.0725,0.7468,0.6727,0.6782,0.6694,0.6506,0.5269,0.411,0.2559,0.1674,0.0998,0.0636,0.0252,0.0232,0.0189,0.0615,0.0175,0.0101,0.0312,0.0014,39.62
0.0027,0.0266,0.0143,0.0044,0.0499,0.031,0.0158,0.0581,0.0483,0.1535,0.5345,1.3851,3.1421,5.9204,9.387,12.3996,13.7427,12.8299,10.7665,7.718,5.3753,4.1164,3.5289,3.2776,2.9877,2.625,2.0737,1.555,1.0416,0.6562,0.3992,0.2244,0.1098,0.0613,0.0201,0.0109,0.0332,0.01,0.0453,0.0393,0.0537,0.0538,0.0135,0.0375,0.0153,0.0021,0.0204,0.0067,0.0535,0.0001,100.0
0.0084,0.0639,0.0318,0.0014,0.0191,0.009,0.0126,0.0545,0.0709,0.1857,0.3248,0.6109,1.0669,1.6862,2.3586,2.8983,3.1493,3.0683,2.8523,2.239,1.6805,1.231,0.8733,0.6376,0.4192,0.3039,0.2203,0.1143,0.1088,0.0701,0.0329,0.0386,0.0203,0.0396,0.0379,0.0047,0.0581,0.0152,0.0142,0.0308,0.0309,0.005,0.1004,0.0087,0.0383,0.0302,0.0084,0.0456,0.0057,0.047,40.76
0.0325,0.0116,0.0114,0.0226,0.017,0.0167,0.0105,0.0582,0.0462,0.0609,0.0079,0.0309,0.0015,0.0351,0.0024,0.052,0.0189,0.0093,0.0025,0.0128,0.0062,0.0162,0.031,0.0239,0.0532,0.007,0.0335,0.051,0.1183,0.5652,2.0579,5.265,9.2178,11.1304,9.2943,5.8902,2.7366,1.4201,1.4371,1.965,2.5258,2.7113,2.4435,1.8504,1.1352,0.5847,0.2755,0.1068,0.0485,0.0263,100.0
0.0163,0.0485,0.0536,0.0043,0.0239,0.0113,0.0735,0.043,0.0401,0.0032,0.0096,0.038,0.0359,0.0511,0.0056,0.0349,0.0228,0.0483,0.1427,0.35,0.7628,1.4975,2.675,4.2788,6.0064,7.4144,8.1562,7.9236,7.1315,5.7654,4.4406,3.2742,2.4965,1.977,1.5232,1.1985,0.8913,0.6305,0.4528,0.3047,0.1768,0.1024,0.091,0.0547,0.0142,0.0221,0.012,0.0669,0.0151,0.0104,100.0
0.0129,0.0548,0.0689,0.0439,0.052,0.0185,0.0054,0.0092,0.0782,0.0181,0.0005,0.0161,0.0197,0.0015,0.0279,0.0204,0.0194,0.0301,0.0295,0.0017,0.0174,0.0193,0.047,0.0735,0.1169,0.4327,1.1774,2.4901,3.7786,4.3812,3.7608,2.61,1.2976,0.5599,0.2016,0.1354,0.0895,0.0497,0.0542,0.0408,0.0316,0.0255,0.036,0.0257,0.0098,0.0683,0.0751,0.0066,0.087,0.0089,43.65
0.0163,0.0202,0.0471,0.0254,0.0454,0.0085,0.0458,0.0209,0.0016,0.0421,0.0162,0.034,0.0307,0.1127,0.1832,0.6145,1.8243,4.0209,6.4866,7.761,6.9643,5.2406,3.3167,2.2189,1.6016,1.1751,0.8255,0.4857,0.2757,0.1552,0.0954,0.054,0.0275,0.0477,0.0612,0.0365,0.0133,0.0186,0.0047,0.0162,0.0677,0.0126,0.0328,0.0482,0.0175,0.0239,0.0205,0.0019,0.0293,0.0016,81.39
0.0007,0.0232,0.0515,0.0326,0.0075,0.0157,0.0082,0.0457,0.0279,0.0508,0.0431,0.0198,0.0501,0.0104,0.002,0.0404,0.0115,0.0145,0.0153,0.0243,0.06,0.0875,0.2073,0.4945,1.0038,1.7778,2.6765,3.3927,3.6899,3.4194,2.9803,2.0501,1.3148,0.8197,0.55,0.4604,0.4213,0.3463,0.301,0.2683,0.2379,0.1549,0.1324,0.122,0.0534,0.0379,0.0177,0.0488,0.0132,0.0463,43.06
0.0108,0.0236,0.0132,0.0179,0.0355,0.0261,0.0474,0.0102,0.0085,0.0073,0.0024,0.0089,0.0158,0.0058,0.0354,0.0143,0.0458,0.0035,0.0059,0.0283,0.0609,0.0567,0.2547,0.9365,2.5679,5.339,8.363,9.9451,9.2733,7.6023,5.5759,4.2065,3.1398,2.085,1.1616,0.5346,0.2416,0.0814,0.0328,0.0501,0.0547,0.0594,0.0251,0.04,0.012,0.0139,0.0191,0.0111,0.0077,0.0044,100.0
0.0185,0.0294,0.0127,0.0026,0.0425,0.0082,0.0183,0.0143,0.0252,0.0037,0.0602,0.0205,0.0012,0.014,0.0465,0.0137,0.0257,0.0853,0.252,0.9549,2.592,5.5182,8.6957,10.3446,9.4186,7.2863,4.8062,3.1816,2.3089,1.6922,1.1554,0.7026,0.3763,0.2004,0.0785,0.0734,0.0662,0.0194,0.1055,0.0125,0.0214,0.0163,0.0434,0.0051,0.016,0.0304,0.0328,0.0053,0.0276,0.0142,100.0
0.0185,0.0232,0.0418,0.0285,0.0017,0.017,0.0158,0.0166,0.0007,0.0254,0.0228,0.0375,0.0299,0.035,0.0103,0.0009,0.0393,0.0156,0.0245,0.0194,0.0768,0.0137,0.0449,0.1241,0.215,0.5055,1.1001,2.1036,3.4673,4.9692,6.2596,6.7476,6.4557,5.6003,4.2318,3.0122,2.1608,1.6853,1.3929,1.2553,1.0798,0.8727,0.6899,0.4886,0.3288,0.2048,0.1385,0.0718,0.0551,0.0506,82.83
0.0092,0.0237,0.0247,0.0226,0.0073,0.0098,0.0145,0.0072,0.0204,0.0006,0.0289,0.0067,0.0225,0.0341,0.0146,0.0158,0.0641,0.0673,0.0879,0.2528,0.6295,1.1646,1.8263,2.0994,1.8056,1.2876,0.6899,0.3738,0.2468,0.2763,0.3612,0.3831,0.3494,0.2284,0.1363,0.0641,0.0806,0.0386,0.0595,0.032,0.0158,0.0603,0.0343,0.0083,0.0112,0.0085,0.0279,0.0017,0.01,0.0494,23.01
0.0373,0.0269,0.0117,0.0756,0.029,0.0039,0.0174,0.0628,0.0297,0.0304,0.0347,0.1627,0.512,1.3821,3.0636,5.4279,7.6791,8.7443,8.0014,6.2997,4.0469,2.4339,1.5691,1.1085,0.8424,0.6474,0.4716,0.2945,0.192,0.0848,0.0442,0.0281,0.0092,0.0686,0.03,0.058,0.0484,0.0313,0.0035,0.0491,0.0321,0.0347,0.0035,0.0131,0.0372,0.0017,0.0041,0.0239,0.0016,0.0568,96.17
0.012,0.0077,0.0256,0.013,0.0096,0.0335,0.0399,0.0402,0.0189,0.0484,0.0339,0.0895,0.4252,1.5357,4.2097,7.7405,9.477,7.7992,4.907,2.4301,1.6583,1.9102,2.4232,2.6142,2.3484,1.7216,1.0198,0.5391,0.218,0.1271,0.0401,0.0454,0.0192,0.0137,0.0226,0.0556,0.0173,0.0652,0.0169,0.0255,0.0706,0.0053,0.0328,0.0706,0.0227,0.0237,0.017,0.0053,0.0282,0.0797,100.0
0.0166,0.0124,0.0515,0.0064,0.0134,0.0015,0.0229,0.0485,0.0743,0.0325,0.0464,0.015,0.0203,0.0346,0.0709,0.0271,0.0455,0.0117,0.0614,0.0096,0.0488,0.0043,0.0699,0.1985,0.4545,1.2899,2.9287,5.2782,7.5109,8.4672,7.614,5.8306,3.551,2.1093,1.5714,1.5246,1.552,1.3651,1.0319,0.646,0.3811,0.1882,0.0779,0.0817,0.0638,0.0391,0.0138,0.0214,0.0156,0.0085,93.85
0.0337,0.0389,0.0446,0.0083,0.0394,0.0164,0.0262,0.0173,0.0178,0.019,0.0092,0.0019,0.0229,0.0073,0.0098,0.0002,0.0162,0.0014,0.0194,0.0275,0.0063,0.0382,0.0069,0.0216,0.0159,0.0942,0.5041,2.0581,5.587,10.2881,12.6366,10.3074,5.9619,2.3178,0.7059,0.226,0.1539,0.0826,0.0787,0.0704,0.0427,0.0424,0.0313,0.0516,0.037,0.0539,0.0155,0.0379,0.0194,0.0041,100.0
0.024,0.0019,0.0378,0.0564,0.0075,0.0093,0.0097,0.0483,0.0307,0.0072,0.0547,0.2044,0.7338,2.4797,5.8967,10.0235,11.8875,9.9675,6.3858,2.7943,0.9973,0.4074,0.2051,0.1437,0.1178,0.0754,0.0593,0.0465,0.0688,0.0973,0.03,0.0254,0.0356,0.0328,0.087,0.0301,0.0435,0.0287,0.0087,0.0446,0.0264,0.0407,0.0321,0.0299,0.0266,0.0502,0.0367,0.0147,0.0536,0.0092,100.0
0.0009,0.0157,0.0368,0.0246,0.0145,0.021,0.0072,0.0319,0.067,0.0844,0.2927,0.7057,1.5696,2.9928,4.8069,6.3457,7.0191,6.4238,5.1422,3.416,2.1251,1.4005,1.0939,1.0714,1.0447,0.9627,0.8092,0.6612,0.4333,0.335,0.1895,0.1609,0.0405,0.0441,0.0156,0.0327,0.0155,0.0044,0.0141,0.0578,0.0186,0.0318,0.0243,0.028,0.0009,0.0181,0.057,0.0366,0.0261,0.0132,81.48
0.0068,0.0489,0.0311,0.0186,0.0215,0.0093,0.0017,0.006,0.0264,0.0445,0.0136,0.0356,0.0942,0.0262,0.0103,0.0039,0.0609,0.0084,0.0075,0.0068,0.003,0.0227,0.0028,0.0145,0.0064,0.0181,0.0082,0.0191,0.0396,0.1918,0.7886,2.4761,5.8491,9.8318,11.7317,9.9215,6.6494,3.5336,2.3605,2.5893,3.2206,3.4346,3.1132,2.2726,1.3802,0.6978,0.302,0.1537,0.0648,0.0415,100.0
0.004,0.0338,0.0169,0.0575,0.0027,0.0445,0.0102,0.0022,0.016,0.0199,0.016,0.0303,0.0044,0.0714,0.0024,0.0122,0.0259,0.0596,0.0002,0.0475,0.0212,0.0329,0.0219,0.0845,0.0954,0.2204,0.4548,0.759,1.2767,1.6621,2.0385,2.2395,2.1372,1.9475,1.5174,1.1233,0.8005,0.6098,0.4331,0.2972,0.2604,0.2436,0.1856,0.0833,0.0619,0.0443,0.033,0.0377,0.0242,0.0052,28.73
0.0184,0.0017,0.0307,0.0235,0.0154,0.0139,0.0221,0.0135,0.0114,0.0065,0.0045,0.0125,0.0291,0.0066,0.0402,0.0349,0.1525,0.5756,1.6641,3.9256,7.2638,10.5281,11.9317,10.6789,7.958,4.9693,3.2428,2.817,3.1293,3.5267,3.6664,3.4754,2.9182,2.1943,1.4768,0.9137,0.4867,0.2399,0.1112,0.0772,0.0521,0.044,0.0258,0.0379,0.0562,0.0037,0.0597,0.0255,0.014,0.0369,100.0
0.021,0.0149,0.0306,0.0157,0.0051,0.0454,0.029,0.0379,0.0231,0.0039,0.0137,0.0332,0.0099,0.0262,0.0362,0.0374,0.0495,0.0093,0.0156,0.0209,0.0475,0.1045,0.2403,0.5042,0.8444,1.3798,1.8747,2.3254,2.5,2.3523,2.1082,1.6059,1.1052,0.7669,0.4853,0.3383,0.2854,0.1951,0.1903,0.1239,0.0857,0.1292,0.0804,0.0616,0.0203,0.0246,0.044,0.0264,0.0767,0.0332,29.12
0.0108,0.0126,0.0976,0.0484,0.0138,0.0775,0.0401,0.0037,0.0027,0.0091,0.0135,0.0505,0.0385,0.0228,0.0457,0.029,0.0078,0.0242,0.0073,0.0086,0.0261,0.0933,0.1318,0.3981,0.9176,1.6972,2.4214,2.7661,2.5039,1.9199,1.2556,0.8133,0.5578,0.4227,0.3015,0.2422,0.13,0.0645,0.0433,0.022,0.0513,0.0108,0.0212,0.0311,0.0167,0.0511,0.0458,0.0195,0.0015,0.007,29.31
0.0081,0.0273,0.0547,0.0245,0.0599,0.0159,0.0271,0.0622,0.0393,0.0386,0.0255,0.0246,0.0397,0.0201,0.0283,0.0544,0.0404,0.1347,0.4625,1.1725,2.5518,4.4921,6.2771,7.1048,6.6,5.26,3.6598,2.5218,1.849,1.4453,1.0758,0.7645,0.4435,0.2434,0.1485,0.079,0.0192,0.0232,0.01,0.0175,0.0164,0.0321,0.0378,0.0128,0.0157,0.0128,0.0581,0.0362,0.0011,0.0114,81.07
0.0234,0.0147,0.0081,0.0114,0.0206,0.0392,0.0345,0.009,0.041,0.057,0.045,0.0081,0.0227,0.0348,0.1001,0.1593,0.4099,0.9066,1.7446,2.9777,4.2543,5.399,6.0198,5.8785,5.4611,4.3613,3.237,2.2882,1.5715,1.0368,0.6533,0.4217,0.2442,0.1336,0.1179,0.11,0.0315,0.0119,0.0284,0.0341,0.0562,0.013,0.0296,0.0254,0.0242,0.0079,0.0417,0.0464,0.0053,0.009,74.28
0.0255,0.0449,0.0302,0.0205,0.0511,0.0244,0.0135,0.0223,0.0141,0.0153,0.0352,0.0124,0.0011,0.027,0.0066,0.0351,0.0158,0.1088,0.3427,1.2123,3.5966,7.6947,12.2965,14.6717,13.3474,10.4667,6.8842,4.7222,3.4348,2.4228,1.5673,0.8586,0.4778,0.2124,0.0841,0.0686,0.0468,0.0564,0.0412,0.0282,0.0291,0.0403,0.0213,0.0109,0.0344,0.0241,0.0371,0.0062,0.0169,0.0348,100.0
0.0226,0.0308,0.0078,0.0634,0.0259,0.0156,0.0337,0.0385,0.0402,0.0384,0.0256,0.0768,0.059,0.1802,0.3605,0.626,1.0749,1.6902,2.4243,3.139,3.6638,3.8598,3.6433,3.3769,2.5763,1.8129,1.1466,0.6699,0.4009,0.1817,0.0849,0.0797,0.035,0.0786,0.0359,0.0237,0.0674,0.0309,0.0484,0.0143,0.0334,0.0457,0.0086,0.0146,0.016,0.0303,0.0174,0.0145,0.0179,0.0027,46.17
0.0057,0.0102,0.0693,0.0327,0.0245,0.0556,0.0603,0.0253,0.0229,0.0187,0.0428,0.0549,0.0231,0.01,0.021,0.102,0.185,0.5164,1.1655,2.2667,3.6248,4.7132,5.2467,4.8232,4.0481,2.8016,1.8915,1.3904,1.2041,1.2067,1.2244,1.1004,0.9951,0.7908,0.6131,0.4267,0.2736,0.1609,0.0901,0.0736,0.0239,0.02,0.0275,0.006,0.0142,0.0928,0.0189,0.0051,0.0025,0.0137,65.43
0.0212,0.0367,0.0355,0.0313,0.018,0.0021,0.0254,0.0013,0.0159,0.0143,0.0096,0.0155,0.0289,0.0118,0.0022,0.0108,0.0374,0.004,0.0014,0.0268,0.0567,0.0876,0.1407,0.3785,0.8725,1.4417,2.0729,2.2739,2.064,1.5623,0.9401,0.4716,0.2765,0.257,0.2614,0.2373,0.1914,0.1723,0.0958,0.1016,0.064,0.0701,0.0272,0.0301,0.0017,0.0012,0.0475,0.0227,0.041,0.0498,23.44
0.0278,0.0228,0.0253,0.0306,0.0273,0.043,0.0156,0.0174,0.0289,0.0722,0.1314,0.3011,0.6012,1.0709,1.7141,2.3547,2.8747,3.115,2.8666,2.5273,1.8391,1.1985,0.7206,0.3557,0.1999,0.1177,0.0983,0.045,0.0825,0.0262,0.0213,0.0589,0.0355,0.0565,0.0051,0.0067,0.0462,0.0352,0.0341,0.026,0.0018,0.0015,0.017,0.0093,0.0164,0.0149,0.0232,0.0229,0.0601,0.0068,33.6
0.0225,0.0168,0.0036,0.0112,0.0073,0.0379,0.0405,0.0487,0.0036,0.0149,0.0108,0.0215,0.0332,0.0181,0.0308,0.0034,0.0436,0.0334,0.1131,0.3919,0.9985,2.1612,4.0084,6.2722,8.1747,8.9592,8.1869,6.7007,4.2945,2.3598,1.1364,0.4861,0.2102,0.0924,0.1082,0.0614,0.0526,0.027,0.0236,0.0202,0.0218,0.0475,0.0038,0.0077,0.0198,0.0018,0.0299,0.0108,0.0347,0.0225,95.66
0.0285,0.0572,0.0,0.0393,0.0225,0.043,0.0033,0.015,0.018,0.0055,0.0057,0.0032,0.0152,0.0728,0.1085,0.2918,0.5444,1.0018,1.6132,2.2802,2.7727,2.9713,2.7772,2.4312,1.7076,1.0971,0.6232,0.3035,0.1433,0.0776,0.0497,0.0259,0.0334,0.0352,0.0292,0.0054,0.0552,0.0148,0.0125,0.0088,0.0389,0.0276,0.0022,0.0018,0.018,0.0203,0.0023,0.0028,0.0039,0.0006,32.24
0.0678,0.0283,0.0159,0.0354,0.0017,0.0327,0.0218,0.014,0.0296,0.0278,0.0138,0.0194,0.0198,0.04,0.1675,0.3802,1.1108,2.5136,4.7575,7.5832,10.0317,11.076,10.0358,7.978,5.01,2.6864,1.2433,0.5164,0.2164,0.1438,0.1039,0.0653,0.0436,0.0832,0.0774,0.0231,0.0426,0.0529,0.037,0.0534,0.0345,0.0296,0.0514,0.018,0.0179,0.0416,0.0276,0.0234,0.043,0.0046,100.0
0.0398,0.0079,0.0171,0.0122,0.0279,0.0027,0.0288,0.0457,0.0164,0.0028,0.0023,0.0887,0.0216,0.0297,0.0396,0.0734,0.2015,0.5952,1.4061,2.618,3.7067,4.1992,3.7365,2.8303,1.7131,0.96,0.639,0.5617,0.5135,0.4726,0.3989,0.3044,0.212,0.1291,0.0739,0.0659,0.0943,0.0151,0.0224,0.0104,0.0281,0.041,0.054,0.0022,0.0626,0.0371,0.0249,0.016,0.0195,0.0131,46.9
0.0278,0.047,0.038,0.0023,0.031,0.0333,0.0082,0.0275,0.0677,0.016,0.0081,0.0089,0.0452,0.0153,0.0102,0.0105,0.0082,0.013,0.0439,0.0791,0.0484,0.0965,0.1763,0.5123,1.0287,1.9577,3.2787,4.7265,5.8876,6.3421,5.8859,5.0919,3.5138,2.1837,1.1417,0.5444,0.2851,0.1269,0.077,0.0444,0.0511,0.0368,0.0215,0.0146,0.0341,0.0591,0.0157,0.0204,0.0105,0.005,68.75
0.0256,0.0204,0.0225,0.0391,0.0318,0.0155,0.0327,0.0042,0.0317,0.0046,0.0053,0.0243,0.0228,0.0303,0.0242,0.0777,0.2613,0.6445,1.3939,2.6938,4.2536,5.6639,6.2723,5.8698,4.9906,3.5463,2.4775,1.8843,1.6359,1.4928,1.3978,1.2213,0.9796,0.6949,0.5072,0.3454,0.1898,0.0874,0.0467,0.041,0.0354,0.0375,0.004,0.0615,0.0251,0.0107,0.0366,0.0103,0.0113,0.038,75.54
0.0667,0.0256,0.0386,0.0309,0.0537,0.0364,0.0063,0.0391,0.0152,0.0372,0.0341,0.0105,0.0154,0.0699,0.1518,0.5948,1.8235,4.1146,6.6122,7.8024,6.7887,4.5813,2.5909,1.6131,1.3722,1.3598,1.2234,0.9462,0.6316,0.3688,0.1783,0.0813,0.0595,0.0302,0.0326,0.019,0.0546,0.0122,0.0826,0.0289,0.0155,0.0015,0.054,0.0343,0.0788,0.0407,0.0177,0.017,0.0053,0.0006,83.01
0.0307,0.0061,0.0273,0.0743,0.0333,0.0387,0.0322,0.0211,0.0325,0.0267,0.0197,0.0289,0.0077,0.0223,0.0511,0.072,0.0195,0.011,0.0365,0.0573,0.0065,0.0087,0.0116,0.0191,0.0703,0.0184,0.0491,0.0658,0.2189,0.7743,2.1835,4.8805,8.6887,12.3355,14.0616,12.8914,10.1992,7.0645,5.1123,4.4261,4.3759,4.3705,4.1185,3.5482,2.7846,2.0071,1.2877,0.7943,0.4132,0.2108,100.0
0.0396,0.0046,0.0382,0.0178,0.025,0.0008,0.0202,0.0029,0.0158,0.0266,0.0076,0.0021,0.005,0.008,0.0068,0.0159,0.0343,0.0076,0.0592,0.0049,0.0045,0.0171,0.0046,0.0164,0.002,0.0212,0.0452,0.1083,0.607,2.3011,6.1273,11.0161,13.4232,11.1774,7.2906,3.7553,2.5629,2.7325,3.2323,3.3543,3.0414,2.432,1.6275,0.9758,0.4951,0.2326,0.1163,0.1022,0.0705,0.0439,100.0
0.0268,0.0026,0.0108,0.0231,0.0259,0.0322,0.0574,0.0412,0.1858,0.6231,1.8173,4.2296,7.7099,11.0769,12.5019,11.0655,8.0634,4.4542,1.9893,0.7344,0.2683,0.1135,0.0854,0.0614,0.0335,0.0337,0.0212,0.032,0.036,0.0262,0.0169,0.0459,0.0348,0.0265,0.012,0.0397,0.0108,0.0084,0.0584,0.0329,0.0315,0.0211,0.0256,0.0311,0.0736,0.0442,0.0013,0.0565,0.0058,0.0085,100.0
0.0492,0.015,0.0001,0.0008,0.0314,0.0115,0.0016,0.0416,0.0135,0.0346,0.0131,0.0733,0.1259,0.2865,0.6196,1.1504,1.8911,2.7249,3.3482,3.559,3.3129,2.767,1.9878,1.2031,0.6614,0.3312,0.1869,0.0958,0.0243,0.0437,0.0592,0.0083,0.0228,0.0254,0.0067,0.0515,0.0049,0.0456,0.0435,0.0304,0.0319,0.0166,0.0099,0.026,0.0117,0.0412,0.041,0.066,0.0167,0.022,40.47
0.0486,0.0254,0.0143,0.0132,0.0254,0.027,0.1074,0.2936,0.5979,1.2113,2.2089,3.588,5.093,6.3277,6.9557,6.705,5.9557,4.6234,3.345,2.2912,1.5614,0.9733,0.6429,0.3836,0.2507,0.1622,0.1316,0.0351,0.0247,0.0491,0.0042,0.0306,0.0072,0.0048,0.0019,0.0416,0.0417,0.0352,0.0266,0.031,0.0247,0.0048,0.037,0.0369,0.0339,0.0176,0.0257,0.001,0.0335,0.0569,84.29
0.016,0.0365,0.0182,0.059,0.0408,0.0221,0.0141,0.0369,0.0664,0.0144,0.0558,0.0199,0.0223,0.0907,0.0165,0.0096,0.0453,0.1495,0.4612,1.072,2.0219,2.8936,3.3096,3.025,2.2731,1.4494,0.9359,0.7075,0.5958,0.5347,0.4715,0.3458,0.2226,0.1294,0.096,0.0429,0.0387,0.0359,0.0181,0.0696,0.0334,0.0152,0.0118,0.027,0.0032,0.0175,0.0052,0.0125,0.0108,0.0155,36.72
0.018,0.0544,0.0362,0.0339,0.0338,0.0161,0.003,0.0015,0.0373,0.0394,0.004,0.0269,0.0994,0.3141,0.7778,1.6601,2.8778,4.0167,4.4623,4.0314,3.1208,1.9455,1.1213,0.7104,0.5565,0.5469,0.5335,0.519,0.4626,0.3402,0.2909,0.1437,0.0906,0.1012,0.0386,0.0219,0.0132,0.011,0.0699,0.0229,0.0443,0.009,0.002,0.0343,0.0543,0.0185,0.0247,0.0379,0.0006,0.0145,46.57
0.0367,0.0088,0.0134,0.0267,0.048,0.0319,0.0111,0.0171,0.0435,0.0065,0.0228,0.0105,0.0818,0.3338,1.2488,3.5713,7.781,12.3507,14.4487,12.5322,8.6688,4.7956,2.9342,2.5942,2.7973,2.917,2.7016,2.195,1.53,0.9451,0.5053,0.2847,0.1426,0.0609,0.0618,0.0186,0.0363,0.0227,0.0478,0.0677,0.0138,0.0203,0.0064,0.0249,0.0201,0.0228,0.0034,0.0044,0.0051,0.0072,100.0
0.0069,0.005,0.0053,0.0463,0.0149,0.019,0.0278,0.0323,0.0918,0.2534,0.56,1.1879,2.0837,3.1464,4.0643,4.3868,4.0835,3.4618,2.4232,1.5318,0.9629,0.6807,0.5523,0.5159,0.4853,0.4113,0.3614,0.2883,0.183,0.1547,0.0992,0.0598,0.0715,0.0542,0.0352,0.0068,0.0096,0.0409,0.0233,0.0023,0.046,0.0256,0.0082,0.0145,0.0171,0.0106,0.0141,0.0254,0.0436,0.0586,50.53
0.0122,0.0359,0.0084,0.0076,0.0125,0.0307,0.0438,0.0199,0.0468,0.0038,0.0101,0.0333,0.0059,0.0676,0.0124,0.0081,0.02,0.0178,0.0047,0.0019,0.0149,0.055,0.0065,0.0558,0.0909,0.3452,0.9407,2.1186,3.7511,5.2898,5.938,5.3154,3.9856,2.3263,1.1015,0.4763,0.2136,0.0972,0.0791,0.0337,0.0671,0.0435,0.0464,0.0285,0.0122,0.0187,0.0186,0.0117,0.0472,0.0666,61.0
0.0101,0.0252,0.023,0.0143,0.0213,0.06,0.0407,0.0736,0.022,0.011,0.0194,0.082,0.0221,0.003,0.0279,0.0418,0.1517,0.3042,0.69,1.3615,2.2017,2.9591,3.2698,3.0073,2.3508,1.5349,0.9244,0.5644,0.4342,0.4039,0.4406,0.358,0.3514,0.2369,0.176,0.1301,0.0579,0.0497,0.0487,0.032,0.0297,0.0156,0.012,0.0408,0.0378,0.0154,0.0235,0.0076,0.0304,0.0035,37.97
0.031,0.0461,0.0036,0.0401,0.0391,0.0207,0.028,0.0505,0.0554,0.016,0.0174,0.0133,0.1231,0.3355,1.0567,2.5535,5.0031,7.4136,8.5533,7.6428,5.7997,3.5864,2.2543,1.7105,1.5321,1.3597,1.1407,0.8261,0.531,0.289,0.1664,0.0974,0.0541,0.0454,0.0222,0.0533,0.0163,0.0153,0.0226,0.0151,0.0553,0.0189,0.0214,0.0405,0.026,0.0008,0.043,0.029,0.0342,0.0183,94.6
0.0367,0.0026,0.0434,0.037,0.0056,0.0299,0.0545,0.0355,0.0042,0.0309,0.027,0.0295,0.0101,0.0268,0.076,0.0214,0.0599,0.1219,0.3598,0.724,1.5051,2.6273,3.9421,4.9994,5.4218,5.0218,4.1484,2.7818,1.6218,0.8032,0.4091,0.1633,0.0988,0.0788,0.0708,0.0529,0.0266,0.0389,0.0355,0.0438,0.022,0.0408,0.0012,0.0447,0.0118,0.0309,0.0108,0.0031,0.0369,0.003,59.11
0.0048,0.0069,0.0094,0.0632,0.053,0.0425,0.0539,0.0426,0.0007,0.0037,0.0071,0.0063,0.0312,0.0089,0.047,0.0041,0.0298,0.0024,0.0057,0.0106,0.0492,0.0356,0.0137,0.0167,0.0168,0.0003,0.0059,0.0108,0.0253,0.0616,0.3365,1.4702,3.988,7.4021,9.1211,7.4735,4.4915,2.1508,1.5973,1.781,1.9456,1.6488,1.0882,0.5444,0.2286,0.1591,0.1064,0.0663,0.0539,0.0703,93.31
0.0072,0.0142,0.0181,0.0004,0.0076,0.0386,0.0132,0.0221,0.0094,0.0726,0.0169,0.0046,0.0411,0.0217,0.0262,0.0094,0.0035,0.0853,0.0269,0.042,0.0181,0.0518,0.1443,0.2926,0.5865,1.0574,1.6547,2.2758,2.7733,3.02,2.883,2.5791,1.9526,1.3955,0.9633,0.6382,0.4246,0.3044,0.1982,0.133,0.0843,0.0477,0.0662,0.0087,0.0087,0.0428,0.0117,0.0219,0.0011,0.0456,36.49
0.0303,0.0282,0.0258,0.0172,0.0085,0.0136,0.0708,0.0279,0.0006,0.0116,0.0744,0.0575,0.1089,0.3503,1.0765,2.6593,5.3915,8.9983,12.3709,14.0182,13.312,11.6458,8.6624,6.3038,4.834,3.8616,3.0737,2.3371,1.5952,1.0182,0.6219,0.3292,0.1897,0.08,0.0396,0.0586,0.0447,0.0302,0.0419,0.0541,0.017,0.0126,0.0363,0.0128,0.0084,0.0057,0.0814,0.0029,0.0182,0.0609,100.0
0.0156,0.0484,0.0165,0.0218,0.031,0.0219,0.0458,0.01,0.0273,0.0233,0.0249,0.0114,0.0288,0.0302,0.0255,0.0202,0.0354,0.0508,0.0197,0.011,0.0086,0.0014,0.0521,0.0108,0.0056,0.0754,0.1527,0.3235,0.7767,1.6381,2.7935,3.914,4.3436,3.9154,3.1401,2.025,1.2323,0.8455,0.6453,0.5196,0.3878,0.2596,0.1516,0.0972,0.0761,0.0454,0.0271,0.0063,0.0325,0.0127,46.34
0.0019,0.016,0.007,0.014,0.0082,0.0168,0.0398,0.0439,0.0117,0.0261,0.0173,0.0179,0.0394,0.0122,0.0628,0.0029,0.0194,0.0051,0.0423,0.0457,0.0272,0.1642,0.5796,1.83,4.2397,6.9986,8.3507,7.0833,4.8117,2.5518,1.4208,1.2151,1.3159,1.3655,1.2223,0.9775,0.6881,0.4294,0.2584,0.1366,0.0589,0.04,0.0553,0.0507,0.0076,0.0341,0.025,0.0322,0.0329,0.0287,92.04
0.0456,0.0329,0.0013,0.0013,0.0162,0.0185,0.0271,0.0005,0.0081,0.0007,0.0153,0.0527,0.016,0.047,0.0777,0.263,0.474,0.9657,1.7348,2.6958,3.7241,4.5165,4.8421,4.55,3.9129,2.8155,1.7957,1.0276,0.517,0.2563,0.117,0.0829,0.0584,0.0225,0.0158,0.0418,0.0105,0.0532,0.0368,0.032,0.0152,0.0123,0.0358,0.023,0.0197,0.0233,0.0072,0.0151,0.0332,0.0019,55.52
0.0063,0.0096,0.0089,0.0048,0.0106,0.0367,0.0101,0.0164,0.0541,0.0172,0.0349,0.0186,0.0216,0.0048,0.0016,0.0321,0.0219,0.0027,0.0323,0.0067,0.0014,0.011,0.0466,0.0724,0.1498,0.2506,0.5489,1.0142,1.7132,2.5774,3.4123,4.0898,4.4221,4.2157,3.8274,2.9603,2.1192,1.4047,0.9219,0.5774,0.3803,0.2753,0.1945,0.1093,0.0785,0.0506,0.0554,0.0254,0.0151,0.0283,55.71
0.0081,0.0116,0.0194,0.0493,0.0105,0.0113,0.0088,0.0087,0.0113,0.0123,0.0156,0.0294,0.0603,0.0749,0.1519,0.3206,0.6336,1.1468,1.833,2.6971,3.5601,4.1772,4.443,4.2119,3.689,2.8059,1.9008,1.1721,0.6531,0.3267,0.1846,0.0839,0.0356,0.0327,0.0392,0.0227,0.0445,0.0096,0.0637,0.028,0.0621,0.0659,0.0432,0.0053,0.0007,0.0125,0.0522,0.0098,0.0267,0.0854,55.48
0.039,0.0004,0.0178,0.0206,0.0234,0.0211,0.0371,0.0241,0.0086,0.0191,0.0388,0.0066,0.0121,0.0092,0.0337,0.0414,0.0409,0.0356,0.1778,0.6859,2.0972,4.4911,7.1249,8.355,7.1236,4.8793,2.3283,0.9235,0.3579,0.1579,0.1056,0.0692,0.1133,0.0511,0.0228,0.0447,0.039,0.0185,0.0111,0.0198,0.0181,0.0089,0.0086,0.03,0.0217,0.0022,0.0062,0.0216,0.0184,0.0468,81.11
0.007,0.0266,0.0383,0.0151,0.0347,0.0436,0.0124,0.0088,0.0012,0.0095,0.0131,0.0044,0.0547,0.0313,0.0061,0.0213,0.0085,0.0125,0.0451,0.0398,0.0342,0.004,0.0302,0.0362,0.0711,0.1266,0.2281,0.5203,0.9075,1.5032,2.2642,2.9521,3.5247,3.7561,3.6516,3.2712,2.6398,1.8979,1.3421,0.9502,0.6977,0.5503,0.4957,0.3534,0.2841,0.2116,0.1588,0.1332,0.089,0.0748,47.58
0.0221,0.0248,0.0433,0.0045,0.0592,0.0001,0.0352,0.0242,0.0307,0.034,0.0167,0.0107,0.0279,0.0416,0.0177,0.0248,0.0024,0.0153,0.0665,0.0327,0.0263,0.0732,0.3622,1.1524,3.2745,6.8556,10.8196,12.6452,11.3124,8.4919,5.3784,3.7402,3.2605,3.1883,2.8718,2.4146,1.7699,1.1814,0.7154,0.3956,0.2393,0.099,0.0559,0.0717,0.0282,0.0317,0.0302,0.0172,0.0536,0.0443,100.0
0.0271,0.0158,0.0335,0.0159,0.0038,0.0549,0.0468,0.0104,0.0446,0.0032,0.0368,0.0649,0.1815,0.6384,1.8432,4.2353,7.7498,11.0755,12.7194,11.7818,9.4387,6.315,4.0117,2.7242,1.9907,1.4577,1.0145,0.6686,0.4233,0.2512,0.1468,0.0965,0.0612,0.0397,0.0295,0.0412,0.0332,0.0668,0.0723,0.065,0.0681,0.0437,0.026,0.0378,0.0047,0.0451,0.0159,0.0642,0.004,0.0201,100.0
0.0007,0.0281,0.003,0.0107,0.0377,0.0159,0.0034,0.023,0.0076,0.0143,0.0242,0.0436,0.0545,0.1857,0.683,1.7308,3.4006,5.1542,5.9194,5.197,3.5456,1.8921,0.9245,0.6427,0.753,0.9543,1.0152,0.898,0.6663,0.4176,0.2051,0.0892,0.0636,0.0214,0.0608,0.0161,0.0088,0.0325,0.0175,0.0532,0.0402,0.0059,0.0079,0.041,0.0447,0.0131,0.0076,0.0461,0.025,0.0126,62.67
0.0056,0.0111,0.0116,0.0596,0.0124,0.0325,0.0335,0.0467,0.0317,0.015,0.0135,0.0199,0.0308,0.0064,0.0185,0.0287,0.0131,0.0214,0.0395,0.0488,0.157,0.3867,0.8728,1.7959,3.1386,4.7489,6.0446,6.5797,6.0956,5.1279,3.6286,2.456,1.8046,1.5872,1.5616,1.5552,1.4198,1.1969,0.8625,0.6157,0.3441,0.1885,0.089,0.0385,0.0197,0.0681,0.0176,0.0149,0.0078,0.0182,82.19
0.0243,0.0273,0.0185,0.0408,0.052,0.0522,0.0356,0.0103,0.0215,0.0984,0.0184,0.0425,0.0131,0.0791,0.0235,0.0206,0.0117,0.0108,0.0153,0.0804,0.0146,0.0437,0.1358,0.2732,0.5824,1.0939,1.7602,2.2628,2.4674,2.2672,1.8273,1.1536,0.6402,0.3058,0.1293,0.0555,0.0216,0.0475,0.0393,0.0279,0.0099,0.0042,0.007,0.0051,0.0577,0.0264,0.0363,0.0144,0.0026,0.0126,27.57
0.0242,0.0293,0.0217,0.005,0.0542,0.0026,0.0392,0.016,0.0048,0.0452,0.0016,0.0021,0.0227,0.0136,0.0082,0.0029,0.0126,0.0502,0.0037,0.0251,0.044,0.0811,0.2852,0.9078,2.2028,4.5234,7.5402,10.2715,11.3987,10.2653,8.1473,4.9834,2.6094,1.1866,0.5416,0.3084,0.1983,0.1162,0.0949,0.0912,0.0508,0.0713,0.074,0.0469,0.0482,0.0216,0.0229,0.009,0.0099,0.0458,100.0
0.0257,0.0216,0.0117,0.0116,0.0157,0.0344,0.0145,0.0359,0.1032,0.2319,0.575,1.2135,2.3513,3.8677,5.4789,6.8466,7.4568,7.1436,6.1458,4.638,3.1569,2.0565,1.2876,0.8232,0.518,0.3435,0.2304,0.1231,0.0704,0.0416,0.0536,0.031,0.0429,0.0521,0.0212,0.0318,0.018,0.0042,0.0145,0.0239,0.0596,0.0239,0.0028,0.0147,0.0151,0.0116,0.0009,0.0014,0.0224,0.0048,85.01
0.0418,0.0325,0.0137,0.0167,0.0501,0.0304,0.0393,0.0581,0.0005,0.0074,0.0072,0.0093,0.0035,0.0371,0.026,0.0076,0.0115,0.0112,0.0212,0.0553,0.1683,0.3647,0.8017,1.5707,2.8354,4.4871,6.2478,7.6699,8.2623,7.9105,7.0824,5.4446,3.9919,2.8691,2.217,1.889,1.7068,1.6101,1.4282,1.2345,1.003,0.8209,0.5732,0.3828,0.2648,0.1564,0.1052,0.0563,0.0449,0.0492,100.0
0.0538,0.0077,0.0097,0.0069,0.0094,0.0148,0.008,0.0071,0.008,0.0035,0.0172,0.0324,0.0458,0.0387,0.0049,0.014,0.0278,0.0004,0.0016,0.0151,0.0134,0.0965,0.3273,1.4056,3.9866,7.5254,9.3239,7.543,4.4623,1.7299,0.599,0.2638,0.1832,0.134,0.17,0.1197,0.0922,0.0566,0.0443,0.0303,0.0484,0.0325,0.0244,0.0243,0.0746,0.0213,0.0556,0.0301,0.018,0.008,88.99
0.0002,0.0187,0.0273,0.0262,0.0135,0.0372,0.0879,0.1579,0.3292,0.6792,1.2421,1.9974,2.7983,3.3913,3.6617,3.4565,2.9609,2.1699,1.4725,1.0037,0.7017,0.5464,0.4785,0.417,0.3583,0.284,0.201,0.169,0.0851,0.0698,0.0364,0.0428,0.0172,0.0094,0.0121,0.0274,0.0275,0.0446,0.04,0.0715,0.0108,0.0039,0.0373,0.0021,0.0002,0.0569,0.0407,0.0237,0.0125,0.0486,44.3
0.0115,0.0289,0.0208,0.0505,0.0208,0.0207,0.0065,0.0329,0.0135,0.0208,0.0177,0.0001,0.0292,0.0416,0.0425,0.0087,0.0072,0.0319,0.0333,0.0297,0.0433,0.0821,0.1882,0.4659,0.9441,1.7626,2.8521,4.0306,4.9983,5.4472,5.1644,4.6708,3.6315,2.6633,1.9934,1.6012,1.3711,1.1851,1.0132,0.8357,0.6258,0.4317,0.3006,0.1878,0.1272,0.0606,0.0455,0.0203,0.0176,0.036,70.57
0.0443,0.0658,0.0153,0.0315,0.006,0.0073,0.035,0.0253,0.0015,0.0142,0.0032,0.0066,0.039,0.0529,0.1693,0.4457,0.964,1.8229,2.8629,3.7619,4.1516,3.8324,3.2124,2.181,1.3828,0.8733,0.5946,0.4839,0.4599,0.3978,0.3012,0.2559,0.1981,0.1238,0.1376,0.0464,0.0298,0.0451,0.0601,0.017,0.0391,0.0627,0.0084,0.0409,0.0012,0.0227,0.0017,0.0302,0.0612,0.0267,49.12
0.0046,0.0123,0.009,0.0085,0.0364,0.016,0.0511,0.0745,0.0201,0.0117,0.0357,0.028,0.0148,0.0143,0.02,0.0327,0.0516,0.0067,0.0089,0.008,0.0014,0.0356,0.0063,0.0001,0.0095,0.0054,0.0426,0.0173,0.0903,0.4519,1.613,4.1515,7.1014,8.5344,7.1363,4.6437,2.2018,1.1288,0.9643,1.1576,1.3642,1.4254,1.3155,1.0508,0.7291,0.4784,0.2473,0.1308,0.0885,0.0266,89.92
0.0106,0.0156,0.0227,0.0122,0.0294,0.0174,0.0067,0.0657,0.0002,0.0115,0.0029,0.0016,0.0013,0.018,0.0324,0.1359,0.4174,1.1415,2.4801,4.3518,6.1122,6.8666,6.2343,4.8074,3.0923,1.8842,1.3411,1.14,1.0665,0.9842,0.9017,0.6889,0.4857,0.3477,0.2076,0.124,0.1067,0.0769,0.0405,0.0251,0.027,0.0405,0.0393,0.0184,0.0407,0.0022,0.0132,0.0022,0.0268,0.0155,77.72
0.0631,0.0192,0.0219,0.0372,0.0351,0.0155,0.0058,0.0592,0.0247,0.0094,0.0203,0.0175,0.0044,0.0264,0.0397,0.0052,0.02,0.0347,0.038,0.0543,0.0052,0.012,0.0064,0.0189,0.0032,0.0011,0.0007,0.0404,0.044,0.1059,0.3625,0.9968,2.0921,3.237,3.7855,3.284,2.3482,1.2695,0.6717,0.4887,0.4087,0.3537,0.2584,0.2137,0.1143,0.0985,0.0655,0.0282,0.0257,0.02,39.69
0.0053,0.0205,0.0265,0.0244,0.0224,0.05,0.0265,0.0461,0.0775,0.0179,0.0079,0.0308,0.0338,0.0152,0.0272,0.0334,0.018,0.0577,0.2504,0.8532,2.3193,5.0213,8.7432,12.2559,13.7016,12.2438,9.4311,5.5341,2.6959,1.181,0.5131,0.2639,0.159,0.1268,0.0906,0.1043,0.0456,0.0582,0.0336,0.0391,0.039,0.0627,0.0322,0.0511,0.0314,0.0296,0.032,0.0438,0.0227,0.0093,100.0
0.0121,0.0041,0.0015,0.0396,0.0229,0.0187,0.0161,0.0156,0.004,0.0093,0.0532,0.0261,0.0395,0.0144,0.0301,0.024,0.0005,0.0221,0.0283,0.0311,0.0651,0.262,0.84,2.243,4.8447,8.4205,11.8708,13.6318,12.963,10.9513,8.1831,6.1046,4.9168,4.0555,3.3062,2.4687,1.676,1.038,0.5903,0.3018,0.1428,0.0796,0.0786,0.0762,0.0162,0.0104,0.0215,0.0422,0.0413,0.0165,100.0
0.0303,0.0215,0.011,0.0108,0.0253,0.0022,0.0019,0.0421,0.0148,0.0231,0.0228,0.01,0.0469,0.0069,0.0043,0.014,0.0184,0.0031,0.0493,0.0386,0.0259,0.0456,0.0945,0.1994,0.4913,0.8459,1.3541,1.9036,2.3491,2.5272,2.4115,2.0317,1.4546,0.9521,0.5915,0.3794,0.3196,0.2102,0.1556,0.124,0.1137,0.0894,0.0437,0.0302,0.0379,0.067,0.0386,0.0045,0.0092,0.0018,29.18
0.0394,0.0041,0.005,0.0193,0.0235,0.0661,0.1017,0.0976,0.2653,0.6798,1.4749,2.7082,4.1449,5.3014,5.7718,5.3012,4.3659,2.8567,1.5802,0.7687,0.3295,0.1725,0.0738,0.0679,0.0248,0.0159,0.037,0.0252,0.0146,0.0401,0.0305,0.0118,0.0342,0.0071,0.0338,0.0229,0.03,0.0122,0.0003,0.022,0.0699,0.0247,0.0275,0.0164,0.0047,0.0029,0.0422,0.0044,0.0399,0.0391,65.21
0.0258,0.0256,0.0259,0.0186,0.0289,0.0311,0.0254,0.018,0.0173,0.0284,0.0277,0.031,0.0321,0.0364,0.0323,0.0278,0.0169,0.0532,0.0345,0.1516,0.5383,1.6318,3.7279,6.0425,7.1698,6.1904,4.3318,2.3916,1.4436,1.1467,1.0875,0.9558,0.764,0.5465,0.3552,0.2067,0.0927,0.0453,0.0608,0.0538,0.0309,0.0208,0.0149,0.0294,0.0384,0.0321,0.0213,0.0277,0.0048,0.067,73.34
0.0199,0.0252,0.0405,0.033,0.0059,0.0307,0.0168,0.0367,0.0185,0.0561,0.0022,0.0176,0.0404,0.0005,0.0241,0.0201,0.0695,0.0214,0.0547,0.0068,0.0228,0.0157,0.0609,0.092,0.1463,0.2817,0.55,0.8958,1.4334,1.9411,2.3772,2.61,2.469,2.171,1.697,1.1708,0.7771,0.5299,0.3704,0.2614,0.1908,0.1226,0.1311,0.0885,0.0378,0.0316,0.0268,0.0144,0.0365,0.0121,29.34
0.0026,0.0399,0.0539,0.0039,0.0201,0.0245,0.0224,0.0331,0.0182,0.0405,0.082,0.1902,0.6139,1.8579,4.3513,8.1211,11.7495,13.2676,11.7463,8.5324,4.998,2.9048,2.5058,3.1439,3.9782,4.3678,3.9149,2.9189,1.8367,0.906,0.4071,0.1548,0.0518,0.0233,0.0195,0.0088,0.0082,0.0055,0.0049,0.0543,0.0024,0.0177,0.0499,0.0728,0.0095,0.0005,0.0112,0.022,0.0349,0.0094,100.0
0.0216,0.0248,0.033,0.003,0.0232,0.012,0.0318,0.0281,0.0272,0.0559,0.0013,0.0164,0.0423,0.0287,0.0373,0.1292,0.6096,2.021,4.8713,8.2549,10.0114,8.8903,6.5777,4.3178,3.0849,2.2987,1.5137,0.82,0.382,0.1605,0.1108,0.0538,0.0556,0.0182,0.0149,0.013,0.0203,0.0046,0.0039,0.0197,0.0149,0.0118,0.0057,0.0036,0.0248,0.0067,0.0164,0.034,0.0506,0.0267,100.0
0.0161,0.0251,0.017,0.0036,0.043,0.0408,0.0233,0.0151,0.0193,0.025,0.0452,0.1149,0.3019,1.0263,2.9098,6.177,9.7325,11.3568,9.8927,6.9505,4.0194,2.7802,2.8826,3.3617,3.5855,3.2642,2.4933,1.5468,0.8446,0.3759,0.1916,0.0773,0.0366,0.0828,0.0551,0.0705,0.0235,0.0516,0.0316,0.0163,0.0128,0.0143,0.0457,0.0265,0.0064,0.0063,0.0158,0.0167,0.0155,0.0214,100.0
0.0308,0.0132,0.0205,0.0508,0.0268,0.0115,0.0284,0.0014,0.0087,0.0555,0.0419,0.0286,0.0391,0.0025,0.0074,0.0327,0.008,0.0325,0.0795,0.2659,0.6804,1.5475,2.8399,4.4642,5.844,6.386,5.8728,4.7788,3.2017,1.9997,1.2891,1.0102,0.9405,0.937,0.8546,0.7178,0.5833,0.4113,0.252,0.1371,0.1001,0.0359,0.0432,0.0365,0.0153,0.0262,0.0254,0.0057,0.0049,0.0064,75.06
0.0273,0.0018,0.0477,0.0316,0.0238,0.0058,0.0639,0.0309,0.0011,0.0066,0.0138,0.0118,0.0178,0.0211,0.0054,0.0442,0.0075,0.023,0.0391,0.0475,0.2129,0.5934,1.5142,3.4497,6.4534,10.2578,13.682,15.483,14.9338,13.2859,10.0407,7.1891,5.0955,3.6135,2.5537,1.7042,1.058,0.6193,0.337,0.1974,0.0803,0.0366,0.0542,0.0175,0.0136,0.0055,0.0143,0.0243,0.0036,0.079,100.0
0.0824,0.0334,0.016,0.0193,0.0174,0.0372,0.0143,0.0058,0.0116,0.0306,0.0242,0.0357,0.0131,0.0101,0.028,0.0316,0.0115,0.0168,0.0057,0.0206,0.0144,0.0275,0.0018,0.0303,0.0466,0.1793,0.6415,2.0331,4.8142,8.0889,9.9376,9.1273,7.0792,5.0613,3.9617,3.12,2.266,1.3859,0.675,0.2945,0.1238,0.072,0.0193,0.0162,0.0138,0.067,0.0424,0.0584,0.0283,0.013,100.0
0.0323,0.0358,0.0275,0.0135,0.01,0.009,0.0158,0.075,0.0086,0.0133,0.0376,0.0251,0.1173,0.485,1.3372,3.0984,5.6877,8.1541,9.2824,8.3542,6.4367,4.1118,2.7425,2.3202,2.4337,2.6737,2.7917,2.5798,2.2634,1.8244,1.2566,0.8542,0.5041,0.2584,0.1358,0.0957,0.0763,0.038,0.018,0.0323,0.0353,0.0051,0.0012,0.0095,0.0094,0.0258,0.0016,0.008,0.0104,0.049,100.0
0.0207,0.0045,0.0272,0.0167,0.0359,0.0522,0.0463,0.0372,0.0266,0.0263,0.0448,0.0276,0.0099,0.0121,0.0337,0.0544,0.0292,0.0007,0.0065,0.012,0.018,0.0111,0.017,0.0107,0.0518,0.0514,0.2056,0.8998,2.813,6.5597,10.9244,12.9213,10.8946,7.3268,3.3856,1.2499,0.4777,0.2858,0.1946,0.1292,0.1476,0.0829,0.0778,0.0734,0.0502,0.0335,0.0551,0.0488,0.0114,0.0121,100.0
0.0616,0.0181,0.0003,0.0827,0.0248,0.0898,0.0056,0.0243,0.0049,0.043,0.0144,0.0499,0.0529,0.184,0.6196,1.7389,3.6368,5.5956,6.5067,5.7063,4.1843,2.4073,1.4539,1.1934,1.2507,1.2883,1.1557,0.9612,0.6795,0.4407,0.2801,0.1167,0.0828,0.0415,0.0092,0.0096,0.0237,0.0471,0.0469,0.0453,0.0143,0.0192,0.0203,0.0326,0.0103,0.0069,0.0037,0.0175,0.0226,0.0049,73.43
0.047,0.0333,0.0152,0.0295,0.0355,0.0214,0.0157,0.0035,0.0101,0.0294,0.0247,0.0327,0.0004,0.0276,0.0233,0.0513,0.004,0.0535,0.0118,0.041,0.0198,0.049,0.4122,1.8038,5.6103,11.062,14.0461,11.548,7.3725,4.439,3.8713,3.8959,3.4033,2.4042,1.3538,0.65,0.2453,0.1637,0.0925,0.0761,0.0665,0.0357,0.026,0.0181,0.053,0.0252,0.0293,0.0261,0.0403,0.0047,100.0
0.0034,0.0075,0.0249,0.0346,0.0184,0.0293,0.0085,0.0365,0.0061,0.0276,0.0257,0.0089,0.0148,0.0156,0.034,0.0338,0.0055,0.0216,0.0331,0.0144,0.0048,0.0132,0.0746,0.1504,0.4161,0.9282,1.8996,3.3392,4.9231,6.2565,6.8075,6.3461,5.2989,3.7445,2.4435,1.5797,1.1633,1.0283,0.937,0.8432,0.7418,0.5987,0.4476,0.3218,0.1993,0.1401,0.1017,0.0354,0.0756,0.0679,80.08
0.0059,0.0218,0.0423,0.0542,0.0109,0.0357,0.0059,0.0823,0.033,0.0053,0.0238,0.0788,0.0202,0.0303,0.0224,0.0706,0.0377,0.0144,0.0536,0.0017,0.0328,0.0331,0.033,0.2293,1.1774,3.7058,7.5085,9.4428,7.5174,4.326,1.9403,1.528,1.9948,2.265,1.8924,1.214,0.4994,0.202,0.0753,0.0268,0.0175,0.0167,0.0412,0.0043,0.057,0.0233,0.0304,0.059,0.0091,0.0567,96.76
0.0082,0.013,0.005,0.0382,0.058,0.0688,0.0244,0.0268,0.0778,0.0155,0.0156,0.0204,0.0111,0.0263,0.0181,0.0079,0.021,0.0407,0.0021,0.0106,0.019,0.0973,0.2074,0.5099,1.0079,1.8006,2.7882,3.5761,3.8678,3.5416,3.0149,1.972,1.1398,0.599,0.2872,0.1145,0.0779,0.0484,0.0433,0.0709,0.0382,0.0153,0.0221,0.0104,0.0148,0.0178,0.0094,0.0597,0.0219,0.0161,41.8
0.0238,0.0536,0.0123,0.016,0.0325,0.0124,0.0044,0.0423,0.0175,0.0199,0.043,0.0129,0.0377,0.0627,0.0389,0.0168,0.0523,0.0289,0.0216,0.0343,0.0499,0.0402,0.0294,0.0135,0.0068,0.0148,0.0615,0.0465,0.0573,0.2763,0.8366,2.2431,4.526,6.9145,7.9629,6.9637,4.9856,2.7311,1.47,1.0363,1.0435,1.1914,1.2989,1.1473,0.9209,0.6638,0.4219,0.2871,0.111,0.052,89.12
0.0041,0.0263,0.0058,0.0276,0.0218,0.0121,0.0553,0.0502,0.0552,0.0027,0.0706,0.0048,0.0043,0.0276,0.0261,0.0769,0.1922,0.5238,1.1688,2.1223,3.0039,3.4642,3.1666,2.57,1.6937,1.0993,0.7979,0.6402,0.475,0.3653,0.2937,0.1544,0.1083,0.1117,0.0526,0.0579,0.047,0.0232,0.0382,0.0436,0.0209,0.0223,0.0166,0.0447,0.0124,0.0092,0.0019,0.008,0.0389,0.0317,38.06
0.0357,0.0565,0.0097,0.0231,0.0086,0.0255,0.02,0.0178,0.0163,0.0724,0.1453,0.5586,1.4515,2.9789,4.5914,5.3294,4.6297,3.3356,1.7931,0.9592,0.6849,0.7063,0.659,0.6133,0.472,0.3326,0.2118,0.1512,0.0895,0.0295,0.0126,0.0181,0.0223,0.0323,0.0083,0.0164,0.0526,0.0175,0.0076,0.0161,0.0028,0.0344,0.0162,0.0642,0.0292,0.0221,0.003,0.0161,0.0005,0.0533,58.0
0.0049,0.0455,0.0118,0.0069,0.012,0.0293,0.0135,0.004,0.0091,0.0174,0.0092,0.0044,0.0815,0.05,0.1396,0.316,0.7604,1.4929,2.6296,4.0251,5.5589,6.7431,7.1655,6.745,5.9064,4.2924,2.7816,1.626,0.8586,0.4731,0.1949,0.0951,0.1119,0.0445,0.0286,0.0342,0.0731,0.0197,0.0368,0.0472,0.0191,0.0293,0.0517,0.0132,0.0135,0.0396,0.0151,0.0011,0.0353,0.0107,82.12
0.0255,0.0016,0.0182,0.0789,0.0251,0.0325,0.0034,0.0034,0.0139,0.0826,0.0163,0.0567,0.1235,0.2417,0.5109,0.8655,1.3264,1.8192,2.2148,2.3882,2.1935,1.9246,1.4442,0.968,0.6278,0.3935,0.2701,0.2128,0.2065,0.1584,0.11,0.1166,0.085,0.063,0.0276,0.0122,0.0195,0.0439,0.0102,0.0233,0.0609,0.0121,0.0083,0.0336,0.0344,0.0188,0.0084,0.0158,0.0271,0.0442,29.23
0.0022,0.0074,0.0016,0.0066,0.0228,0.047,0.0171,0.0279,0.0026,0.0661,0.0321,0.0559,0.1413,0.4407,1.2006,2.7075,5.0622,8.0339,10.7153,12.1389,11.7847,10.3353,7.9146,5.7334,4.0811,2.9119,2.0473,1.3399,0.8227,0.4985,0.2466,0.1146,0.119,0.0301,0.054,0.0199,0.0369,0.0199,0.0123,0.0201,0.0585,0.0077,0.0341,0.0035,0.0166,0.0011,0.0247,0.0313,0.0379,0.0495,100.0
0.0048,0.0159,0.0158,0.0552,0.0114,0.0473,0.0441,0.0137,0.0181,0.0165,0.0678,0.1194,0.3499,1.0959,2.6813,5.1804,7.6213,8.8351,8.0366,6.26,4.0202,2.6472,1.928,1.5473,1.2342,0.9189,0.6232,0.3974,0.2225,0.1599,0.0536,0.0403,0.0527,0.0096,0.0434,0.0129,0.0042,0.019,0.072,0.037,0.0018,0.0418,0.0286,0.073,0.0075,0.0208,0.0065,0.0051,0.0021,0.0155,94.58
0.0241,0.0322,0.0264,0.0515,0.0317,0.0027,0.0228,0.0084,0.024,0.0303,0.0147,0.0665,0.0115,0.0089,0.0382,0.0268,0.0975,0.276,0.8043,2.0305,4.0452,6.703,9.1557,10.1944,9.4224,7.6233,5.4307,3.9843,3.2061,2.8569,2.4274,1.8896,1.2895,0.7505,0.3645,0.1642,0.0728,0.0281,0.0123,0.0448,0.0341,0.0249,0.0186,0.0128,0.0186,0.0237,0.0117,0.0395,0.0227,0.016,100.0
0.0254,0.0011,0.0011,0.0117,0.008,0.0021,0.0235,0.0038,0.0045,0.0705,0.0183,0.0253,0.009,0.0332,0.0473,0.0996,0.2043,0.5193,1.2057,2.3554,4.1149,5.9796,7.554,8.1795,7.6262,6.3575,4.5493,3.0333,2.1306,1.6975,1.5648,1.5164,1.3908,1.1517,0.8701,0.6035,0.3635,0.2043,0.0929,0.0604,0.0637,0.0119,0.0133,0.0296,0.0399,0.0279,0.0047,0.0327,0.0079,0.0222,99.67
0.0137,0.0263,0.0561,0.0137,0.0059,0.0381,0.02,0.0055,0.0054,0.0185,0.0105,0.0071,0.029,0.0092,0.0005,0.0462,0.0316,0.0201,0.0486,0.0321,0.0303,0.1288,0.3056,0.737,1.468,2.6061,3.8912,4.9578,5.3816,5.0172,4.2168,2.8812,1.8535,1.2017,0.8416,0.7796,0.6814,0.6474,0.5202,0.4875,0.3004,0.2807,0.127,0.0878,0.0826,0.0387,0.0361,0.0122,0.0063,0.0036,64.49
0.0159,0.0173,0.0037,0.07,0.0297,0.0508,0.0057,0.0482,0.0223,0.0229,0.0055,0.0206,0.0164,0.0324,0.0044,0.0052,0.0221,0.0021,0.0206,0.0136,0.034,0.0032,0.0451,0.0326,0.0725,0.2021,0.4738,0.9807,1.7685,2.6622,3.4623,3.8155,3.545,2.9941,2.1647,1.3473,0.83,0.5174,0.381,0.2762,0.2067,0.1344,0.1128,0.0938,0.0577,0.0397,0.0265,0.0124,0.0228,0.005,45.18
0.0282,0.07,0.0028,0.0071,0.0169,0.0055,0.0175,0.0278,0.1028,0.022,0.0491,0.0264,0.0088,0.01,0.0665,0.0559,0.1127,0.202,0.4937,1.1594,2.213,3.6273,4.8064,5.3421,4.8653,4.0143,2.6786,1.6492,1.0564,0.8372,0.7667,0.7465,0.7177,0.6337,0.4823,0.3796,0.2785,0.1884,0.1546,0.0542,0.0249,0.0273,0.0252,0.009,0.0107,0.0263,0.0208,0.0377,0.0165,0.0288,59.15
0.0063,0.0068,0.0578,0.0035,0.0112,0.0233,0.0154,0.0253,0.0245,0.0293,0.0084,0.0652,0.0012,0.0198,0.0097,0.008,0.0305,0.0393,0.0026,0.0267,0.0096,0.0319,0.1076,0.2467,0.5721,1.2005,2.2232,3.4607,4.4721,4.9165,4.4715,3.5861,2.3334,1.3316,0.6465,0.2896,0.1425,0.0652,0.0767,0.044,0.0445,0.036,0.0631,0.0448,0.0097,0.0441,0.0642,0.0088,0.0097,0.0291,50.61
0.0192,0.002,0.0039,0.0391,0.0098,0.001,0.05,0.03,0.0081,0.0059,0.0304,0.0085,0.0411,0.0628,0.0297,0.0744,0.0128,0.0191,0.071,0.0233,0.0465,0.0108,0.0588,0.0386,0.0437,0.1104,0.3194,0.79,1.8124,3.5063,5.5614,7.4224,8.339,7.8914,6.5962,4.767,3.2077,2.0969,1.3622,0.9105,0.6083,0.3918,0.2039,0.1176,0.086,0.0488,0.0665,0.0411,0.0494,0.0322,98.15
0.0175,0.013,0.0155,0.0305,0.0457,0.0102,0.022,0.0393,0.0259,0.0102,0.0241,0.0083,0.0296,0.0023,0.0142,0.0192,0.0595,0.0349,0.0315,0.0878,0.01,0.0201,0.0517,0.0333,0.0463,0.1488,0.3573,0.8416,1.5883,2.367,2.6758,2.4056,1.7816,1.0988,0.5993,0.3669,0.2467,0.168,0.1102,0.0669,0.0372,0.0316,0.0515,0.0122,0.0507,0.0109,0.0195,0.0157,0.0287,0.0109,30.03
0.0152,0.0197,0.0133,0.0302,0.0351,0.0106,0.0465,0.0051,0.0093,0.059,0.0058,0.0026,0.0802,0.0087,0.0496,0.0221,0.0316,0.0116,0.0376,0.09,0.2115,0.4741,1.0063,1.793,2.8324,3.9577,4.8204,5.186,4.9386,4.3788,3.3665,2.3915,1.6704,1.2098,0.8691,0.6649,0.5132,0.3718,0.2587,0.2138,0.1516,0.1003,0.0812,0.0521,0.0236,0.0454,0.0061,0.0023,0.0673,0.0064,62.29
0.0212,0.0344,0.0066,0.0388,0.0292,0.0152,0.0024,0.045,0.0132,0.0068,0.0091,0.0465,0.015,0.0422,0.0673,0.062,0.1722,0.347,0.6997,1.1529,1.8685,2.7119,3.5769,4.1936,4.4227,4.1987,3.7855,2.971,2.1429,1.4066,0.9117,0.6255,0.4417,0.3193,0.2598,0.2343,0.1793,0.1605,0.1216,0.0979,0.0949,0.0411,0.027,0.0237,0.02,0.0088,0.0066,0.0086,0.0355,0.0132,57.73
0.0055,0.011,0.0236,0.0046,0.0151,0.0113,0.0255,0.0128,0.0037,0.0386,0.0168,0.008,0.0474,0.0211,0.0025,0.0368,0.0122,0.0303,0.0261,0.0164,0.0385,0.1971,0.7378,2.3065,5.3633,9.0336,10.8962,9.8731,7.3768,4.9315,3.5425,2.7177,1.9586,1.1614,0.6135,0.2733,0.149,0.0549,0.0547,0.0177,0.0119,0.004,0.0252,0.0816,0.0316,0.0177,0.0092,0.0295,0.0107,0.0223,100.0
0.0006,0.0008,0.0873,0.0197,0.0184,0.0033,0.0279,0.0281,0.0264,0.0331,0.0288,0.0181,0.0204,0.0149,0.0355,0.0116,0.0251,0.1251,0.4771,1.5354,3.5637,5.9229,7.1009,6.1629,4.4046,2.7026,1.9866,1.7393,1.4616,1.0874,0.6533,0.3234,0.1734,0.064,0.0789,0.0311,0.0177,0.0172,0.0336,0.0147,0.0446,0.0217,0.0064,0.013,0.0087,0.0506,0.0046,0.0127,0.0613,0.0232,80.42
0.0404,0.0132,0.0684,0.0008,0.0092,0.008,0.0088,0.0674,0.0236,0.0089,0.0056,0.0082,0.0124,0.0079,0.0361,0.0121,0.0046,0.0037,0.006,0.025,0.0062,0.0205,0.0026,0.0127,0.0086,0.0196,0.0333,0.0276,0.073,0.1442,0.6276,1.8786,4.1354,6.6481,7.8702,6.9315,5.0491,3.066,2.0298,1.6581,1.4815,1.09,0.7411,0.4271,0.2413,0.1175,0.063,0.0405,0.0843,0.0056,85.73
0.0053,0.0595,0.046,0.012,0.0037,0.0528,0.0104,0.0043,0.0104,0.0323,0.0244,0.0084,0.0316,0.0112,0.0318,0.0356,0.05,0.0568,0.0644,0.095,0.1718,0.3616,0.67,1.1903,1.8496,2.6078,3.3996,3.9853,4.2229,4.1034,3.9331,3.2103,2.4696,1.8433,1.2502,0.8508,0.6039,0.4291,0.2538,0.1504,0.1152,0.0578,0.0526,0.0425,0.0418,0.0182,0.019,0.0359,0.0202,0.0432,56.56
0.004,0.0359,0.025,0.0524,0.0395,0.057,0.031,0.0322,0.0074,0.0143,0.0064,0.0276,0.0268,0.0131,0.0162,0.0447,0.0194,0.0117,0.0091,0.0521,0.0189,0.0129,0.0349,0.0706,0.1193,0.1794,0.3451,0.6677,1.1014,1.7457,2.4239,3.0833,3.5747,3.7789,3.6649,3.4031,2.7372,2.1114,1.5875,1.2232,0.9448,0.8086,0.6611,0.579,0.481,0.3811,0.289,0.2022,0.1281,0.0852,51.47
0.0114,0.0227,0.0093,0.0387,0.0335,0.0083,0.0179,0.0288,0.0031,0.0158,0.0768,0.1333,0.4117,0.9676,1.8091,2.643,3.057,2.7059,1.9627,1.1862,0.603,0.3662,0.2856,0.2542,0.1986,0.1694,0.1134,0.1101,0.0621,0.035,0.0172,0.0161,0.0059,0.0184,0.0404,0.0017,0.0337,0.039,0.0422,0.0367,0.0121,0.0123,0.0057,0.0013,0.014,0.001,0.0042,0.0565,0.017,0.0063,32.45
0.0214,0.0165,0.0273,0.0148,0.0185,0.0178,0.0219,0.0338,0.0043,0.0085,0.0009,0.0065,0.0224,0.0417,0.0402,0.0304,0.0176,0.0659,0.2414,0.7102,2.0916,4.8144,8.8267,12.6705,14.4663,13.2481,10.9601,7.8435,6.1289,5.6235,5.4045,4.8068,3.763,2.5076,1.4905,0.7339,0.3639,0.1408,0.0784,0.0393,0.0409,0.0734,0.028,0.0376,0.0429,0.0217,0.0444,0.0098,0.0432,0.022,100.0
0.0059,0.0022,0.0149,0.03,0.0103,0.0269,0.0081,0.0989,0.0166,0.0205,0.0527,0.0026,0.0194,0.0392,0.041,0.0046,0.0528,0.0026,0.0289,0.051,0.03,0.1236,0.4009,1.0448,2.42,4.6455,7.3551,9.736,10.675,9.736,7.8663,5.0066,2.7123,1.3277,0.5726,0.3084,0.1545,0.1108,0.0904,0.128,0.0894,0.0567,0.0348,0.0278,0.0391,0.0505,0.0298,0.0482,0.0165,0.0086,100.0
0.0595,0.0056,0.0092,0.0195,0.039,0.0427,0.1077,0.215,0.5538,1.1186,2.0905,3.3766,4.8247,5.9606,6.3927,6.0246,5.3795,3.9797,2.8152,2.0942,1.6867,1.5383,1.4303,1.3397,1.1175,0.8364,0.5921,0.3984,0.2083,0.127,0.0477,0.0204,0.023,0.0176,0.0228,0.0166,0.0439,0.0161,0.0164,0.0307,0.0279,0.0429,0.0178,0.0062,0.0178,0.0248,0.0265,0.0034,0.0408,0.0628,84.68
0.0296,0.0206,0.0368,0.0363,0.0159,0.0547,0.0634,0.0134,0.0004,0.0119,0.0005,0.0389,0.042,0.0194,0.0059,0.0411,0.0395,0.0122,0.0034,0.0271,0.0308,0.0795,0.0456,0.1077,0.1658,0.4039,0.8191,1.4293,2.296,3.1798,3.9062,4.235,4.0195,3.5939,2.7299,1.9422,1.3484,1.013,0.8082,0.6624,0.5604,0.4724,0.3837,0.2957,0.2171,0.1681,0.1146,0.0816,0.0491,0.0214,53.05
0.0253,0.0481,0.0489,0.0087,0.0813,0.0234,0.0566,0.0394,0.0487,0.1764,0.4823,1.0591,1.847,2.632,2.9704,2.6514,2.0516,1.2555,0.6648,0.3706,0.2684,0.1947,0.2085,0.1473,0.1186,0.1073,0.0633,0.0798,0.0185,0.0075,0.0179,0.0347,0.0087,0.0314,0.0022,0.0197,0.054,0.0182,0.0097,0.0306,0.0284,0.0057,0.0564,0.0104,0.0322,0.0044,0.0541,0.0494,0.002,0.0444,31.35
0.0212,0.008,0.0356,0.0022,0.0138,0.046,0.019,0.0762,0.0099,0.0545,0.042,0.0068,0.003,0.0176,0.0658,0.0786,0.0079,0.0262,0.0277,0.0317,0.0192,0.0582,0.0021,0.0127,0.0001,0.005,0.0152,0.0797,0.2737,0.7882,2.1641,4.4015,6.7613,7.7915,6.7928,4.5526,2.3074,0.8833,0.321,0.1544,0.0501,0.0485,0.1025,0.0535,0.017,0.0254,0.0643,0.037,0.0237,0.008,78.14
0.001,0.0002,0.0031,0.0317,0.0069,0.0373,0.0186,0.0359,0.0054,0.0179,0.0035,0.0115,0.0303,0.012,0.0055,0.0174,0.0037,0.0195,0.0456,0.026,0.034,0.0301,0.0174,0.0641,0.0458,0.0928,0.1867,0.3376,0.5973,1.0137,1.5067,1.9911,2.3639,2.5199,2.381,2.0899,1.5882,1.075,0.6782,0.3772,0.1753,0.0883,0.0913,0.0214,0.0464,0.0116,0.0404,0.033,0.0098,0.0319,30.77
0.0157,0.0003,0.0287,0.0079,0.0001,0.0347,0.0154,0.0361,0.0189,0.0285,0.0371,0.0681,0.0313,0.0031,0.0303,0.0267,0.0167,0.0868,0.0055,0.0125,0.0642,0.0617,0.018,0.1113,0.1641,0.4016,0.7979,1.3376,2.1212,2.9529,3.6426,3.9,3.6631,3.1467,2.3623,1.638,1.1174,0.7948,0.6691,0.5754,0.5503,0.4277,0.342,0.2348,0.1807,0.1377,0.061,0.0485,0.0346,0.0298,48.58
0.0157,0.0104,0.0056,0.0187,0.0714,0.0041,0.0306,0.0289,0.0533,0.0168,0.0253,0.0091,0.0075,0.0245,0.0262,0.038,0.0002,0.0252,0.0093,0.0037,0.007,0.0202,0.059,0.0623,0.0281,0.0634,0.2658,0.9474,2.3832,5.1247,8.9153,12.3793,13.8305,12.4303,9.1821,5.343,2.527,0.9868,0.3361,0.1447,0.0512,0.0515,0.0278,0.0719,0.0222,0.027,0.0076,0.0251,0.0397,0.0234,100.0
0.0215,0.0403,0.0043,0.0657,0.0164,0.0197,0.049,0.0057,0.0155,0.0282,0.0441,0.0483,0.0451,0.0247,0.0158,0.019,0.0351,0.008,0.0269,0.0432,0.0172,0.042,0.0515,0.1243,0.2901,0.6177,1.3293,2.4826,4.0603,5.7698,7.202,7.7992,7.3804,6.4391,4.7975,3.242,2.0864,1.3359,0.8353,0.5821,0.4087,0.3319,0.2068,0.1239,0.0737,0.0431,0.0305,0.0289,0.0164,0.0441,93.47
0.0176,0.062,0.0095,0.0144,0.0169,0.0141,0.0182,0.0013,0.0296,0.0139,0.0009,0.0112,0.0359,0.0197,0.0084,0.0127,0.0347,0.0781,0.0203,0.037,0.064,0.255,0.4721,0.9834,1.782,2.6934,3.4492,3.7928,3.5683,3.0677,2.202,1.444,0.9137,0.5945,0.4015,0.2668,0.1732,0.1044,0.0611,0.0775,0.0406,0.0553,0.0562,0.0433,0.0546,0.0253,0.0128,0.0546,0.0016,0.0071,42.64
0.0157,0.0154,0.0069,0.0108,0.0216,0.0229,0.0267,0.0188,0.0218,0.0055,0.0272,0.0059,0.0657,0.0228,0.0405,0.0215,0.0064,0.0058,0.0449,0.1019,0.3133,0.7476,1.4921,2.2326,2.5692,2.3395,1.7572,1.0742,0.6667,0.4609,0.354,0.2932,0.2342,0.1539,0.1135,0.0609,0.0363,0.0237,0.0263,0.0149,0.0263,0.0633,0.0255,0.0042,0.0068,0.0363,0.0396,0.0024,0.0295,0.0201,24.81
0.0241,0.0229,0.0277,0.002,0.027,0.0128,0.0246,0.0301,0.0389,0.0329,0.0582,0.0148,0.0171,0.0103,0.0083,0.0286,0.0902,0.3399,0.8049,1.6224,2.4654,2.8426,2.5299,1.8172,1.0326,0.5843,0.4348,0.4456,0.4481,0.401,0.3417,0.2554,0.189,0.1437,0.0756,0.0705,0.0334,0.0297,0.0173,0.0318,0.0187,0.01,0.0059,0.0142,0.054,0.0048,0.0166,0.0225,0.0245,0.0076,30.81
0.015,0.009,0.027,0.0128,0.0019,0.0231,0.0336,0.0168,0.0631,0.0158,0.0183,0.044,0.0093,0.0095,0.0248,0.0101,0.0307,0.0735,0.0845,0.3184,1.0657,2.8923,5.7959,8.8715,10.2343,8.8811,6.3581,3.2623,1.3606,0.5699,0.2901,0.1402,0.1017,0.0775,0.1015,0.0548,0.042,0.0419,0.0256,0.0478,0.0138,0.0113,0.0263,0.0153,0.0126,0.024,0.0325,0.0525,0.0024,0.0098,100.0
0.0221,0.0139,0.0098,0.0223,0.0554,0.0115,0.0275,0.0257,0.0069,0.0018,0.0294,0.0784,0.0549,0.0466,0.0364,0.173,0.6571,1.8656,4.3962,8.1408,11.7101,13.2429,11.7555,9.063,5.3833,3.2118,2.6767,3.1637,3.8631,4.1466,3.7416,2.852,1.8392,0.9808,0.4646,0.17,0.0796,0.0488,0.0092,0.0588,0.0035,0.0385,0.0033,0.0225,0.0088,0.0176,0.0059,0.0356,0.0217,0.0186,100.0
0.0062,0.0175,0.0053,0.0436,0.0312,0.0029,0.0016,0.025,0.0083,0.0037,0.0184,0.0065,0.0416,0.0525,0.0055,0.0236,0.0401,0.0055,0.0319,0.0108,0.0373,0.2082,0.5031,1.2063,2.3938,3.627,4.1195,3.5962,2.529,1.2953,0.5422,0.228,0.1217,0.0596,0.0404,0.0331,0.0437,0.0451,0.0227,0.0548,0.0254,0.0395,0.0253,0.0215,0.0094,0.0109,0.0057,0.0057,0.0466,0.0213,41.45
0.0172,0.0257,0.0318,0.0031,0.065,0.0067,0.0312,0.0062,0.0199,0.0079,0.0389,0.0027,0.0134,0.0077,0.0029,0.0014,0.03,0.0003,0.0196,0.0089,0.0055,0.0218,0.0058,0.0004,0.0221,0.0041,0.0071,0.0148,0.009,0.066,0.2955,1.03,2.5535,4.3343,5.2322,4.3536,2.7222,1.2467,0.418,0.172,0.071,0.0442,0.0348,0.0356,0.0643,0.0181,0.0214,0.0628,0.0387,0.067,54.02
0.0185,0.0408,0.0401,0.0225,0.0211,0.054,0.0259,0.0224,0.0245,0.035,0.0372,0.0081,0.0552,0.0082,0.0649,0.0536,0.0315,0.026,0.0404,0.0754,0.1736,0.3351,0.702,1.2099,1.9562,2.7012,3.3197,3.5649,3.3698,2.918,2.1689,1.424,0.9002,0.5564,0.3999,0.2723,0.2173,0.1944,0.1481,0.1557,0.1361,0.0812,0.0552,0.0631,0.0168,0.0129,0.064,0.0299,0.0169,0.0159,40.34
0.0043,0.0027,0.0271,0.006,0.0208,0.028,0.0207,0.0351,0.0436,0.1591,0.5782,1.5998,3.3629,5.3097,6.2501,5.5358,4.1687,2.4863,1.4321,0.9304,0.649,0.4485,0.2562,0.1428,0.0871,0.0425,0.0636,0.0371,0.0239,0.005,0.0053,0.0073,0.0176,0.0186,0.0245,0.0043,0.012,0.017,0.0319,0.0122,0.0183,0.0481,0.0315,0.0312,0.0081,0.0062,0.012,0.0426,0.024,0.0372,64.92
0.0273,0.0395,0.0175,0.0714,0.01,0.0242,0.0489,0.0069,0.0156,0.0011,0.0167,0.0567,0.1064,0.3443,0.9482,2.0928,3.7096,5.2065,5.9018,5.4565,4.3887,3.0625,2.1563,1.6521,1.2875,0.9462,0.6622,0.4123,0.1878,0.144,0.0546,0.016,0.0508,0.0111,0.0119,0.0117,0.0291,0.0144,0.0379,0.013,0.0103,0.0039,0.0854,0.0126,0.0098,0.002,0.035,0.0074,0.0083,0.0689,65.74
0.0058,0.0275,0.0245,0.023,0.0144,0.0301,0.0293,0.0027,0.03,0.0117,0.0004,0.0266,0.0096,0.0161,0.0105,0.0254,0.006,0.0049,0.0009,0.0132,0.0304,0.0303,0.0391,0.0361,0.0615,0.2012,0.5196,1.185,2.3345,4.0828,6.12,7.7778,8.3825,7.7546,6.5124,4.4516,2.6438,1.3906,0.6688,0.3441,0.1957,0.099,0.0912,0.0582,0.0931,0.0353,0.073,0.0287,0.0437,0.0824,94.27
0.0145,0.0108,0.0569,0.0148,0.0483,0.0235,0.0427,0.0023,0.0402,0.015,0.0075,0.011,0.0401,0.0451,0.0526,0.1552,0.255,0.5666,1.1557,2.0936,3.3199,4.6114,5.6894,6.2144,6.0224,5.4911,4.3309,3.1791,2.2805,1.6278,1.1396,0.839,0.5268,0.3281,0.1895,0.0979,0.0688,0.0716,0.0132,0.0396,0.0145,0.0446,0.0328,0.0234,0.0337,0.0432,0.049,0.0113,0.0172,0.0395,75.76
0.0239,0.0185,0.0239,0.0408,0.0142,0.0105,0.0315,0.0416,0.0304,0.0658,0.2185,0.5459,1.5061,3.0786,4.7847,5.5571,4.865,3.576,2.1819,1.5169,1.4329,1.4314,1.246,0.9085,0.5497,0.3119,0.1587,0.0647,0.0484,0.0486,0.0664,0.0171,0.0133,0.0152,0.0266,0.0126,0.0038,0.0258,0.0142,0.0178,0.0092,0.0597,0.0001,0.0186,0.0456,0.0294,0.0035,0.0129,0.0168,0.0113,61.16
0.0556,0.0592,0.0189,0.0025,0.0015,0.0091,0.0299,0.008,0.03,0.0014,0.031,0.0027,0.0346,0.0123,0.0325,0.0186,0.0101,0.0232,0.0074,0.0082,0.014,0.0767,0.2093,0.5816,1.3348,2.6162,4.1829,5.5377,6.1421,5.6819,4.6072,3.2523,2.2748,1.7791,1.6337,1.5668,1.4588,1.1811,0.9109,0.5918,0.3414,0.1923,0.1004,0.0576,0.0578,0.0428,0.0212,0.0179,0.0085,0.0104,74.63
0.0164,0.0229,0.0055,0.0046,0.0289,0.015,0.0212,0.0578,0.1309,0.3714,0.9056,2.027,3.7299,5.8668,7.7244,8.6354,8.1531,7.1758,5.2913,3.7489,2.7453,2.0089,1.4959,1.1163,0.714,0.4336,0.2587,0.1231,0.0604,0.0385,0.0432,0.0153,0.0124,0.0166,0.0472,0.0223,0.0139,0.0288,0.052,0.0314,0.0117,0.0469,0.036,0.0179,0.0298,0.0699,0.0568,0.0455,0.0337,0.0327,100.0
0.054,0.0347,0.007,0.0003,0.0182,0.0117,0.0063,0.0057,0.0222,0.0361,0.0008,0.0001,0.0179,0.023,0.0168,0.0137,0.0569,0.0471,0.0782,0.2372,0.9698,2.795,6.0166,9.5973,11.4725,10.5938,8.3174,6.0322,4.547,3.4219,2.2844,1.3458,0.6157,0.2232,0.125,0.0956,0.0389,0.0335,0.035,0.0262,0.0201,0.0325,0.0751,0.0138,0.0305,0.0225,0.0434,0.02,0.034,0.0046,100.0
0.0068,0.01,0.0174,0.0095,0.0048,0.0491,0.0081,0.0125,0.0089,0.0229,0.0306,0.042,0.0358,0.0289,0.0365,0.0962,0.2456,0.6335,1.2822,2.4,3.8577,5.4443,6.6758,7.1636,6.6685,5.66,4.0103,2.4993,1.3776,0.7117,0.3192,0.158,0.0721,0.0459,0.0228,0.0447,0.0566,0.0197,0.0272,0.0217,0.026,0.0336,0.0288,0.0229,0.0531,0.0208,0.0033,0.0409,0.0054,0.0307,81.23
0.0306,0.011,0.0087,0.0095,0.0437,0.0128,0.013,0.0173,0.0005,0.0325,0.0084,0.0151,0.0245,0.0184,0.0088,0.0449,0.2401,0.9498,2.932,6.7192,11.1387,13.4459,12.1121,9.2221,6.2445,4.5503,3.4041,2.3082,1.3068,0.6497,0.3025,0.1566,0.1262,0.0663,0.0743,0.0616,0.0303,0.0235,0.029,0.0342,0.0188,0.0322,0.0409,0.026,0.0181,0.0325,0.0283,0.0128,0.028,0.0061,100.0
0.0209,0.0047,0.0364,0.0279,0.0324,0.038,0.0076,0.0112,0.0107,0.0026,0.049,0.0318,0.0276,0.1276,0.6044,1.7659,3.9832,6.621,7.9032,6.935,4.9931,3.1796,2.4145,2.1182,1.8322,1.367,0.8249,0.4382,0.1907,0.106,0.0372,0.0464,0.0548,0.0146,0.0196,0.0124,0.0277,0.0168,0.0093,0.0265,0.0734,0.0319,0.0119,0.0027,0.0316,0.0108,0.0408,0.0624,0.0083,0.0057,88.8
0.0247,0.0388,0.0178,0.0594,0.0111,0.0131,0.0011,0.0011,0.0182,0.0214,0.0093,0.0588,0.0272,0.0145,0.0009,0.0439,0.013,0.0387,0.0327,0.0343,0.0507,0.0458,0.0517,0.1726,0.5168,1.4007,3.2954,6.4888,10.5658,14.2988,16.2798,15.6706,13.5242,10.4055,7.8762,6.2652,5.1553,4.2645,3.4254,2.5533,1.7902,1.156,0.6846,0.405,0.2358,0.0996,0.0809,0.0522,0.0284,0.0389,100.0
0.0146,0.0243,0.0028,0.0099,0.0058,0.0034,0.0198,0.0225,0.0303,0.039,0.0236,0.0265,0.0102,0.0535,0.0179,0.0015,0.0125,0.0073,0.04,0.0052,0.0382,0.0114,0.015,0.0427,0.0754,0.2612,0.691,1.5027,2.8869,4.6339,6.1991,6.9844,6.6927,5.8691,4.3429,3.0949,2.1997,1.5808,1.1689,0.8341,0.5913,0.3847,0.2157,0.1271,0.1096,0.0632,0.0333,0.0464,0.0214,0.0446,82.98
0.0497,0.0179,0.0497,0.0116,0.0402,0.0048,0.0037,0.0551,0.0216,0.0071,0.0127,0.0169,0.0032,0.0359,0.0049,0.0262,0.0291,0.0043,0.0529,0.2845,1.3028,4.1734,8.4232,10.6695,8.4479,4.7323,1.6933,0.5386,0.2827,0.1794,0.1029,0.0784,0.0786,0.0614,0.0429,0.0363,0.0307,0.0186,0.0383,0.0285,0.025,0.0432,0.0025,0.0029,0.0254,0.0059,0.0149,0.0171,0.0686,0.0181,98.35
0.021,0.0246,0.025,0.0353,0.0606,0.0089,0.0077,0.0296,0.0443,0.0393,0.0005,0.025,0.0101,0.0524,0.012,0.009,0.0322,0.0046,0.0906,0.008,0.0408,0.053,0.0869,0.1458,0.3164,0.6277,1.0996,1.5981,2.0656,2.24,2.1,1.7636,1.2323,0.8021,0.53,0.4385,0.3529,0.339,0.3247,0.2938,0.2714,0.1689,0.097,0.0654,0.0973,0.0289,0.0343,0.0384,0.0052,0.0062,29.77
0.0233,0.0254,0.0217,0.0117,0.0348,0.0442,0.0646,0.0213,0.0042,0.012,0.0055,0.0279,0.0014,0.0395,0.0155,0.0223,0.0135,0.0571,0.0437,0.0717,0.3318,0.8718,2.089,3.9437,5.7708,6.5638,5.8233,4.3935,2.6718,1.5685,1.1722,1.1189,1.1325,1.0331,0.8271,0.5847,0.3666,0.191,0.108,0.0442,0.0425,0.0308,0.0323,0.0323,0.0173,0.0229,0.0076,0.0267,0.0244,0.0573,73.88
0.0512,0.0019,0.042,0.0426,0.0043,0.0207,0.0154,0.0125,0.0345,0.0136,0.0359,0.02,0.0706,0.04,0.0648,0.0354,0.0175,0.0447,0.0375,0.0153,0.0595,0.0586,0.0524,0.0283,0.0896,0.1865,0.4931,0.9962,1.8695,3.0362,4.329,5.3897,5.8887,5.6979,5.2066,3.9923,2.8859,2.0705,1.4727,1.06,0.7892,0.553,0.352,0.2378,0.142,0.0836,0.1097,0.0214,0.0289,0.028,72.22
0.0444,0.0316,0.0638,0.0051,0.0254,0.0595,0.0007,0.0637,0.0164,0.0328,0.0295,0.0185,0.0443,0.0059,0.0259,0.0062,0.0333,0.0762,0.1478,0.2473,0.5011,0.8676,1.3262,1.7834,2.1438,2.345,2.2137,1.9741,1.548,1.093,0.7183,0.458,0.3014,0.2565,0.1935,0.1704,0.1047,0.0556,0.0406,0.0378,0.0195,0.07,0.0224,0.0086,0.0236,0.0184,0.0124,0.0331,0.0081,0.0017,28.56
0.069,0.0046,0.0014,0.0569,0.0008,0.0281,0.0128,0.0389,0.0283,0.0151,0.0252,0.0208,0.0649,0.0175,0.0424,0.0347,0.0015,0.0552,0.0048,0.0036,0.0181,0.1235,0.3424,0.961,2.1937,4.0656,5.8237,6.74,6.2545,4.9744,3.3572,2.1681,1.431,0.9748,0.5868,0.3482,0.1648,0.0971,0.0612,0.0357,0.0138,0.0256,0.0109,0.0238,0.0228,0.0519,0.0447,0.0159,0.049,0.0469,73.71
0.0276,0.0236,0.0002,0.1061,0.0878,0.0418,0.0272,0.043,0.0525,0.0419,0.0767,0.0096,0.0363,0.0116,0.0444,0.0051,0.0117,0.0077,0.0244,0.0987,0.3678,1.1614,3.093,6.1051,9.3104,10.8741,9.8261,7.3963,4.8753,3.526,3.0278,2.8901,2.6673,2.2717,1.7481,1.1414,0.7651,0.3966,0.1986,0.109,0.0651,0.0394,0.0265,0.0535,0.0576,0.0138,0.0158,0.0434,0.0074,0.0071,100.0
0.0278,0.0072,0.0043,0.0295,0.039,0.0045,0.0438,0.0316,0.1218,0.2999,0.7023,1.5414,2.8315,4.3299,5.6047,6.1533,5.7251,4.8991,3.4826,2.4037,1.6417,1.2388,0.9932,0.7771,0.5874,0.3637,0.2411,0.1206,0.1044,0.047,0.0436,0.0218,0.032,0.0515,0.0174,0.0248,0.0055,0.0166,0.0103,0.007,0.0153,0.0378,0.0573,0.0228,0.0159,0.0344,0.0036,0.0046,0.0499,0.0071,74.14
0.0087,0.0556,0.0534,0.0145,0.0802,0.0017,0.0306,0.0434,0.0222,0.0087,0.0164,0.0755,0.0023,0.0288,0.0129,0.0321,0.0272,0.0183,0.0233,0.0247,0.0222,0.0012,0.0369,0.0282,0.0021,0.0208,0.152,0.5841,1.8728,4.4517,7.4769,8.9506,7.7045,5.417,3.1244,2.3101,2.4102,2.7876,2.892,2.6928,2.1771,1.5377,0.9572,0.5141,0.2469,0.1248,0.0484,0.0407,0.0541,0.0181,100.0
0.004,0.0008,0.0106,0.0075,0.0305,0.0378,0.044,0.1908,0.4037,0.9644,2.0179,3.3659,5.044,6.4064,7.0427,6.6405,5.6705,4.1615,2.831,1.8629,1.2692,0.908,0.7326,0.5112,0.3799,0.2407,0.1953,0.0914,0.0541,0.0998,0.0635,0.0182,0.0128,0.0193,0.0038,0.0126,0.0356,0.0053,0.0581,0.0077,0.0438,0.0455,0.0108,0.0639,0.0004,0.0141,0.0116,0.0181,0.0644,0.0373,84.7
0.0264,0.0027,0.0049,0.0308,0.0387,0.0216,0.0131,0.0398,0.0053,0.0375,0.0284,0.0225,0.0324,0.0271,0.0003,0.0291,0.0089,0.0186,0.0343,0.0231,0.0458,0.0107,0.0384,0.0261,0.0415,0.0659,0.2973,0.8953,2.2791,4.9467,8.6362,12.0469,13.7132,12.7162,10.4025,7.2881,5.1198,4.0782,3.5637,3.1996,2.776,2.1178,1.5147,0.9999,0.592,0.3561,0.1687,0.0725,0.0738,0.0196,100.0
0.0104,0.0499,0.0294,0.0261,0.0535,0.0411,0.0161,0.0461,0.0188,0.0269,0.0231,0.0473,0.0046,0.0197,0.0224,0.016,0.0163,0.0505,0.0102,0.0385,0.1316,0.2534,0.4831,0.9907,1.6415,2.3628,2.9966,3.2279,3.0525,2.6731,1.9873,1.3409,0.8653,0.5909,0.3817,0.2823,0.2017,0.1519,0.079,0.076,0.0282,0.0125,0.0067,0.0201,0.011,0.019,0.0277,0.037,0.0404,0.0274,39.4
0.0049,0.0143,0.0407,0.0223,0.0018,0.0524,0.0294,0.0242,0.0678,0.0032,0.0415,0.0183,0.0473,0.0182,0.0046,0.0071,0.0222,0.0687,0.1713,0.3423,0.641,1.0872,1.7005,2.3556,2.8843,3.0731,2.9215,2.5593,1.9224,1.3068,0.8602,0.5942,0.4789,0.3858,0.345,0.3016,0.2562,0.1697,0.133,0.1063,0.0846,0.0716,0.0208,0.0397,0.0149,0.0577,0.0494,0.0521,0.0213,0.0163,38.18
0.0005,0.011,0.0625,0.0396,0.0031,0.0163,0.0205,0.0516,0.1224,0.3808,1.0365,2.2964,4.3454,6.8029,8.9505,9.9231,9.1828,7.7199,5.4423,3.6992,2.7267,2.3515,2.2623,2.2024,2.096,1.8741,1.5316,1.2155,0.8535,0.5926,0.3667,0.2036,0.1263,0.0625,0.0585,0.0534,0.0452,0.0367,0.069,0.017,0.0304,0.02,0.0156,0.0066,0.0124,0.0396,0.0053,0.0252,0.039,0.0054,100.0
0.009,0.0149,0.0121,0.0112,0.0318,0.0168,0.0472,0.002,0.0097,0.0063,0.0353,0.0045,0.0026,0.0588,0.0404,0.011,0.0032,0.0134,0.0502,0.0886,0.1989,0.4503,0.8965,1.5473,2.2338,2.7907,3.0264,2.8489,2.4226,1.6962,1.1069,0.6901,0.4719,0.3297,0.2798,0.2524,0.2261,0.2322,0.1966,0.1358,0.0917,0.0544,0.0558,0.047,0.0446,0.0214,0.0558,0.0521,0.0357,0.0333,37.06
0.0246,0.0097,0.012,0.0307,0.0078,0.0647,0.0149,0.0389,0.0266,0.0461,0.0296,0.0068,0.0407,0.0612,0.0943,0.3628,0.9286,1.9093,2.9643,3.4655,3.0124,2.2961,1.4006,0.8729,0.6732,0.5418,0.3858,0.2333,0.1323,0.0902,0.0846,0.0723,0.0121,0.0135,0.0581,0.0441,0.0255,0.0055,0.0118,0.0451,0.0333,0.0478,0.0026,0.0814,0.0094,0.0013,0.0068,0.0601,0.001,0.0251,37.82
0.0152,0.012,0.0421,0.0657,0.034,0.0115,0.0223,0.0038,0.0817,0.0058,0.037,0.0419,0.0071,0.0613,0.0508,0.1208,0.4132,1.0596,2.1423,3.2154,3.6968,3.2432,2.4248,1.4173,0.7547,0.4768,0.3523,0.2243,0.1634,0.1439,0.0517,0.0521,0.0353,0.0294,0.0331,0.0652,0.0281,0.0193,0.0186,0.0028,0.007,0.0083,0.0216,0.0251,0.0815,0.0066,0.0042,0.0586,0.0551,0.0582,39.27
0.0159,0.0336,0.0381,0.0103,0.0084,0.0191,0.0097,0.0215,0.0603,0.1379,0.191,0.338,0.662,1.147,1.7919,2.3874,2.8919,3.08,2.8752,2.4966,1.8267,1.2294,0.6994,0.3766,0.1634,0.0898,0.0307,0.0462,0.0138,0.0338,0.0239,0.0384,0.0113,0.0412,0.0129,0.0609,0.0139,0.0088,0.0316,0.0093,0.0002,0.0381,0.0313,0.0107,0.0167,0.0006,0.015,0.0342,0.057,0.0022,35.88
0.0636,0.0067,0.0763,0.0425,0.0071,0.0411,0.0037,0.0038,0.0137,0.0016,0.0123,0.0033,0.0227,0.0435,0.0346,0.0147,0.0766,0.1873,0.5438,1.3614,2.8603,4.8888,6.69,7.4555,6.7086,5.2126,3.1396,1.5423,0.7101,0.3016,0.1311,0.0671,0.0673,0.0442,0.0675,0.0226,0.044,0.0203,0.0647,0.0108,0.053,0.0057,0.0255,0.0508,0.0313,0.0534,0.0157,0.0146,0.0428,0.0102,77.95
0.0247,0.0124,0.0131,0.0034,0.0413,0.057,0.028,0.0211,0.0335,0.0312,0.0176,0.0303,0.0075,0.0507,0.0162,0.0174,0.0055,0.0058,0.0239,0.0051,0.0241,0.0395,0.0338,0.0946,0.3096,0.6577,1.2315,1.8085,2.0852,1.8921,1.4176,0.8272,0.447,0.258,0.164,0.1301,0.1041,0.0552,0.0403,0.0447,0.0235,0.0152,0.0265,0.0373,0.0255,0.0048,0.0028,0.0422,0.0113,0.0269,23.43
0.0294,0.0237,0.0233,0.0899,0.017,0.0282,0.0275,0.0566,0.0452,0.01,0.0333,0.0029,0.0128,0.0227,0.008,0.0099,0.0474,0.0219,0.0231,0.0313,0.0171,0.0282,0.0473,0.0766,0.334,1.0855,2.5343,4.1752,4.9717,4.1822,2.6636,1.2586,0.4645,0.1312,0.061,0.0544,0.025,0.0548,0.05,0.0158,0.0268,0.0346,0.0476,0.0309,0.0519,0.0274,0.0392,0.0168,0.0073,0.0049,48.91
0.0358,0.0313,0.0579,0.0213,0.0117,0.0306,0.0166,0.059,0.0257,0.0717,0.0078,0.0474,0.0184,0.0291,0.0751,0.0931,0.293,0.5763,1.2807,2.4991,4.0989,5.9136,7.45,8.0445,7.5493,6.5432,4.8608,3.3749,2.3339,1.7759,1.5085,1.4002,1.2879,1.1562,0.9938,0.7893,0.5678,0.3831,0.2639,0.157,0.0907,0.0664,0.0491,0.0234,0.0225,0.0131,0.0081,0.0022,0.0162,0.0384,97.17
0.0357,0.0039,0.0125,0.026,0.0379,0.0105,0.0054,0.0086,0.0524,0.0123,0.0503,0.0332,0.0892,0.2591,0.6621,1.3789,2.4307,3.6922,4.7448,5.1655,4.761,3.8513,2.5317,1.4475,0.7127,0.3169,0.1709,0.0763,0.0431,0.0365,0.0208,0.0558,0.0664,0.0031,0.0486,0.0469,0.0387,0.0255,0.01,0.0349,0.0606,0.0299,0.0338,0.0275,0.0209,0.0279,0.0183,0.0194,0.0169,0.0093,56.99
0.0624,0.0084,0.0074,0.0045,0.0055,0.0237,0.0441,0.0074,0.0257,0.0592,0.0036,0.0511,0.0559,0.0338,0.048,0.043,0.0794,0.0311,0.0239,0.0151,0.0173,0.0103,0.0372,0.1035,0.2057,0.4258,0.8855,1.5443,2.4323,3.3787,4.1715,4.3905,4.1968,3.7924,2.9313,2.1158,1.5154,1.1216,0.904,0.7787,0.6607,0.5518,0.3656,0.3053,0.1787,0.1129,0.0735,0.0556,0.0575,0.0226,56.51
0.058,0.0389,0.0319,0.0631,0.0264,0.0031,0.0253,0.0458,0.0191,0.0701,0.0015,0.0067,0.0169,0.0097,0.0091,0.0652,0.0242,0.0765,0.1417,0.3004,0.5197,0.9085,1.3673,1.7913,2.1755,2.3298,2.254,1.9663,1.5444,1.082,0.7535,0.5199,0.3518,0.2479,0.1756,0.1332,0.1143,0.1082,0.0557,0.0424,0.0676,0.0115,0.0387,0.0192,0.0197,0.0074,0.0426,0.0109,0.0109,0.0176,29.24
0.0265,0.0262,0.0144,0.0399,0.0175,0.0214,0.0437,0.0623,0.012,0.036,0.0101,0.0071,0.0121,0.0331,0.0149,0.0156,0.0123,0.0188,0.036,0.0229,0.0176,0.0093,0.0069,0.0123,0.0506,0.0194,0.0091,0.081,0.1169,0.4349,1.1717,2.6746,4.7488,6.7324,7.5813,6.7426,5.0034,2.8488,1.3197,0.5383,0.2281,0.119,0.0889,0.0815,0.0644,0.038,0.0655,0.0263,0.0239,0.0173,78.41
0.0275,0.0562,0.0084,0.025,0.03,0.0322,0.0496,0.0178,0.0564,0.0328,0.0892,0.2525,0.6683,1.4208,2.5706,3.9412,5.1731,5.7559,5.5119,4.6612,3.4469,2.3227,1.5653,1.0605,0.7036,0.4978,0.3181,0.2018,0.1136,0.14,0.0557,0.018,0.0103,0.0034,0.004,0.037,0.0111,0.0703,0.0587,0.0574,0.0289,0.047,0.0428,0.0084,0.0116,0.0596,0.0219,0.0125,0.0185,0.0285,67.47
0.0063,0.0243,0.0133,0.0362,0.0251,0.0553,0.0296,0.0182,0.0091,0.0182,0.0603,0.0924,0.0296,0.15,0.5369,1.4581,3.178,5.0294,5.9681,5.2651,3.9175,2.5319,1.8747,1.5606,1.2977,0.9779,0.5882,0.3071,0.1707,0.0998,0.0496,0.0459,0.0309,0.0358,0.0186,0.0048,0.0631,0.0601,0.0204,0.0195,0.0239,0.0298,0.0108,0.0497,0.0441,0.0813,0.0104,0.0193,0.0394,0.033,64.6
0.0363,0.0958,0.0217,0.0271,0.035,0.0135,0.0103,0.0032,0.0145,0.0483,0.064,0.1977,0.5957,1.4994,2.9543,4.4447,5.1811,4.7338,3.7157,2.3645,1.4908,1.0411,0.768,0.5466,0.4362,0.2403,0.1368,0.0708,0.0696,0.0548,0.0195,0.0163,0.0363,0.0265,0.0304,0.0184,0.0051,0.0185,0.0245,0.0021,0.0307,0.0272,0.0215,0.0148,0.0144,0.0337,0.0522,0.0131,0.0253,0.0027,55.47
0.0011,0.0227,0.0154,0.0284,0.0134,0.0117,0.0236,0.0325,0.0608,0.2245,0.6763,1.9952,4.6056,8.3087,11.941,13.4291,11.9528,8.825,4.9324,2.2628,0.8976,0.3514,0.203,0.1474,0.1464,0.0604,0.1072,0.0952,0.0329,0.0275,0.0208,0.0502,0.0363,0.0658,0.0218,0.0245,0.0703,0.01,0.0376,0.0041,0.0121,0.0332,0.0274,0.009,0.0021,0.0179,0.0089,0.0045,0.0249,0.0335,100.0
0.0289,0.0238,0.0039,0.0195,0.0296,0.0343,0.0507,0.007,0.0423,0.1119,0.2652,0.786,1.7622,3.178,4.4624,5.0873,4.6071,3.5434,2.2855,1.4297,0.9652,0.7229,0.521,0.3505,0.221,0.1051,0.0679,0.0231,0.0648,0.0178,0.043,0.02,0.0115,0.0267,0.0472,0.0387,0.035,0.0357,0.0515,0.018,0.0274,0.0012,0.0058,0.0108,0.0358,0.0444,0.026,0.0153,0.0034,0.0443,53.21
0.013,0.0248,0.0058,0.0626,0.0448,0.035,0.0403,0.099,0.2444,0.5371,0.8787,1.3689,1.9358,2.3251,2.5036,2.3236,2.0434,1.4693,0.9487,0.5414,0.2719,0.1828,0.0662,0.0258,0.029,0.0206,0.0437,0.0072,0.0185,0.0126,0.0313,0.0025,0.0947,0.0562,0.0303,0.0022,0.0096,0.0044,0.0276,0.0039,0.0214,0.0347,0.037,0.0057,0.0446,0.0308,0.0224,0.0204,0.0563,0.0217,28.17
0.0379,0.0165,0.0464,0.0176,0.004,0.0103,0.0121,0.0217,0.0366,0.0193,0.0211,0.0205,0.0394,0.1624,0.413,1.0277,2.0387,3.4231,4.6748,5.3181,4.9824,4.2885,3.1177,2.2014,1.679,1.3095,1.0173,0.8196,0.5318,0.3797,0.2319,0.1286,0.1265,0.0397,0.0418,0.0266,0.0206,0.0646,0.0567,0.0713,0.0194,0.0236,0.0204,0.041,0.0438,0.0313,0.0427,0.0057,0.0051,0.0217,62.92
0.0236,0.0021,0.0184,0.041,0.0008,0.0345,0.0423,0.0052,0.003,0.041,0.003,0.0343,0.0032,0.0012,0.0331,0.0375,0.0294,0.0519,0.0044,0.0109,0.0553,0.0943,0.3102,0.5879,1.1224,1.7378,2.3231,2.565,2.3337,1.8885,1.2309,0.7793,0.4887,0.3406,0.2174,0.1716,0.1066,0.0972,0.0663,0.0952,0.018,0.076,0.0038,0.0182,0.0269,0.0268,0.0205,0.0011,0.0286,0.0027,30.42
0.0263,0.0192,0.0017,0.0014,0.0105,0.0232,0.0201,0.004,0.0061,0.0223,0.0162,0.0092,0.035,0.0259,0.0634,0.0481,0.0316,0.1084,0.3933,1.2612,3.0783,5.2117,6.1813,5.181,3.4917,1.6329,0.7575,0.5819,0.6941,0.8259,0.8953,0.8126,0.6176,0.3848,0.2234,0.0943,0.0438,0.0195,0.1152,0.0585,0.0097,0.0275,0.0285,0.023,0.0456,0.0082,0.0083,0.0143,0.0305,0.0466,65.86
0.0458,0.0231,0.0418,0.0051,0.0111,0.0187,0.0177,0.0006,0.027,0.0805,0.0088,0.0099,0.0132,0.016,0.0128,0.0446,0.0222,0.0124,0.0269,0.0064,0.003,0.0295,0.0075,0.0756,0.0901,0.1612,0.3422,0.7799,1.4313,2.3631,3.3928,4.2753,4.7121,4.4754,4.0486,3.1016,2.2741,1.6486,1.1524,0.8367,0.6092,0.4294,0.2897,0.1686,0.0957,0.1228,0.0341,0.0782,0.0284,0.0193,59.57
0.018,0.0271,0.0267,0.003,0.0314,0.0464,0.0037,0.0263,0.031,0.0048,0.0587,0.0314,0.0176,0.0078,0.0258,0.0576,0.0186,0.0088,0.0409,0.0446,0.3366,1.5801,4.9886,10.0696,12.6059,10.0094,5.4743,1.956,0.5774,0.2442,0.158,0.1531,0.0933,0.0808,0.0947,0.067,0.0353,0.0278,0.0824,0.0183,0.04,0.0171,0.0519,0.0301,0.0077,0.0102,0.0281,0.0572,0.0024,0.0036,100.0
0.0274,0.0331,0.0614,0.0514,0.0277,0.0301,0.0084,0.0377,0.0158,0.0046,0.0005,0.0096,0.0222,0.0258,0.0184,0.0734,0.0622,0.352,1.3537,3.4604,6.1695,7.5311,6.4002,4.3172,2.3143,1.3432,0.9024,0.5851,0.3618,0.1706,0.0967,0.0607,0.033,0.0258,0.0318,0.0381,0.0627,0.0105,0.0419,0.0329,0.0312,0.0342,0.0351,0.018,0.0338,0.0309,0.0196,0.0235,0.0295,0.0583,76.73
0.0374,0.0157,0.0138,0.0384,0.015,0.0024,0.0131,0.0295,0.0309,0.0093,0.0008,0.0229,0.0073,0.0063,0.023,0.0112,0.0432,0.0254,0.0203,0.002,0.0188,0.0292,0.0571,0.011,0.1054,0.0529,0.0775,0.1591,0.3662,0.718,1.1607,1.7392,2.214,2.4647,2.3152,1.967,1.4177,0.9109,0.5273,0.3454,0.1834,0.107,0.0809,0.0353,0.0194,0.0328,0.0928,0.0168,0.0234,0.0582,26.64
0.0183,0.0007,0.0538,0.0273,0.0226,0.0015,0.0148,0.0138,0.0609,0.0038,0.0235,0.0117,0.0121,0.0101,0.0173,0.0488,0.0015,0.0023,0.0194,0.0385,0.0184,0.0126,0.0597,0.2646,0.7431,1.8216,3.5406,5.2815,6.0618,5.3665,3.9023,2.2437,1.2975,0.9981,1.0449,1.195,1.2231,1.1549,0.9485,0.7451,0.4848,0.2728,0.1516,0.1191,0.048,0.0192,0.0165,0.0137,0.0685,0.0079,67.96
0.0057,0.0394,0.0056,0.0512,0.0201,0.0386,0.0387,0.0563,0.1791,0.4033,0.8414,1.6932,2.6958,3.572,3.954,3.6666,3.057,2.0058,1.252,0.7368,0.5161,0.3889,0.265,0.23,0.1626,0.0876,0.0757,0.0507,0.0688,0.0408,0.0341,0.0404,0.0113,0.0043,0.0027,0.0286,0.0131,0.0027,0.002,0.0032,0.0022,0.0207,0.0364,0.0045,0.0152,0.0159,0.0023,0.0005,0.0296,0.0422,47.22
0.0655,0.0435,0.006,0.0157,0.0441,0.018,0.0049,0.0058,0.0434,0.0022,0.0096,0.0105,0.0098,0.0058,0.0032,0.0189,0.0281,0.0189,0.0279,0.0986,0.2173,0.5929,1.3132,2.4829,3.856,5.0763,5.5869,5.2114,4.4654,3.1588,2.0261,1.3336,0.8605,0.6201,0.3806,0.2711,0.1331,0.0724,0.0837,0.0622,0.0099,0.0407,0.0148,0.0448,0.0172,0.0118,0.0288,0.0273,0.0285,0.0508,64.66
0.0094,0.0168,0.0297,0.0262,0.0343,0.0443,0.0028,0.0137,0.04,0.0657,0.1233,0.2442,0.5146,0.9236,1.4742,2.2266,2.9555,3.5543,3.8668,3.7383,3.4832,2.7722,2.1188,1.504,1.0253,0.703,0.4903,0.3481,0.2374,0.1831,0.1318,0.0779,0.0357,0.0182,0.0159,0.0662,0.0054,0.0114,0.0636,0.0033,0.0529,0.0641,0.0355,0.0206,0.0179,0.0535,0.018,0.0295,0.0673,0.0471,48.93
0.0261,0.0102,0.0198,0.0128,0.0142,0.0037,0.0414,0.0529,0.0086,0.0095,0.0339,0.0162,0.0037,0.0316,0.0779,0.2033,0.4503,0.9321,1.5951,2.2769,2.5068,2.261,1.8247,1.1984,0.7441,0.4893,0.3116,0.2498,0.1499,0.1318,0.0694,0.0567,0.0298,0.0319,0.0219,0.0244,0.0188,0.0377,0.0193,0.0061,0.0241,0.0144,0.0181,0.036,0.016,0.0973,0.0431,0.0086,0.0058,0.0169,30.51
0.0063,0.0432,0.0514,0.0034,0.004,0.0275,0.0454,0.0589,0.0228,0.0109,0.0208,0.0039,0.0319,0.0182,0.0154,0.0295,0.0424,0.021,0.0974,0.1624,0.3609,0.9622,2.1093,3.5994,5.0819,5.7103,5.3117,4.3912,3.0369,2.068,1.4709,1.1412,0.9467,0.704,0.5046,0.3677,0.2354,0.1339,0.07,0.0951,0.0449,0.0381,0.0613,0.0246,0.0108,0.134,0.0613,0.0251,0.0261,0.0244,65.94
0.0013,0.0051,0.0112,0.0245,0.0332,0.0288,0.0358,0.0239,0.0015,0.0107,0.0237,0.0291,0.0109,0.0069,0.0497,0.0013,0.0228,0.0284,0.0663,0.1774,0.4638,0.9111,1.7054,2.7767,3.9146,4.8358,5.2115,4.9237,4.2716,3.2288,2.2486,1.552,1.1543,0.941,0.8944,0.7731,0.684,0.585,0.477,0.3501,0.2373,0.1925,0.1257,0.0616,0.0377,0.0166,0.028,0.0406,0.011,0.0084,63.72
0.0181,0.0208,0.0342,0.0739,0.0167,0.0017,0.0076,0.0236,0.0123,0.0111,0.0436,0.0141,0.0041,0.0228,0.0078,0.0174,0.0505,0.0283,0.0444,0.0125,0.0367,0.0626,0.1954,0.51,0.937,1.7054,2.4804,3.1866,3.5072,3.2688,2.7406,1.9658,1.3044,0.8098,0.5342,0.398,0.2588,0.1584,0.1198,0.0512,0.0382,0.0292,0.0358,0.0087,0.037,0.0215,0.0253,0.0082,0.0376,0.0268,40.02
0.0431,0.0455,0.0536,0.001,0.0165,0.0078,0.0245,0.0282,0.027,0.035,0.0028,0.0405,0.0381,0.0009,0.0224,0.0059,0.0076,0.0021,0.0452,0.0269,0.0765,0.0242,0.0402,0.0512,0.1039,0.3743,0.9848,2.2017,3.922,5.5919,6.2745,5.7259,4.4697,2.884,1.847,1.3682,1.1909,1.0228,0.8128,0.5666,0.3805,0.2059,0.1244,0.0582,0.0279,0.03,0.065,0.0107,0.0434,0.0261,70.0
0.0059,0.0158,0.0224,0.0784,0.0254,0.0663,0.0286,0.0726,0.093,0.2184,0.4575,0.9544,1.7416,2.8364,3.9655,4.8843,5.326,5.1462,4.6633,3.607,2.5851,1.8317,1.2608,0.9358,0.6943,0.5695,0.4276,0.2853,0.1884,0.1278,0.1124,0.0519,0.0332,0.0227,0.0475,0.0031,0.0558,0.0077,0.034,0.0376,0.017,0.0068,0.0298,0.0063,0.0109,0.01,0.0425,0.0161,0.0121,0.0211,64.85
0.0237,0.0082,0.0714,0.0224,0.0286,0.0097,0.0126,0.0548,0.0124,0.0035,0.0139,0.0333,0.0286,0.0176,0.0171,0.0437,0.0176,0.0614,0.1097,0.3527,0.8221,1.7219,3.1286,4.7885,6.1868,6.8314,6.4436,5.4502,3.975,2.7833,2.0465,1.7045,1.5326,1.3994,1.2302,0.9978,0.7547,0.5894,0.3796,0.2145,0.1238,0.0885,0.052,0.0436,0.0689,0.0297,0.0513,0.0042,0.0363,0.0233,81.62
0.0358,0.0251,0.032,0.0028,0.0256,0.0174,0.054,0.0354,0.0206,0.0034,0.0457,0.0157,0.0303,0.0196,0.0026,0.0038,0.0445,0.057,0.1469,0.3676,0.9036,1.9253,3.4772,5.3257,6.888,7.5957,7.1689,6.0296,4.4196,3.099,2.2473,1.8291,1.6548,1.4854,1.3417,1.0889,0.8661,0.663,0.463,0.3366,0.2086,0.0992,0.088,0.0465,0.0519,0.0311,0.012,0.0067,0.0404,0.0099,91.49
0.0164,0.0223,0.0547,0.0423,0.0112,0.0278,0.0065,0.0138,0.0001,0.0042,0.0196,0.0252,0.0376,0.007,0.0344,0.0229,0.0467,0.0635,0.02,0.022,0.0103,0.0381,0.0044,0.0353,0.0381,0.0318,0.0525,0.0599,0.2497,1.453,5.0328,10.6121,13.6461,10.6072,5.6988,2.2655,1.6742,2.5513,3.7383,4.2873,3.6533,2.3391,1.1475,0.4265,0.1476,0.0381,0.0405,0.0334,0.0117,0.0263,100.0
0.0363,0.0287,0.005,0.0752,0.0463,0.0004,0.0462,0.0541,0.0046,0.0405,0.0318,0.013,0.0142,0.0209,0.0265,0.0048,0.0163,0.0283,0.0056,0.0762,0.0041,0.0497,0.0344,0.0564,0.0537,0.1165,0.5314,2.212,6.1167,11.2944,13.8235,11.3567,6.9466,3.167,1.8026,1.9685,2.5769,3.2275,3.418,3.1029,2.4195,1.6569,0.9294,0.4805,0.2083,0.1101,0.073,0.019,0.0115,0.0301,100.0
0.0221,0.007,0.0023,0.0001,0.0039,0.0574,0.0141,0.0125,0.0434,0.0134,0.0231,0.0313,0.0094,0.0327,0.0509,0.1164,0.2771,0.6765,1.4213,2.605,4.1542,5.8694,7.2691,7.8401,7.4824,6.6205,5.1505,3.7892,2.8652,2.3095,2.0647,1.9475,1.7955,1.6119,1.3668,1.1135,0.8529,0.6034,0.411,0.2842,0.1634,0.1042,0.0762,0.0427,0.0169,0.0418,0.0618,0.013,0.019,0.0158,100.0
0.0373,0.021,0.0058,0.0251,0.0055,0.0065,0.0223,0.0036,0.0014,0.0172,0.0086,0.0418,0.042,0.0053,0.0724,0.1562,0.7703,2.3808,5.5768,9.3272,11.0887,9.3304,5.8089,2.5713,0.8659,0.2824,0.1377,0.0934,0.0866,0.0618,0.0621,0.0357,0.0336,0.0498,0.055,0.0255,0.0226,0.0525,0.0573,0.0187,0.0321,0.0336,0.0422,0.0061,0.04,0.0104,0.0244,0.0064,0.0058,0.0196,100.0
0.0121,0.0411,0.0049,0.0523,0.0374,0.0159,0.0253,0.0291,0.0107,0.02,0.0045,0.03,0.0025,0.0414,0.0048,0.0494,0.0528,0.0069,0.0101,0.06,0.1736,0.411,0.9648,1.9801,3.5196,5.2927,6.7852,7.4574,7.0363,5.9791,4.3391,2.978,1.9383,1.301,0.9119,0.6253,0.4172,0.2585,0.1669,0.072,0.0322,0.036,0.0078,0.0071,0.0109,0.0161,0.0049,0.0551,0.0111,0.0164,87.14
0.0423,0.0251,0.0122,0.0009,0.0137,0.0151,0.0097,0.0112,0.026,0.0016,0.0347,0.0033,0.0009,0.0127,0.0144,0.0075,0.0013,0.0152,0.0301,0.0128,0.0476,0.0087,0.0292,0.1626,0.547,1.4984,3.1002,4.8327,5.607,4.8412,3.3063,1.6041,0.6199,0.2143,0.0695,0.0332,0.0346,0.0306,0.0291,0.0275,0.013,0.005,0.0303,0.0225,0.0456,0.006,0.0547,0.0551,0.0156,0.004,55.02
0.0533,0.0233,0.0212,0.0147,0.0204,0.0149,0.013,0.0105,0.0051,0.0083,0.0428,0.0143,0.0281,0.0333,0.0218,0.0244,0.048,0.0195,0.0102,0.0024,0.0097,0.0289,0.1471,0.5818,1.8819,4.2407,7.075,8.5132,7.6229,5.5267,3.4672,2.3217,1.7101,1.1921,0.7485,0.4414,0.1871,0.0743,0.0541,0.0379,0.0312,0.0416,0.0481,0.0112,0.0335,0.0249,0.0488,0.0534,0.0256,0.0262,89.76
0.0192,0.0747,0.0131,0.0284,0.0419,0.01,0.0096,0.0235,0.0002,0.0116,0.0091,0.012,0.0249,0.0119,0.0102,0.0087,0.0034,0.0102,0.0263,0.0094,0.0035,0.018,0.0493,0.0579,0.0735,0.1821,0.4217,0.726,1.2429,1.8962,2.58,3.1241,3.3418,3.1821,2.8829,2.1561,1.5,0.95,0.575,0.3587,0.2499,0.159,0.0984,0.0648,0.0594,0.0503,0.0373,0.0236,0.0491,0.0389,43.35
0.0237,0.003,0.0059,0.0781,0.0003,0.038,0.031,0.0025,0.0017,0.0157,0.0382,0.0078,0.0281,0.0796,0.2067,0.4849,1.1309,2.1171,3.3676,4.4734,4.9569,4.5904,3.8489,2.7766,1.9648,1.5519,1.4379,1.3058,1.204,1.0587,0.7958,0.5437,0.3808,0.2542,0.1263,0.0903,0.0677,0.0111,0.0125,0.0193,0.0065,0.0251,0.0155,0.0043,0.1018,0.0146,0.0292,0.0289,0.0408,0.044,62.94
0.0514,0.0024,0.0376,0.0766,0.0162,0.031,0.0206,0.0317,0.0054,0.0024,0.0078,0.0474,0.0136,0.0173,0.0257,0.0111,0.006,0.0209,0.0342,0.0722,0.2673,0.814,1.9243,3.645,5.3497,6.1044,5.3974,3.8978,2.3228,1.2798,0.9566,0.9141,0.912,0.8018,0.6703,0.4346,0.257,0.1527,0.0911,0.0255,0.0186,0.0758,0.0043,0.0134,0.0317,0.0073,0.0134,0.0057,0.0089,0.0138,66.61
0.0382,0.016,0.0534,0.032,0.0446,0.0076,0.0084,0.0161,0.0526,0.0329,0.0302,0.0293,0.0248,0.0098,0.0253,0.0472,0.0249,0.0801,0.2699,0.8124,1.8918,3.684,6.0382,8.0756,8.8243,8.038,6.5008,4.0923,2.252,1.0413,0.4958,0.2558,0.222,0.1207,0.1213,0.1192,0.1084,0.0557,0.0423,0.0571,0.0251,0.0189,0.019,0.0264,0.0161,0.0186,0.0391,0.0541,0.0247,0.0343,94.05
0.0036,0.0123,0.0159,0.0284,0.0489,0.0125,0.0216,0.0383,0.0422,0.0493,0.0495,0.1931,0.6356,1.7273,3.7543,6.6184,9.3255,10.5214,9.5086,7.6756,5.04,3.3741,2.8574,3.0008,3.2746,3.4024,3.1771,2.6749,2.0779,1.4135,0.8844,0.4804,0.2579,0.1387,0.063,0.0536,0.0709,0.0471,0.0467,0.0229,0.0099,0.0191,0.0097,0.002,0.0135,0.0472,0.0234,0.0355,0.0128,0.07,100.0
0.0107,0.0055,0.017,0.0105,0.0181,0.0016,0.0347,0.0244,0.065,0.0284,0.0748,0.0693,0.1607,0.3309,0.6557,1.0819,1.723,2.4218,3.0972,3.6267,3.8787,3.7179,3.4379,2.7373,2.0136,1.4134,0.9379,0.6346,0.4076,0.3318,0.2159,0.1424,0.1249,0.098,0.0491,0.0509,0.0476,0.0464,0.0333,0.0129,0.0419,0.0231,0.006,0.0348,0.0161,0.0014,0.0136,0.0157,0.0111,0.0173,48.24
0.0067,0.0238,0.0186,0.0459,0.0169,0.0543,0.019,0.0005,0.043,0.0009,0.0142,0.0429,0.0584,0.0537,0.0743,0.2361,0.6598,1.4601,2.7731,4.4084,5.8409,6.4047,5.937,5.0096,3.4516,2.1581,1.3802,1.0044,0.8863,0.7472,0.6971,0.5406,0.4487,0.3054,0.2407,0.1762,0.1011,0.0668,0.0362,0.0229,0.0175,0.029,0.0205,0.0772,0.0123,0.0473,0.0282,0.0014,0.009,0.0208,71.87
0.006,0.0134,0.0076,0.0147,0.0144,0.0463,0.0274,0.0199,0.0405,0.0227,0.0147,0.0158,0.0344,0.0452,0.0285,0.0074,0.0073,0.0028,0.0179,0.0215,0.0516,0.114,0.3399,0.8196,1.5374,2.2077,2.509,2.2558,1.6302,0.9129,0.4694,0.2935,0.2974,0.3088,0.3405,0.3015,0.2385,0.1335,0.0687,0.0375,0.0444,0.0215,0.04,0.0324,0.0026,0.0212,0.0664,0.0236,0.0093,0.0128,28.59
0.067,0.0232,0.0239,0.02,0.0363,0.0204,0.0134,0.0076,0.0217,0.0145,0.0112,0.0379,0.0028,0.039,0.0351,0.0369,0.0086,0.0319,0.0227,0.0042,0.0177,0.0016,0.0073,0.0266,0.1127,0.3813,1.1087,2.5748,4.9416,7.8607,10.4489,11.5671,10.615,8.5809,5.9529,4.1032,3.4281,3.5364,3.8563,4.0001,3.7421,3.0775,2.2287,1.4346,0.8156,0.4119,0.2169,0.1226,0.0553,0.0164,100.0
0.0226,0.0298,0.0191,0.0381,0.0203,0.046,0.0349,0.0029,0.0369,0.0084,0.0418,0.1122,0.4386,1.1903,2.5063,3.9076,4.5205,3.9624,2.7574,1.5528,0.9302,0.7635,0.8221,0.806,0.7634,0.6353,0.4456,0.3015,0.157,0.1157,0.1021,0.0333,0.0419,0.0253,0.0308,0.0136,0.0051,0.0053,0.0117,0.0483,0.0038,0.0274,0.0296,0.0219,0.0034,0.0273,0.0064,0.0013,0.0009,0.0046,50.77
0.0211,0.0312,0.0202,0.0277,0.0235,0.0148,0.0252,0.0492,0.0122,0.0245,0.0044,0.0121,0.0249,0.0331,0.0204,0.053,0.0535,0.0452,0.0136,0.0101,0.0096,0.023,0.0622,0.1923,0.6917,1.9559,4.3974,7.9082,11.2425,12.7088,11.4102,8.9907,5.8671,4.1406,3.8635,4.2325,4.4264,3.9724,3.0395,1.9374,1.1056,0.483,0.2028,0.1334,0.085,0.02,0.0678,0.0112,0.0516,0.0587,100.0
0.0029,0.0368,0.0045,0.0138,0.0252,0.0323,0.0461,0.0264,0.019,0.003,0.0282,0.0203,0.0015,0.0085,0.0322,0.0003,0.0244,0.0181,0.0273,0.0243,0.047,0.0091,0.0023,0.0266,0.0495,0.0451,0.1991,0.6386,1.8061,4.2355,7.6235,10.933,12.3791,11.217,8.8559,5.6912,3.823,3.0377,2.9551,2.9418,2.7211,2.2922,1.6754,1.1194,0.682,0.3938,0.1863,0.0814,0.0472,0.0117,100.0
0.0019,0.0108,0.0138,0.033,0.0145,0.0374,0.015,0.056,0.0113,0.0077,0.0197,0.0293,0.0136,0.0166,0.0314,0.0114,0.0001,0.023,0.0148,0.0105,0.0274,0.0059,0.0536,0.3225,1.445,4.2366,8.1307,10.0984,8.1507,4.8116,2.0134,1.0555,1.1322,1.4107,1.7391,1.8195,1.652,1.2865,0.8327,0.5315,0.2886,0.1148,0.0696,0.0624,0.0575,0.031,0.0267,0.0269,0.0092,0.0474,100.0
0.0281,0.0021,0.0212,0.0051,0.0311,0.0286,0.0098,0.0004,0.0044,0.0002,0.0001,0.0242,0.0086,0.0216,0.0013,0.0187,0.0039,0.0393,0.0623,0.1252,0.3157,0.6417,1.2438,1.9531,2.6056,2.8504,2.6506,2.1642,1.4747,0.9382,0.5987,0.483,0.5287,0.4418,0.4225,0.3535,0.2952,0.2018,0.1237,0.0941,0.053,0.0219,0.0312,0.0531,0.0165,0.013,0.0407,0.0158,0.0195,0.0104,35.54
0.0205,0.0142,0.0304,0.0212,0.018,0.0117,0.0431,0.0214,0.0303,0.0174,0.0085,0.018,0.0129,0.0145,0.011,0.0253,0.0969,0.1651,0.5101,1.3569,3.1187,5.8637,9.2737,12.194,13.4324,12.2962,9.9859,6.7021,4.2803,2.8885,2.4793,2.4655,2.494,2.2985,1.8876,1.374,0.9395,0.5191,0.297,0.1316,0.0675,0.0311,0.0306,0.0318,0.0403,0.0035,0.0417,0.0059,0.0282,0.0891,100.0
0.0055,0.0088,0.0316,0.024,0.0117,0.0232,0.0356,0.008,0.0156,0.012,0.014,0.001,0.0524,0.0184,0.0203,0.0175,0.0292,0.0025,0.0807,0.0245,0.0199,0.0434,0.1154,0.3628,0.8504,1.6349,2.7186,3.7041,4.1896,3.7962,2.9971,2.0038,1.1532,0.7259,0.4806,0.3133,0.23,0.1761,0.1233,0.0623,0.0541,0.0484,0.0458,0.0625,0.0126,0.0572,0.0216,0.0071,0.0322,0.0175,46.55
0.0736,0.0333,0.0258,0.0172,0.0109,0.0544,0.0556,0.147,0.289,0.5872,1.2326,2.1341,3.3484,4.6167,5.5868,5.9857,5.5894,4.9136,3.5654,2.3275,1.316,0.6839,0.3387,0.1982,0.0727,0.076,0.0423,0.0745,0.0133,0.0317,0.0077,0.0169,0.0563,0.0057,0.0119,0.0031,0.0156,0.0075,0.024,0.0123,0.0417,0.0152,0.0048,0.0254,0.0149,0.0249,0.0027,0.0073,0.0041,0.015,71.06
0.0441,0.0174,0.0425,0.0338,0.008,0.0251,0.0385,0.0056,0.0355,0.0033,0.0433,0.0334,0.0159,0.0504,0.1091,0.4468,1.1514,2.6289,4.7554,6.912,7.9654,7.391,6.2235,4.3889,3.1194,2.4153,2.0463,1.6512,1.2937,0.8913,0.5692,0.3473,0.1984,0.1131,0.0547,0.0508,0.0331,0.0119,0.0197,0.024,0.0062,0.044,0.0032,0.0088,0.0081,0.0363,0.0077,0.0517,0.0249,0.0085,92.67
0.0015,0.002,0.0214,0.033,0.021,0.0035,0.0596,0.0419,0.1262,0.4488,1.2236,2.9603,5.817,9.5205,13.0123,14.7479,14.1251,12.2471,9.2531,6.8622,5.323,4.3424,3.6079,2.921,2.2551,1.5633,1.0316,0.6417,0.3918,0.2116,0.1527,0.0714,0.0391,0.0143,0.0271,0.0376,0.0063,0.0539,0.0031,0.0225,0.0413,0.0156,0.0331,0.0124,0.0167,0.0015,0.0147,0.0539,0.0251,0.0107,100.0
0.0274,0.0123,0.0174,0.04,0.0272,0.0004,0.009,0.0205,0.0361,0.0107,0.0234,0.0282,0.0004,0.0198,0.0339,0.0152,0.0199,0.0305,0.0462,0.0406,0.042,0.0356,0.0364,0.0669,0.3656,1.0943,3.3009,7.1467,11.464,13.6546,12.2979,9.3154,6.1842,4.5698,3.9042,3.3891,2.6721,1.8695,1.1536,0.6623,0.3225,0.1552,0.1177,0.0742,0.0456,0.0237,0.0501,0.0136,0.0369,0.0518,100.0
0.0172,0.0178,0.0,0.0524,0.0289,0.011,0.0227,0.022,0.0084,0.044,0.0116,0.0198,0.0351,0.0165,0.0248,0.0528,0.0323,0.0963,0.3012,0.962,2.4024,4.8351,8.1219,11.0792,12.4947,11.5966,9.6562,6.9522,5.1138,4.3419,4.2319,4.0988,3.8069,3.2474,2.5659,1.8086,1.1665,0.6547,0.3702,0.2108,0.1201,0.0587,0.0167,0.0366,0.0633,0.0058,0.0425,0.0144,0.043,0.0302,100.0
0.0356,0.0103,0.0366,0.0067,0.0046,0.0016,0.0284,0.0072,0.0028,0.0043,0.0323,0.0216,0.065,0.0068,0.0113,0.0125,0.0158,0.0109,0.0007,0.039,0.0201,0.0816,0.0257,0.0505,0.157,0.4507,0.8766,1.5499,2.2206,2.4888,2.3328,1.9474,1.3006,0.8412,0.5638,0.3608,0.2391,0.1592,0.0883,0.0856,0.0381,0.0365,0.027,0.0386,0.0236,0.0341,0.0603,0.0805,0.025,0.016,28.89
0.0072,0.0072,0.0101,0.0272,0.0248,0.0008,0.0057,0.0009,0.0142,0.0621,0.0745,0.1524,0.4158,1.023,2.1849,4.0057,6.1171,7.9819,8.7799,8.2156,6.863,4.8662,3.2458,2.2143,1.5493,1.2867,1.0292,0.8442,0.6729,0.4825,0.3441,0.2552,0.136,0.0819,0.0687,0.0557,0.0518,0.057,0.0222,0.0085,0.0274,0.0035,0.0427,0.0119,0.0279,0.0087,0.0362,0.0141,0.022,0.0538,100.0
0.0116,0.0419,0.0334,0.0192,0.0223,0.039,0.0048,0.0234,0.0511,0.024,0.0626,0.0256,0.0322,0.0068,0.0299,0.0418,0.0681,0.0084,0.0084,0.0359,0.0183,0.0465,0.1606,0.3251,0.6778,1.4129,2.5284,4.0065,5.6464,6.9548,7.6273,7.4514,6.7894,5.3864,3.9788,2.8143,1.872,1.2282,0.8593,0.4923,0.2866,0.158,0.0937,0.0455,0.0513,0.0285,0.0305,0.0493,0.0196,0.0384,93.33
0.006,0.0344,0.0386,0.0018,0.0153,0.036,0.0588,0.0087,0.0203,0.0059,0.0149,0.0161,0.0415,0.0337,0.0036,0.0429,0.0135,0.0089,0.034,0.0093,0.0372,0.0121,0.0032,0.0443,0.0438,0.0371,0.0353,0.0546,0.2826,1.0325,3.1869,6.9332,11.2908,13.7226,12.6442,10.0339,6.8842,5.0291,3.9064,2.9696,2.0645,1.2621,0.7239,0.3894,0.165,0.0754,0.0833,0.0311,0.048,0.0261,100.0
0.013,0.0136,0.0688,0.0071,0.0199,0.0381,0.0301,0.0084,0.024,0.009,0.005,0.0333,0.0078,0.0163,0.0389,0.0151,0.0295,0.0603,0.3312,1.1523,3.0048,5.3293,6.4547,5.3519,3.329,1.3889,0.5558,0.4161,0.5418,0.7195,0.7929,0.6945,0.479,0.2529,0.1077,0.0523,0.0454,0.0432,0.0077,0.0618,0.0516,0.0549,0.047,0.0175,0.0302,0.0312,0.0143,0.0025,0.0189,0.024,66.51
0.0465,0.061,0.0721,0.0573,0.0153,0.0614,0.0301,0.0304,0.0432,0.0237,0.0072,0.0234,0.0311,0.0321,0.0043,0.0114,0.0049,0.0152,0.0091,0.0306,0.034,0.1315,0.2305,0.4708,0.9238,1.5468,2.3038,3.1007,3.6774,3.938,3.7204,3.2758,2.5318,1.8207,1.2052,0.7834,0.5655,0.4548,0.2962,0.2461,0.1878,0.1208,0.0984,0.0674,0.0554,0.0168,0.0095,0.0606,0.0077,0.003,49.6
0.0539,0.0014,0.0132,0.0032,0.0031,0.0147,0.0168,0.0509,0.0166,0.0462,0.0038,0.0305,0.0373,0.0358,0.0334,0.0618,0.0205,0.0052,0.0369,0.0556,0.0448,0.012,0.0236,0.0208,0.0323,0.02,0.1673,0.3753,1.0545,2.2493,3.4838,4.0611,3.4983,2.4211,1.2506,0.6464,0.4109,0.485,0.5298,0.5266,0.5139,0.3725,0.2882,0.1409,0.1132,0.0449,0.019,0.0367,0.0055,0.0132,43.65
0.0129,0.0133,0.0201,0.0221,0.0088,0.0186,0.0589,0.0041,0.0077,0.0443,0.028,0.0193,0.0132,0.0107,0.0005,0.043,0.0421,0.0221,0.0071,0.016,0.0098,0.0246,0.0117,0.0383,0.035,0.0701,0.1753,0.3545,0.6496,1.1254,1.7692,2.5432,3.2439,3.7905,4.0357,3.9134,3.5866,2.8973,2.2231,1.673,1.2813,0.9974,0.8205,0.775,0.6504,0.5528,0.457,0.3753,0.2841,0.2194,55.09
0.0137,0.0699,0.0247,0.0095,0.0323,0.0045,0.0227,0.0013,0.065,0.0368,0.0177,0.0543,0.0022,0.0019,0.0317,0.0386,0.0602,0.0357,0.0802,0.2146,0.4419,0.8331,1.5458,2.1409,2.3856,2.1556,1.6469,1.0808,0.5984,0.3866,0.183,0.1454,0.0758,0.0739,0.0545,0.0258,0.0073,0.0298,0.0207,0.0338,0.0201,0.023,0.0156,0.0751,0.0223,0.0295,0.0566,0.0258,0.0167,0.0374,25.59
0.0295,0.0269,0.0369,0.0186,0.0318,0.0188,0.0057,0.0095,0.0177,0.0181,0.0387,0.0146,0.0163,0.0194,0.0639,0.0132,0.0036,0.0182,0.0275,0.0366,0.0107,0.0183,0.0225,0.0739,0.1976,0.4426,0.8528,1.5413,2.4433,3.4256,4.2496,4.5422,4.2767,3.6874,2.7378,1.8312,1.1865,0.7652,0.5823,0.4708,0.4271,0.3746,0.2979,0.2698,0.2029,0.1378,0.1274,0.0673,0.0827,0.0385,53.46
0.0169,0.0325,0.0463,0.0037,0.0346,0.0468,0.0131,0.0,0.0323,0.0184,0.0341,0.0709,0.207,0.6426,1.4903,3.0615,4.9873,6.69,7.4363,6.8053,5.534,3.7332,2.4325,1.8677,1.7984,1.8741,1.916,1.7764,1.5122,1.156,0.7809,0.523,0.2783,0.1553,0.1123,0.0475,0.0273,0.0423,0.0095,0.0114,0.0324,0.026,0.002,0.0083,0.0184,0.0081,0.0256,0.0157,0.0247,0.0109,91.35
0.0218,0.0119,0.013,0.0668,0.0398,0.0015,0.0211,0.0319,0.0351,0.1014,0.2039,0.4959,1.0234,1.6523,2.2638,2.4898,2.3056,1.8049,1.1207,0.5783,0.2739,0.1131,0.116,0.0435,0.0445,0.0251,0.0414,0.0348,0.0195,0.0277,0.0283,0.0202,0.0454,0.0059,0.06,0.0102,0.0034,0.0534,0.0308,0.0023,0.0063,0.0048,0.0089,0.0503,0.0214,0.0097,0.018,0.056,0.0081,0.0154,27.33
0.0051,0.0102,0.0018,0.0332,0.0001,0.0147,0.0337,0.0226,0.0473,0.0157,0.0176,0.0158,0.0309,0.0165,0.0184,0.0366,0.0035,0.043,0.0766,0.1668,0.4325,0.9878,1.7845,2.7474,3.579,3.9622,3.7063,3.0915,2.2075,1.4402,0.9617,0.6619,0.484,0.3666,0.2524,0.1779,0.0931,0.0852,0.0575,0.0135,0.0291,0.0306,0.0525,0.0133,0.0165,0.0213,0.0455,0.0097,0.0634,0.0357,47.07
0.0287,0.0025,0.0095,0.0008,0.0044,0.027,0.0047,0.0029,0.0303,0.024,0.0067,0.0244,0.0146,0.0514,0.025,0.0496,0.0236,0.0486,0.0141,0.025,0.0636,0.0585,0.0771,0.4369,1.7171,4.4834,8.0636,9.9281,8.5801,6.0406,3.843,3.1095,2.8938,2.5717,1.9328,1.2563,0.6713,0.3277,0.1506,0.0648,0.0294,0.0438,0.016,0.0112,0.0079,0.0246,0.0237,0.0061,0.0318,0.018,100.0
0.0332,0.0157,0.012,0.0053,0.0166,0.0347,0.0047,0.0071,0.03,0.0155,0.0018,0.0051,0.0155,0.0161,0.0172,0.0038,0.0524,0.0028,0.0146,0.0009,0.0092,0.0008,0.0235,0.0053,0.03,0.142,0.573,1.6496,3.5678,5.8028,6.9394,6.3703,4.8153,3.1994,2.241,1.7152,1.3593,0.972,0.6645,0.3904,0.2185,0.1144,0.1152,0.0482,0.0121,0.0366,0.0083,0.0048,0.0481,0.006,75.23
0.0027,0.0047,0.0853,0.0147,0.0408,0.0015,0.0126,0.0116,0.0523,0.0141,0.0064,0.0117,0.0321,0.0007,0.0012,0.058,0.0218,0.0348,0.0077,0.0737,0.048,0.0267,0.0141,0.0323,0.0259,0.0813,0.1095,0.3857,0.9762,1.94,2.9875,3.4473,3.0343,2.1989,1.2802,0.7863,0.607,0.5217,0.4902,0.3705,0.2902,0.1741,0.1463,0.0665,0.0912,0.0181,0.0246,0.0126,0.0363,0.0405,36.51
0.0343,0.0321,0.0339,0.0108,0.0092,0.036,0.006,0.0337,0.0014,0.0109,0.02,0.0077,0.04,0.1045,0.1368,0.3239,0.4975,0.909,1.3613,1.9316,2.4938,2.9278,3.1211,3.0534,2.8265,2.3111,1.7173,1.2052,0.8302,0.5289,0.3438,0.2272,0.1509,0.107,0.0491,0.0267,0.0195,0.025,0.0219,0.006,0.004,0.0039,0.0024,0.0427,0.0235,0.0321,0.0196,0.0172,0.03,0.0427,41.57
0.0009,0.0051,0.0064,0.0077,0.0194,0.0029,0.0572,0.0207,0.0173,0.0388,0.035,0.0265,0.0336,0.0799,0.0132,0.0066,0.0023,0.0041,0.0235,0.0219,0.0292,0.0507,0.1119,0.2384,0.4986,0.9184,1.5769,2.237,2.7949,3.0339,2.8759,2.45,1.7739,1.1773,0.7315,0.5364,0.3354,0.1928,0.1348,0.1517,0.0811,0.1071,0.0445,0.0261,0.0262,0.0288,0.0513,0.0363,0.0331,0.0283,33.45
0.0024,0.0172,0.0012,0.0182,0.0347,0.0171,0.0046,0.0163,0.0231,0.0083,0.0258,0.0391,0.0079,0.0196,0.0121,0.0353,0.0529,0.0692,0.1165,0.1986,0.3796,0.7868,1.4098,2.2447,3.1358,3.8253,4.1169,3.9467,3.428,2.646,1.9202,1.4031,1.0802,0.8504,0.6855,0.5804,0.5419,0.3546,0.2652,0.175,0.1646,0.1417,0.0363,0.0554,0.0138,0.0502,0.0417,0.0468,0.0049,0.002,53.21
0.0443,0.0234,0.0416,0.0321,0.0239,0.0233,0.0182,0.0378,0.0167,0.0188,0.0059,0.0438,0.0188,0.0188,0.0367,0.018,0.0581,0.0126,0.012,0.0055,0.0115,0.0078,0.0302,0.0434,0.0252,0.1847,0.5766,1.74,3.8492,6.2229,7.3294,6.3896,4.4445,2.6095,1.6887,1.4817,1.465,1.3043,1.039,0.7175,0.4254,0.2273,0.1203,0.0822,0.0212,0.0243,0.0129,0.0132,0.0457,0.0064,77.87
0.0576,0.0041,0.0032,0.0022,0.0374,0.0014,0.0228,0.0366,0.0107,0.0056,0.0371,0.0011,0.0216,0.0127,0.02,0.0277,0.0327,0.0839,0.0327,0.0804,0.1364,0.2932,0.5633,1.1169,1.7974,2.6598,3.6151,4.2977,4.5826,4.389,4.002,3.1356,2.2703,1.5664,1.1078,0.816,0.6804,0.5261,0.452,0.3435,0.2909,0.1957,0.1441,0.0896,0.0506,0.0284,0.0852,0.0286,0.0195,0.0581,58.89
0.0239,0.0132,0.0128,0.0113,0.0176,0.0166,0.0145,0.0417,0.0336,0.0311,0.043,0.0525,0.0984,0.1989,0.3657,0.6971,1.2281,1.9743,2.7423,3.5572,4.1839,4.4607,4.3153,3.8635,3.108,2.3483,1.6385,1.0859,0.7047,0.4782,0.333,0.2453,0.174,0.1077,0.1007,0.048,0.0268,0.024,0.0277,0.0163,0.0091,0.002,0.0415,0.0087,0.0006,0.047,0.0101,0.0022,0.0191,0.007,55.64
0.0074,0.0243,0.0549,0.0074,0.0289,0.014,0.0292,0.0509,0.1296,0.1596,0.2801,0.5052,0.8732,1.3211,1.7938,2.2033,2.3615,2.2409,1.9974,1.5509,1.1172,0.7962,0.4995,0.3639,0.2448,0.1767,0.162,0.1001,0.1146,0.0585,0.0592,0.043,0.0206,0.0078,0.0289,0.049,0.0205,0.0383,0.0019,0.0246,0.0168,0.0013,0.0083,0.0139,0.0032,0.0503,0.0216,0.0583,0.017,0.0629,31.48
0.0346,0.0268,0.0388,0.0031,0.0299,0.0216,0.0196,0.037,0.0287,0.0533,0.1319,0.3357,0.7037,1.4571,2.4389,3.7911,5.2422,6.3584,6.8354,6.5308,5.8555,4.597,3.5016,2.7578,2.2069,1.955,1.6642,1.3427,1.0561,0.7066,0.4558,0.2798,0.1302,0.1073,0.0522,0.0508,0.0421,0.0256,0.0158,0.0209,0.0709,0.0269,0.0722,0.0007,0.0116,0.0171,0.0157,0.0044,0.0175,0.0769,88.11
0.0323,0.0022,0.0024,0.0234,0.0125,0.0611,0.0862,0.1578,0.4411,1.0553,2.0923,3.655,5.4469,6.918,7.5005,7.011,5.8125,4.119,2.6989,1.8566,1.3355,1.162,1.1006,1.0734,0.9082,0.7597,0.5908,0.4442,0.2616,0.2027,0.1244,0.0793,0.0501,0.0558,0.0491,0.0324,0.02,0.0498,0.0023,0.0549,0.019,0.0035,0.0173,0.052,0.0617,0.0078,0.0005,0.058,0.0414,0.0112,91.21
0.0103,0.033,0.019,0.025,0.0168,0.035,0.0153,0.0356,0.0189,0.0322,0.0193,0.0229,0.0858,0.2165,0.6902,1.6247,3.3049,5.4672,7.453,8.3504,7.7635,6.537,4.5106,2.9394,1.9496,1.3965,1.0942,0.7675,0.5637,0.3417,0.2223,0.1489,0.0824,0.057,0.0677,0.0373,0.0163,0.0601,0.0343,0.0565,0.0308,0.0127,0.0155,0.0454,0.0059,0.0278,0.0192,0.0221,0.0112,0.0203,94.9
0.014,0.0781,0.0565,0.0646,0.0114,0.0419,0.0507,0.0006,0.0065,0.0327,0.0336,0.0465,0.0535,0.0125,0.061,0.0128,0.0097,0.0086,0.0726,0.0941,0.1609,0.434,0.9416,1.8875,3.0197,4.0557,4.4687,4.082,3.2521,2.0377,1.0793,0.5028,0.2285,0.1038,0.0636,0.037,0.057,0.041,0.0151,0.0132,0.0152,0.0273,0.0287,0.0139,0.012,0.0177,0.0105,0.039,0.0747,0.0407,49.78
0.0123,0.0123,0.0507,0.0378,0.034,0.0018,0.0084,0.0243,0.029,0.0308,0.0246,0.0125,0.0269,0.0152,0.0379,0.034,0.0136,0.1115,0.1889,0.4657,1.0391,1.8168,2.5262,2.8722,2.636,2.1756,1.4759,0.9238,0.6667,0.4871,0.3735,0.2937,0.2824,0.1481,0.0859,0.0588,0.0245,0.0217,0.0453,0.0501,0.0369,0.0479,0.0385,0.024,0.0034,0.0479,0.0263,0.0204,0.0132,0.0505,30.27
0.0104,0.0131,0.0003,0.0368,0.0174,0.0237,0.0081,0.0321,0.0624,0.0015,0.0184,0.0229,0.0021,0.0237,0.006,0.021,0.0111,0.0049,0.0309,0.0342,0.0216,0.0185,0.0081,0.0296,0.0629,0.2657,0.9163,2.4637,5.0785,7.8199,9.0431,7.9471,5.7944,3.6074,2.6709,2.5987,2.6945,2.2932,1.6223,0.9148,0.4284,0.1835,0.0654,0.0409,0.021,0.036,0.0172,0.0243,0.0472,0.0309,100.0
0.0141,0.012,0.0136,0.0034,0.0267,0.0144,0.0029,0.0147,0.025,0.0215,0.0211,0.0634,0.2269,0.7206,1.4732,2.6644,3.7767,4.2474,3.8136,2.9114,1.7104,0.9267,0.5885,0.5056,0.4608,0.4184,0.3315,0.2346,0.1318,0.0677,0.0598,0.099,0.032,0.0129,0.0039,0.0396,0.0504,0.0229,0.0076,0.0069,0.0032,0.0256,0.0177,0.0101,0.0053,0.0064,0.0401,0.0376,0.0586,0.0436,47.23
0.003,0.048,0.003,0.0097,0.0168,0.0238,0.0755,0.0355,0.0559,0.0177,0.0296,0.0383,0.0382,0.0103,0.0514,0.0263,0.0026,0.057,0.0061,0.0047,0.0519,0.0599,0.17,0.4744,1.0688,2.0328,2.9042,3.2889,2.8888,2.1553,1.287,0.7456,0.5256,0.4936,0.4868,0.4385,0.3668,0.2666,0.234,0.0849,0.0566,0.0279,0.0099,0.0473,0.023,0.041,0.0021,0.0444,0.018,0.0213,35.53
0.0564,0.0227,0.0363,0.0208,0.0049,0.0144,0.0065,0.0246,0.033,0.0411,0.0792,0.0151,0.0085,0.0496,0.0071,0.0111,0.0243,0.0107,0.0212,0.0339,0.0221,0.0284,0.0302,0.0033,0.0126,0.0625,0.2386,0.9229,2.5639,5.2828,8.2537,9.6996,8.6993,6.4354,4.2791,3.2733,3.1543,3.0988,2.8994,2.3251,1.6598,1.0256,0.5558,0.2741,0.1273,0.0448,0.0327,0.0169,0.0386,0.0106,100.0
0.0453,0.013,0.0192,0.0279,0.0294,0.0276,0.0321,0.0719,0.0209,0.0114,0.049,0.0134,0.0116,0.0333,0.0348,0.1295,0.3609,0.8869,1.6552,2.4548,2.7874,2.5279,1.9368,1.2456,0.6944,0.4165,0.2782,0.1637,0.1169,0.0854,0.0371,0.0333,0.0618,0.0194,0.0042,0.0346,0.0385,0.0023,0.0032,0.0086,0.0385,0.0122,0.0203,0.0028,0.0169,0.0013,0.0394,0.042,0.0168,0.023,29.53
0.0008,0.0135,0.0329,0.0061,0.015,0.029,0.0232,0.0047,0.0315,0.0199,0.0245,0.0389,0.0444,0.0134,0.077,0.0893,0.185,0.4582,0.929,1.59,2.3767,3.0193,3.2817,3.0666,2.7228,1.9177,1.3152,0.9094,0.6823,0.5827,0.4871,0.408,0.4025,0.256,0.1657,0.1069,0.0654,0.0696,0.0197,0.036,0.0032,0.0245,0.0329,0.0106,0.0046,0.0416,0.0113,0.0425,0.0317,0.0076,39.43
0.0193,0.0153,0.0244,0.023,0.017,0.0075,0.0249,0.0001,0.0164,0.0372,0.0195,0.0453,0.004,0.0527,0.0664,0.0104,0.0535,0.0768,0.1115,0.2768,0.5568,1.0434,1.7932,2.6781,3.6098,4.3107,4.6123,4.4392,3.888,2.9949,2.1058,1.3395,0.8676,0.5285,0.3136,0.249,0.1486,0.1091,0.096,0.0617,0.0474,0.0219,0.041,0.018,0.0116,0.0154,0.0172,0.0172,0.0257,0.0038,55.48
0.007,0.0379,0.0061,0.0187,0.047,0.0392,0.0293,0.0064,0.004,0.0365,0.0213,0.0263,0.0296,0.0032,0.0265,0.059,0.0272,0.0083,0.0497,0.0899,0.3421,1.2935,3.3244,5.9263,7.3141,6.3354,4.3551,2.5473,1.6838,1.281,1.0099,0.6259,0.3548,0.227,0.0909,0.0753,0.0555,0.0325,0.0948,0.0191,0.015,0.0201,0.0157,0.0241,0.0675,0.0692,0.0317,0.006,0.0033,0.0519,75.63
0.0022,0.0255,0.016,0.0218,0.0139,0.0002,0.0343,0.0287,0.041,0.0514,0.0074,0.0075,0.0022,0.0354,0.0268,0.0514,0.0006,0.0095,0.0635,0.013,0.0209,0.0258,0.0204,0.0214,0.0687,0.1194,0.3688,0.8624,1.6168,2.384,2.7349,2.4069,1.7691,1.0187,0.5334,0.3734,0.2893,0.2867,0.2558,0.186,0.134,0.0663,0.0603,0.0569,0.0186,0.0107,0.035,0.003,0.0359,0.0225,30.58
0.0127,0.0328,0.0025,0.0237,0.0143,0.0109,0.0344,0.0535,0.0037,0.0799,0.0114,0.0779,0.0312,0.0017,0.0044,0.0025,0.0151,0.017,0.003,0.0019,0.0929,0.0309,0.0739,0.1701,0.4181,0.9568,1.7622,2.9439,4.2926,5.4552,5.9645,5.7936,5.1557,3.964,2.8562,1.9612,1.2982,0.8887,0.5501,0.3179,0.2026,0.1035,0.0493,0.0754,0.0345,0.0467,0.0066,0.0364,0.0161,0.003,71.16
0.042,0.0468,0.0009,0.0471,0.0335,0.0138,0.0001,0.0434,0.0469,0.0156,0.0246,0.0043,0.0484,0.0997,0.465,1.5515,3.6031,6.0106,7.1403,6.1071,4.2335,2.2779,1.2949,1.0043,0.9654,0.8355,0.659,0.4576,0.2904,0.158,0.102,0.0545,0.0473,0.0181,0.0678,0.0322,0.0333,0.0152,0.0412,0.0401,0.0238,0.0037,0.0092,0.0367,0.0074,0.0311,0.0197,0.0047,0.0114,0.0311,70.61
0.0054,0.0109,0.0003,0.0163,0.0307,0.0077,0.004,0.0268,0.0016,0.0381,0.0128,0.0037,0.0494,0.0214,0.0021,0.0604,0.0113,0.0058,0.056,0.0412,0.1102,0.2909,0.7764,1.649,3.1139,4.83,6.3051,6.9739,6.561,5.5836,3.9693,2.6677,1.8475,1.41,1.1213,0.9605,0.7948,0.6081,0.4549,0.3185,0.2361,0.1668,0.0917,0.0957,0.0233,0.0136,0.0189,0.0205,0.0247,0.0411,81.29
0.0366,0.0184,0.0179,0.0528,0.0108,0.0313,0.041,0.0481,0.1418,0.212,0.3847,0.7277,1.1238,1.6436,1.9732,2.0941,1.9807,1.6994,1.3057,0.8976,0.5759,0.3832,0.2984,0.2414,0.2053,0.1336,0.1148,0.0876,0.0885,0.0421,0.0604,0.0239,0.0153,0.0114,0.0523,0.0236,0.0145,0.0087,0.0086,0.0008,0.0285,0.0026,0.0412,0.0398,0.047,0.0517,0.0178,0.0534,0.0379,0.0106,25.81
0.0516,0.0351,0.0127,0.0155,0.0305,0.0123,0.0013,0.0148,0.0171,0.013,0.0069,0.0353,0.0343,0.0466,0.0064,0.0146,0.0281,0.0177,0.0133,0.0345,0.0127,0.0387,0.0034,0.0457,0.0882,0.4273,1.2989,3.0446,5.0225,5.9694,5.1158,3.565,1.9377,1.1505,0.8501,0.6737,0.5225,0.2945,0.1904,0.0916,0.0734,0.0544,0.0406,0.0316,0.0178,0.0702,0.0199,0.0259,0.036,0.0195,62.83
0.0077,0.006,0.0511,0.0277,0.0044,0.0148,0.0261,0.0153,0.0322,0.0034,0.0206,0.0094,0.0804,0.0302,0.0079,0.0053,0.05,0.0333,0.0131,0.017,0.0004,0.0486,0.039,0.0372,0.0448,0.0915,0.2947,0.7102,1.5834,2.8277,4.4207,5.8463,6.524,6.1165,5.3159,3.8343,2.5101,1.6051,1.0398,0.632,0.3992,0.2254,0.134,0.0793,0.0717,0.0861,0.0245,0.0572,0.0486,0.0117,72.81
0.0094,0.0215,0.0336,0.0234,0.0137,0.0369,0.0326,0.0078,0.0177,0.0207,0.0253,0.0009,0.0247,0.0203,0.0069,0.0055,0.0552,0.0008,0.0138,0.065,0.0384,0.0062,0.012,0.0328,0.0785,0.1535,0.3826,1.1112,2.801,5.6389,9.3792,12.8797,14.6227,13.8533,11.7014,8.4164,5.6987,3.7976,2.4762,1.5931,0.8974,0.4897,0.2335,0.1582,0.0773,0.0435,0.0503,0.0471,0.0228,0.0439,100.0
0.0005,0.0271,0.0229,0.0314,0.0445,0.0104,0.0413,0.0016,0.0074,0.012,0.0164,0.0458,0.014,0.0008,0.0303,0.0129,0.0887,0.0087,0.0371,0.0266,0.0627,0.0302,0.0561,0.2269,0.6299,1.7223,3.6951,6.3947,8.9845,10.0473,9.0617,7.1882,4.4919,2.702,1.8371,1.6413,1.6641,1.6826,1.5645,1.3356,1.0381,0.707,0.4716,0.2976,0.1746,0.0811,0.0533,0.0237,0.0254,0.0541,100.0
0.0361,0.0346,0.0056,0.0133,0.0362,0.0235,0.0145,0.0075,0.0081,0.0449,0.0031,0.0046,0.0273,0.0477,0.0011,0.0378,0.0548,0.0033,0.0169,0.0656,0.0336,0.0004,0.0196,0.0325,0.044,0.1256,0.3904,1.3589,3.7743,7.8018,12.023,13.9223,12.0504,8.0945,3.9794,1.5438,0.5248,0.1811,0.1202,0.0826,0.0588,0.0624,0.0652,0.0349,0.0504,0.016,0.0455,0.0132,0.0055,0.0107,100.0
0.064,0.0196,0.0151,0.0063,0.027,0.0372,0.073,0.0138,0.0421,0.0029,0.0153,0.0326,0.0631,0.0105,0.0526,0.0212,0.0076,0.0068,0.0435,0.0003,0.0116,0.0206,0.0156,0.0169,0.0171,0.1532,0.6152,1.9627,4.7832,8.2209,9.785,8.2079,5.3979,2.5432,1.2778,1.3435,2.1583,3.1136,3.4938,3.0335,2.0128,1.0174,0.4185,0.1843,0.0767,0.0516,0.0261,0.0395,0.0323,0.0719,100.0
0.0244,0.0267,0.0139,0.0025,0.0007,0.0237,0.0052,0.0031,0.0419,0.038,0.0086,0.0189,0.0078,0.028,0.0422,0.012,0.0258,0.0297,0.033,0.0486,0.1865,0.5422,1.3368,2.7277,4.5579,6.1238,6.7882,6.1711,4.9476,3.1736,1.8507,1.1255,0.8949,0.8712,0.8443,0.8011,0.6504,0.4919,0.3292,0.1926,0.1428,0.0566,0.0573,0.0591,0.0151,0.0106,0.0113,0.0618,0.0136,0.0303,73.23
0.0071,0.0297,0.0559,0.0061,0.0517,0.0408,0.0103,0.0304,0.0238,0.039,0.0121,0.0375,0.054,0.0163,0.0291,0.1074,0.1852,0.3399,0.6417,1.0542,1.5311,1.9197,2.0416,1.9153,1.6724,1.2111,0.804,0.5521,0.4204,0.3369,0.309,0.3172,0.2475,0.1888,0.1533,0.1447,0.0855,0.0479,0.0626,0.0185,0.0277,0.041,0.0388,0.0129,0.0365,0.004,0.0607,0.0154,0.0239,0.0384,25.7
0.0145,0.0111,0.0271,0.0428,0.023,0.0035,0.013,0.0286,0.0008,0.024,0.0111,0.0426,0.021,0.015,0.0421,0.0139,0.0058,0.0569,0.1246,0.6476,2.1652,5.1945,8.788,10.4972,8.7899,5.3793,2.4145,1.0214,0.8893,1.2411,1.699,1.9561,1.7122,1.1911,0.6485,0.3141,0.1278,0.0804,0.0228,0.0259,0.0313,0.0291,0.0079,0.0178,0.0304,0.056,0.0152,0.0059,0.0029,0.0207,100.0
0.031,0.046,0.0682,0.0538,0.0134,0.0178,0.0061,0.0274,0.0019,0.0398,0.0311,0.0106,0.0479,0.0279,0.0493,0.0735,0.2613,0.7789,2.0096,4.1375,7.0496,9.7669,11.0613,10.5188,8.7729,6.5223,4.8416,3.7904,3.069,2.4248,1.8336,1.2599,0.7794,0.4378,0.2416,0.127,0.0727,0.0384,0.05,0.03,0.0047,0.0291,0.026,0.0247,0.017,0.0639,0.0305,0.008,0.0692,0.014,100.0
0.0259,0.029,0.0069,0.0021,0.0219,0.0383,0.0054,0.0149,0.0569,0.0182,0.0219,0.0081,0.0066,0.0005,0.0044,0.0391,0.0094,0.0103,0.0325,0.0244,0.0397,0.0282,0.0388,0.0041,0.0276,0.0525,0.1398,0.4431,1.1452,2.5472,4.8615,7.6749,10.271,11.6088,11.2322,10.0764,7.9181,6.1297,4.8093,3.8901,3.0968,2.3057,1.568,0.9765,0.5702,0.2955,0.1615,0.0742,0.0367,0.0739,100.0
0.0006,0.0129,0.0148,0.0088,0.0375,0.0049,0.0076,0.0363,0.0349,0.0976,0.2636,0.7277,1.6475,3.0529,4.3845,5.0382,4.6342,3.6522,2.4187,1.6386,1.2947,1.1271,1.0139,0.8895,0.7395,0.4932,0.3374,0.2134,0.1133,0.0816,0.0335,0.0181,0.0507,0.0375,0.0469,0.048,0.0368,0.005,0.0252,0.0117,0.0295,0.0503,0.0042,0.0068,0.0322,0.0425,0.0133,0.0156,0.0036,0.0292,58.33
0.0002,0.0161,0.003,0.0283,0.0167,0.0273,0.0215,0.0408,0.0249,0.0524,0.0162,0.025,0.0414,0.0284,0.0017,0.0281,0.0504,0.024,0.0124,0.0326,0.0161,0.0086,0.0203,0.0175,0.0388,0.0504,0.1573,0.3938,0.9151,1.7467,2.6818,3.5936,3.8924,3.5261,2.858,1.8294,0.9941,0.5133,0.2108,0.0918,0.0493,0.0769,0.0427,0.0424,0.0178,0.0371,0.0171,0.0151,0.014,0.0651,42.71
0.0381,0.0357,0.0169,0.0497,0.0652,0.0551,0.0518,0.0194,0.0034,0.0525,0.006,0.0507,0.0116,0.0185,0.0017,0.0447,0.0079,0.0293,0.0158,0.0199,0.0445,0.0958,0.2282,0.4777,0.8547,1.4312,2.0651,2.6377,2.8291,2.7162,2.454,1.8747,1.3195,0.9035,0.6466,0.5116,0.3752,0.2474,0.2047,0.127,0.0812,0.0379,0.024,0.0134,0.0101,0.0322,0.0045,0.0251,0.0254,0.0024,33.42
0.0722,0.0498,0.0733,0.0103,0.0251,0.0242,0.0332,0.0059,0.0631,0.0294,0.0127,0.0203,0.0479,0.0708,0.4785,1.5623,4.2084,7.6521,9.3505,7.6541,4.4798,1.7429,0.5705,0.1742,0.1159,0.1035,0.0643,0.0777,0.047,0.0588,0.0238,0.0283,0.0426,0.0243,0.0296,0.0084,0.0426,0.0469,0.0426,0.0407,0.0381,0.006,0.0032,0.0169,0.0379,0.0104,0.0053,0.0132,0.0139,0.0756,91.32
0.0164,0.0641,0.0118,0.0475,0.0128,0.0657,0.0163,0.0088,0.0297,0.0451,0.0249,0.0172,0.0589,0.0452,0.1186,0.4082,1.2301,2.6424,4.1881,4.902,4.2315,2.7662,1.3831,0.5935,0.3928,0.4719,0.6197,0.6717,0.6279,0.4204,0.2648,0.12,0.0742,0.0295,0.0357,0.0328,0.0206,0.0029,0.0368,0.0294,0.0119,0.0348,0.009,0.0079,0.0277,0.0197,0.0307,0.0375,0.0066,0.0198,52.32
0.001,0.0228,0.06,0.0155,0.0156,0.0011,0.0026,0.0404,0.0558,0.0484,0.0212,0.0046,0.043,0.0502,0.0168,0.0191,0.0002,0.0173,0.0439,0.0013,0.0329,0.0438,0.0425,0.0664,0.4227,1.9739,5.983,11.7791,14.964,12.8117,8.7335,5.6213,4.4317,3.593,2.6035,1.5313,0.7637,0.345,0.1514,0.0886,0.1116,0.0921,0.0984,0.0745,0.052,0.0259,0.0428,0.0689,0.0395,0.0255,100.0
0.0076,0.008,0.0531,0.0233,0.0167,0.0202,0.0487,0.0363,0.0158,0.0391,0.3362,1.4704,4.8015,9.8935,12.6962,10.3379,6.3957,3.5363,2.8587,2.7515,2.4163,1.8194,1.1538,0.624,0.2985,0.1519,0.0579,0.0325,0.0554,0.0162,0.0227,0.0184,0.0545,0.0254,0.0254,0.0218,0.0513,0.0125,0.0247,0.036,0.0292,0.0271,0.0153,0.0379,0.0116,0.0179,0.0112,0.0331,0.0008,0.0139,100.0
0.0079,0.0108,0.0344,0.0126,0.0343,0.0033,0.0591,0.0967,0.2516,0.6116,1.6438,3.5269,6.116,8.5746,9.6838,9.0229,7.6122,5.3492,3.7857,2.8967,2.1987,1.6214,1.0813,0.6186,0.3119,0.168,0.0762,0.0338,0.0807,0.0279,0.0452,0.0383,0.0582,0.0206,0.0425,0.0168,0.0181,0.0196,0.0192,0.0556,0.059,0.0307,0.0061,0.0275,0.0565,0.0008,0.0496,0.02,0.0026,0.0112,100.0
0.018,0.0156,0.0012,0.0358,0.0338,0.0326,0.0161,0.0088,0.029,0.0379,0.0359,0.0386,0.0541,0.0662,0.2175,0.5641,1.2675,2.097,2.8824,3.2021,2.9046,2.2811,1.3904,0.7741,0.5229,0.4631,0.4245,0.4707,0.3999,0.3119,0.2417,0.1267,0.0875,0.1113,0.0328,0.014,0.0176,0.0489,0.0067,0.0244,0.0124,0.0038,0.0139,0.0193,0.0928,0.0469,0.0439,0.0077,0.0064,0.013,35.02
0.0308,0.0086,0.0272,0.0305,0.0045,0.0154,0.0457,0.0384,0.0273,0.0181,0.0373,0.0011,0.0411,0.0149,0.0274,0.0263,0.0902,0.2155,0.48,1.0645,1.9505,2.9946,3.9197,4.2833,3.9729,3.2284,2.2037,1.3081,0.7431,0.4644,0.2644,0.17,0.1787,0.1039,0.1091,0.0313,0.0143,0.0251,0.0276,0.0308,0.008,0.0034,0.018,0.0243,0.0285,0.0464,0.0544,0.0151,0.0103,0.0338,46.97
0.0107,0.0065,0.0106,0.0009,0.0057,0.0198,0.0184,0.046,0.0313,0.0005,0.0192,0.0128,0.0061,0.0342,0.0506,0.2655,0.7519,2.0335,4.5238,8.0364,11.3431,12.7563,11.3347,8.5847,4.8981,2.2979,0.9114,0.3401,0.158,0.0826,0.0578,0.0341,0.0302,0.0235,0.0238,0.0457,0.0219,0.0249,0.066,0.0228,0.013,0.0189,0.0875,0.0125,0.0196,0.0494,0.0513,0.0004,0.0164,0.0427,100.0
0.0394,0.0277,0.019,0.0224,0.0393,0.0175,0.0333,0.068,0.0224,0.074,0.0005,0.0196,0.0117,0.0244,0.0897,0.1968,0.476,1.0525,1.9636,3.1924,4.2371,4.7078,4.4091,3.7044,2.6288,1.6844,1.0846,0.7112,0.5639,0.3816,0.2725,0.1815,0.1191,0.0744,0.0517,0.0462,0.018,0.0237,0.0708,0.0064,0.0284,0.0376,0.0528,0.0257,0.0051,0.0163,0.0241,0.033,0.0203,0.0253,55.61
0.0174,0.0213,0.0759,0.0125,0.0033,0.0101,0.0381,0.0699,0.005,0.0274,0.0349,0.0409,0.0077,0.0091,0.0032,0.0015,0.0496,0.026,0.0281,0.0613,0.003,0.0115,0.0691,0.0851,0.1376,0.2948,0.6242,1.1492,1.7473,2.2777,2.4942,2.3347,1.9478,1.3724,0.8817,0.6096,0.5156,0.4997,0.4399,0.4674,0.3712,0.3219,0.2563,0.194,0.1355,0.0803,0.0417,0.0283,0.0376,0.0367,30.96
0.056,0.0161,0.0008,0.0784,0.0072,0.0462,0.0017,0.0502,0.0317,0.0294,0.0125,0.0053,0.0244,0.0185,0.0149,0.0574,0.0785,0.0184,0.0417,0.0541,0.0471,0.0939,0.2602,0.6361,1.3853,2.7066,4.5775,6.6736,8.4431,9.325,8.9884,8.0921,6.2296,4.4392,3.0928,2.1798,1.6082,1.199,0.8491,0.5881,0.3942,0.2922,0.1505,0.0871,0.0734,0.0361,0.025,0.0505,0.0129,0.0442,100.0
0.0005,0.0048,0.0008,0.0207,0.0281,0.038,0.0097,0.0171,0.0305,0.0213,0.0738,0.1395,0.3267,0.642,1.1091,1.7335,2.3981,2.979,3.1941,3.1574,2.8269,2.1985,1.6286,1.1021,0.7133,0.4636,0.2882,0.2077,0.1298,0.0742,0.059,0.0236,0.0647,0.024,0.0365,0.0499,0.0325,0.026,0.0219,0.0112,0.0069,0.0333,0.0517,0.0046,0.0089,0.0269,0.0505,0.0803,0.0157,0.0077,38.76
0.0064,0.0304,0.0081,0.0133,0.064,0.0191,0.0423,0.003,0.0077,0.0287,0.0181,0.0185,0.0891,0.2565,0.6789,1.5541,2.8004,3.993,4.5478,4.0625,3.1777,1.8991,1.0701,0.7151,0.6154,0.5665,0.4786,0.4026,0.3094,0.2053,0.1255,0.0611,0.0392,0.0182,0.0288,0.0229,0.0098,0.0798,0.0364,0.0261,0.0628,0.0148,0.0557,0.0057,0.0139,0.0134,0.0413,0.0199,0.0031,0.0074,54.16
0.0272,0.0175,0.036,0.0103,0.0286,0.033,0.0272,0.0081,0.0417,0.0016,0.0091,0.0249,0.0271,0.0347,0.029,0.0412,0.0066,0.0015,0.0302,0.0206,0.0062,0.033,0.0078,0.0568,0.0194,0.0437,0.0757,0.2122,0.3555,0.7655,1.3739,2.2042,3.1333,3.7765,4.0703,3.8603,3.3649,2.4889,1.7053,1.1085,0.7524,0.5429,0.416,0.3381,0.2651,0.2264,0.1642,0.1099,0.0896,0.0364,49.11
0.0257,0.0116,0.0207,0.0059,0.0122,0.0544,0.0404,0.0552,0.0191,0.0255,0.0415,0.0161,0.0309,0.0514,0.033,0.1282,0.446,1.1684,2.6101,4.5959,6.4445,7.3243,6.7878,5.4765,3.7341,2.5729,1.8508,1.4586,1.1677,0.8851,0.623,0.3921,0.2273,0.1503,0.1005,0.1006,0.04,0.037,0.0445,0.0407,0.009,0.0113,0.0086,0.0308,0.0059,0.0541,0.0126,0.0411,0.0316,0.0215,80.96
0.0655,0.0185,0.0084,0.0116,0.0507,0.0046,0.0071,0.0443,0.0684,0.1209,0.5202,1.5401,3.4969,5.641,6.5826,5.6122,3.6726,1.7256,0.6206,0.2182,0.1195,0.0981,0.0421,0.0574,0.03,0.0116,0.0385,0.0234,0.0463,0.0209,0.0176,0.0276,0.0242,0.0407,0.0179,0.0434,0.0534,0.0096,0.0185,0.0517,0.0725,0.0192,0.0164,0.0278,0.0031,0.0416,0.0599,0.0333,0.0035,0.0275,62.48
0.0319,0.0512,0.0385,0.0132,0.0462,0.0109,0.0404,0.0184,0.0166,0.0277,0.0694,0.1638,0.3237,0.6308,0.9737,1.4479,1.9543,2.2361,2.393,2.2698,1.993,1.4887,1.0161,0.6321,0.3614,0.1873,0.0968,0.0341,0.0145,0.0365,0.0203,0.0106,0.0163,0.0491,0.0107,0.0229,0.0028,0.0211,0.0108,0.018,0.0132,0.098,0.0121,0.0005,0.0287,0.0109,0.0127,0.0002,0.0166,0.0292,29.74
0.0089,0.0019,0.0759,0.0048,0.0211,0.0363,0.0328,0.0726,0.1095,0.26,0.6468,1.3628,2.507,3.7696,4.8705,5.3431,4.9646,4.2129,3.0085,1.961,1.2584,0.9689,0.7828,0.6685,0.5707,0.4488,0.3356,0.1925,0.159,0.0825,0.0401,0.0224,0.0182,0.0093,0.0126,0.038,0.0375,0.0045,0.013,0.0032,0.0125,0.0275,0.0026,0.0023,0.0747,0.0246,0.0052,0.0227,0.0494,0.0247,62.93
0.0086,0.0758,0.0145,0.0063,0.0055,0.0269,0.0585,0.0457,0.0237,0.009,0.0286,0.1843,0.599,1.7255,3.7657,6.039,7.084,6.1321,4.3435,2.4645,1.4925,1.1275,0.8895,0.5947,0.335,0.1799,0.1332,0.092,0.0511,0.0327,0.0303,0.0072,0.0431,0.0157,0.0134,0.0034,0.0078,0.0043,0.0289,0.0202,0.0476,0.0866,0.0157,0.0251,0.0076,0.0137,0.0163,0.0311,0.0461,0.0265,77.98
0.0041,0.0042,0.0124,0.0123,0.0185,0.0191,0.017,0.0136,0.081,0.0539,0.0004,0.0105,0.0184,0.0798,0.4025,1.7248,4.9535,9.3447,11.503,9.3242,5.4135,2.0669,0.673,0.2565,0.146,0.1227,0.1047,0.0688,0.0848,0.0641,0.0368,0.0261,0.0378,0.0431,0.0172,0.0126,0.021,0.0261,0.0309,0.0191,0.0084,0.0091,0.0114,0.0191,0.0114,0.0122,0.0196,0.0196,0.0324,0.0503,100.0
0.0162,0.0134,0.0085,0.0362,0.0544,0.0038,0.0038,0.0186,0.0245,0.0118,0.0034,0.0263,0.0427,0.0203,0.0231,0.0187,0.0066,0.0321,0.0082,0.0286,0.0139,0.0309,0.0551,0.1939,0.783,2.6462,6.3488,10.7335,12.7845,10.7406,6.5942,2.8863,0.9121,0.2798,0.1269,0.1079,0.0462,0.0658,0.0869,0.0191,0.0364,0.0147,0.0088,0.0823,0.0078,0.0067,0.0203,0.033,0.0258,0.0159,100.0
0.0158,0.0357,0.0247,0.0406,0.0197,0.0071,0.0046,0.092,0.0177,0.0063,0.0465,0.0011,0.0196,0.025,0.0152,0.031,0.0078,0.027,0.0282,0.0181,0.0274,0.0082,0.0297,0.1003,0.1371,0.3559,0.8004,1.4115,2.1749,2.8822,3.1694,2.968,2.5554,1.8582,1.2799,0.9214,0.6886,0.5878,0.5109,0.4002,0.3459,0.2504,0.1648,0.098,0.0809,0.0535,0.03,0.0387,0.016,0.0452,35.87
0.0018,0.0031,0.0066,0.0149,0.0064,0.0247,0.0355,0.0688,0.0117,0.0086,0.0062,0.0024,0.016,0.0062,0.0174,0.0721,0.0099,0.011,0.0696,0.0258,0.0452,0.0199,0.0401,0.2954,1.4043,4.2665,8.2763,10.3681,8.295,4.7542,1.7744,0.6036,0.2684,0.2037,0.1459,0.1101,0.1082,0.07,0.088,0.0516,0.0358,0.0276,0.0266,0.019,0.0336,0.0218,0.0458,0.0064,0.0219,0.055,99.23
0.0,0.0332,0.041,0.0152,0.0554,0.0174,0.0217,0.0528,0.1221,0.2719,0.5451,0.9441,1.4134,1.9654,2.3352,2.4962,2.3195,2.072,1.5534,1.0425,0.5867,0.3326,0.1583,0.0747,0.0365,0.021,0.047,0.0503,0.02,0.0506,0.0463,0.0196,0.0246,0.0248,0.0408,0.0163,0.0114,0.0066,0.0188,0.0097,0.0041,0.0277,0.0326,0.0268,0.0099,0.044,0.0665,0.0412,0.0304,0.0058,31.14
0.0431,0.0432,0.019,0.0288,0.0006,0.0002,0.0089,0.0169,0.043,0.0895,0.0044,0.0458,0.03,0.008,0.0663,0.0118,0.0134,0.03,0.0952,0.3448,1.0111,2.2131,3.9871,5.6085,6.3298,5.6715,4.1781,2.4841,1.3742,0.9147,0.824,0.8097,0.707,0.5508,0.4125,0.2274,0.1076,0.0583,0.0856,0.0971,0.0188,0.0302,0.0389,0.0139,0.0112,0.0359,0.0427,0.0329,0.0206,0.0524,68.7
0.0121,0.0585,0.0157,0.0092,0.0066,0.0171,0.0132,0.0305,0.0072,0.0122,0.0341,0.0176,0.0179,0.0462,0.0166,0.0017,0.0514,0.002,0.0074,0.0052,0.0222,0.0135,0.0277,0.0234,0.0005,0.0071,0.0531,0.0567,0.1033,0.5662,2.0313,5.1374,8.9741,10.9024,9.3247,6.4645,3.7624,2.6453,2.3188,2.0015,1.494,0.9456,0.5349,0.2589,0.1294,0.1051,0.1099,0.0663,0.0584,0.0385,100.0
0.057,0.0308,0.0203,0.0362,0.0077,0.0198,0.0554,0.0695,0.016,0.0273,0.0161,0.0042,0.0103,0.0019,0.0554,0.0361,0.0012,0.0108,0.0035,0.0299,0.0521,0.0566,0.0417,0.0379,0.0339,0.1041,0.2948,0.7652,1.6323,2.8653,3.9416,4.429,4.0689,3.2282,2.0517,1.214,0.6769,0.3956,0.2838,0.215,0.1596,0.116,0.0615,0.0414,0.0349,0.0388,0.0505,0.048,0.0201,0.0626,47.59
0.0114,0.0086,0.027,0.0376,0.0336,0.0029,0.0067,0.0097,0.026,0.0246,0.0009,0.0352,0.0312,0.0335,0.0352,0.071,0.1515,0.2585,0.4675,0.8476,1.2638,1.7751,2.316,2.6513,2.8224,2.6606,2.4171,1.8735,1.3198,0.8832,0.5077,0.2798,0.1636,0.0789,0.0478,0.0412,0.042,0.0329,0.0058,0.0232,0.0215,0.0068,0.0039,0.0478,0.0767,0.0128,0.0048,0.0416,0.0134,0.0133,34.6
0.0588,0.0381,0.012,0.0114,0.0437,0.0367,0.0074,0.0247,0.064,0.0233,0.0153,0.0175,0.0156,0.0006,0.021,0.0123,0.027,0.041,0.0611,0.1393,0.4343,1.0399,2.2309,3.9788,6.0814,7.7591,8.4311,7.7868,6.5582,4.5006,2.8447,1.8191,1.3761,1.179,1.131,1.0429,0.829,0.6204,0.4266,0.2804,0.1819,0.0659,0.0409,0.0257,0.0486,0.0344,0.0615,0.0333,0.0449,0.0437,98.7
0.0082,0.0321,0.007,0.0285,0.0171,0.0053,0.0214,0.0142,0.0407,0.0073,0.0122,0.004,0.0221,0.0221,0.0079,0.0627,0.0137,0.0127,0.0157,0.0249,0.0301,0.0063,0.0171,0.009,0.0515,0.1161,0.4091,1.0433,2.4705,4.8446,7.8965,10.5224,11.5739,10.5956,8.6338,5.7401,3.6349,2.5552,2.1689,2.0441,1.7732,1.4279,0.9752,0.5895,0.3082,0.1585,0.0842,0.0214,0.0221,0.0243,100.0
0.0009,0.0013,0.0203,0.0299,0.0284,0.0084,0.0255,0.002,0.0193,0.0087,0.0923,0.0404,0.0656,0.0089,0.0405,0.1988,0.7118,2.02,4.6589,8.3789,11.9297,13.4977,12.0925,9.4094,5.9581,3.848,3.2698,3.5352,4.0301,4.2634,3.9533,3.208,2.3665,1.5348,0.8476,0.4411,0.1952,0.1161,0.0428,0.029,0.0501,0.0318,0.0358,0.0053,0.0687,0.0039,0.0205,0.0241,0.0534,0.0251,100.0
0.0106,0.0186,0.0009,0.01,0.034,0.0178,0.0207,0.0025,0.0033,0.0004,0.0523,0.0414,0.0037,0.0563,0.0033,0.027,0.0034,0.0135,0.102,0.2065,0.6568,1.6863,3.1358,4.645,5.2976,4.6476,3.2407,1.7145,0.7125,0.2813,0.0945,0.0888,0.024,0.021,0.0286,0.0187,0.0119,0.0299,0.0386,0.0156,0.0021,0.0081,0.0236,0.0146,0.0031,0.0306,0.0158,0.0233,0.0004,0.0054,51.97
0.0068,0.0342,0.0328,0.0274,0.0234,0.0062,0.018,0.0169,0.0494,0.0202,0.0331,0.0148,0.0192,0.0109,0.0167,0.047,0.0418,0.0475,0.088,0.1736,0.3461,0.7668,1.4857,2.392,3.4022,4.2125,4.5804,4.3249,3.7181,2.7777,1.9949,1.4572,1.1367,0.9932,0.8068,0.6889,0.5172,0.3882,0.2235,0.1379,0.0844,0.0277,0.0132,0.0189,0.0048,0.0029,0.0725,0.001,0.0043,0.0105,53.73
0.0154,0.0009,0.0149,0.0489,0.037,0.0562,0.0044,0.0104,0.0043,0.0418,0.0363,0.075,0.0411,0.0231,0.0335,0.0603,0.2097,0.5335,1.2197,2.4482,4.2144,6.1888,7.824,8.547,8.0048,6.8161,4.9991,3.3527,2.24,1.6099,1.1834,0.886,0.706,0.4457,0.3064,0.2018,0.1012,0.0719,0.0344,0.0758,0.0531,0.0295,0.0369,0.0252,0.055,0.0299,0.0144,0.0232,0.0272,0.0535,100.0
0.0095,0.0034,0.003,0.0101,0.049,0.0238,0.0104,0.0018,0.0875,0.0082,0.0436,0.0173,0.0142,0.0187,0.0161,0.0238,0.0269,0.0358,0.0206,0.0146,0.0084,0.054,0.0381,0.0066,0.0073,0.0303,0.0488,0.1206,0.4545,1.3177,2.822,4.4639,5.2038,4.5691,3.3259,1.9405,1.2565,1.1163,1.1497,1.2173,1.1551,0.9264,0.6822,0.445,0.302,0.1823,0.1022,0.0387,0.0196,0.0526,55.02
0.0012,0.013,0.0269,0.0043,0.0109,0.0053,0.0132,0.0006,0.0635,0.0175,0.0077,0.037,0.1024,0.4764,1.5976,4.0683,8.2082,12.546,14.5152,12.8759,9.7105,5.9243,3.916,3.3875,3.435,3.4871,3.2118,2.6704,2.0273,1.3345,0.7955,0.429,0.2472,0.1397,0.0795,0.0421,0.0209,0.017,0.0515,0.0162,0.0244,0.0301,0.0097,0.0256,0.0287,0.0289,0.0266,0.0242,0.013,0.0596,100.0
0.003,0.0345,0.0074,0.0046,0.0026,0.0547,0.0198,0.0185,0.0244,0.0752,0.039,0.0446,0.0212,0.0101,0.0296,0.0085,0.0188,0.0537,0.0813,0.12,0.3341,0.94,2.2679,4.2857,6.2662,7.1373,6.3356,4.7806,2.788,1.5132,1.0279,0.9657,0.9111,0.8276,0.634,0.4318,0.2677,0.1514,0.0854,0.0472,0.0184,0.0316,0.0401,0.0402,0.0506,0.0124,0.0076,0.0165,0.024,0.0729,76.97
0.0416,0.0044,0.015,0.0425,0.0237,0.0007,0.034,0.0756,0.022,0.0142,0.0123,0.028,0.0289,0.0478,0.0547,0.0152,0.0248,0.0532,0.0082,0.0109,0.0471,0.0263,0.0167,0.0246,0.0349,0.0352,0.0655,0.237,0.7192,1.8268,3.7417,6.3165,8.7885,9.9948,9.5167,8.0907,6.0837,4.4429,3.4759,2.8791,2.3546,1.859,1.3547,0.9176,0.5894,0.3486,0.1821,0.1309,0.0537,0.0328,100.0
0.0514,0.0312,0.0207,0.0312,0.0345,0.0578,0.0162,0.0209,0.0032,0.0451,0.0202,0.008,0.0054,0.0017,0.0254,0.0283,0.0229,0.0176,0.028,0.119,0.3261,0.9051,2.2132,4.2816,6.9223,9.3245,10.3519,9.7058,8.3049,6.007,4.3292,3.5324,3.2646,3.1067,2.8693,2.4673,1.9758,1.4191,0.8981,0.55,0.3105,0.1963,0.09,0.0603,0.0157,0.0291,0.0291,0.013,0.0029,0.0205,100.0
0.0229,0.0173,0.0409,0.0354,0.0492,0.0622,0.0205,0.0405,0.1061,0.2005,0.378,0.6482,1.1176,1.4594,1.8833,2.2139,2.3252,2.2656,2.083,1.6324,1.2291,0.9291,0.6581,0.4371,0.3649,0.3143,0.2362,0.1618,0.1462,0.0823,0.0637,0.0449,0.0311,0.0295,0.0161,0.0468,0.0157,0.0215,0.0451,0.0139,0.0003,0.0074,0.0209,0.0071,0.0282,0.0091,0.0877,0.0032,0.023,0.0314,30.08
0.0672,0.079,0.0191,0.0106,0.0605,0.0423,0.0103,0.0499,0.0062,0.0478,0.0832,0.0474,0.0068,0.0246,0.0249,0.0193,0.0415,0.0097,0.0438,0.0151,0.012,0.017,0.0337,0.0827,0.1716,0.4869,1.2346,2.319,3.4016,3.883,3.4118,2.4447,1.3825,0.747,0.5126,0.4664,0.4677,0.407,0.3147,0.1918,0.1459,0.0583,0.024,0.0283,0.0194,0.0103,0.0413,0.0259,0.0215,0.0385,41.22
0.0038,0.0057,0.0071,0.0053,0.0202,0.0034,0.0037,0.008,0.012,0.0105,0.027,0.0013,0.0134,0.0081,0.0232,0.0029,0.0119,0.0038,0.0669,0.0197,0.0045,0.0234,0.0209,0.0582,0.0024,0.0298,0.0609,0.2591,0.7377,1.8229,3.6463,6.0957,8.2858,9.1658,8.2927,6.3725,3.882,1.9397,0.8419,0.3725,0.1642,0.0856,0.0754,0.0565,0.0394,0.0494,0.037,0.0148,0.017,0.0117,94.62
0.0084,0.0314,0.0184,0.0041,0.0649,0.0294,0.0158,0.0201,0.0487,0.1487,0.7405,2.5591,6.2731,10.8065,13.2486,11.8435,8.7435,5.9257,4.4571,3.4095,2.3321,1.2985,0.6329,0.2286,0.0973,0.0397,0.0254,0.0298,0.0266,0.0158,0.0074,0.0117,0.0572,0.0294,0.0045,0.0237,0.0216,0.068,0.0575,0.0668,0.0463,0.0185,0.0227,0.0295,0.0173,0.0691,0.0101,0.0022,0.0333,0.02,100.0
0.0418,0.0106,0.0056,0.0273,0.0488,0.0251,0.0287,0.0595,0.0215,0.0017,0.0045,0.0614,0.0188,0.0051,0.0195,0.0105,0.0151,0.0176,0.0071,0.0062,0.0272,0.0494,0.2639,0.6896,1.8366,4.1533,7.4119,10.5034,11.8092,10.5084,7.6882,4.3578,2.0033,0.8278,0.2626,0.1457,0.0687,0.0647,0.0332,0.0143,0.0182,0.0332,0.0308,0.0047,0.0201,0.0056,0.0264,0.0221,0.0144,0.0496,100.0
0.0031,0.0481,0.0149,0.0122,0.021,0.0061,0.0221,0.0233,0.0014,0.0252,0.0218,0.0154,0.0221,0.0099,0.0003,0.01,0.0134,0.0017,0.0296,0.0964,0.474,1.8231,4.8143,8.6474,10.5472,8.6781,5.2056,2.4167,1.4276,1.7434,2.5443,3.3463,3.611,3.2939,2.4844,1.5795,0.8115,0.3683,0.1539,0.0473,0.0479,0.0292,0.0142,0.0028,0.004,0.0148,0.0385,0.0486,0.0388,0.0106,100.0
0.006,0.0255,0.0036,0.0072,0.0329,0.0029,0.0399,0.0106,0.022,0.0106,0.0266,0.0372,0.0238,0.011,0.0387,0.0067,0.0243,0.0357,0.1035,0.3191,0.9722,2.3993,4.8782,8.0562,10.9453,12.1123,10.8999,8.4112,5.1025,2.5709,1.1586,0.4228,0.1631,0.0902,0.0511,0.0642,0.0639,0.0554,0.0426,0.0189,0.0376,0.0434,0.0082,0.0074,0.0396,0.0071,0.0172,0.0147,0.0084,0.0383,100.0
0.0341,0.0063,0.0422,0.008,0.0387,0.0145,0.009,0.0484,0.0548,0.0323,0.0304,0.0015,0.033,0.0347,0.0227,0.047,0.0163,0.03,0.0288,0.0021,0.0026,0.0121,0.0129,0.0439,0.1108,0.2657,0.625,1.2452,2.1584,3.3858,4.6899,5.7414,6.2553,6.0411,5.6172,4.5134,3.4818,2.708,2.1275,1.6871,1.3299,0.9648,0.6643,0.4183,0.2372,0.1249,0.0633,0.0773,0.0249,0.0207,81.8
0.0296,0.0213,0.0261,0.0099,0.0197,0.0209,0.0395,0.0391,0.0041,0.0111,0.0504,0.0159,0.0376,0.0273,0.0154,0.0227,0.024,0.0076,0.0167,0.0512,0.0515,0.0521,0.1699,0.4625,1.1893,2.5267,4.6607,7.2881,9.6198,10.732,10.2963,9.1197,6.7656,4.7846,3.4036,2.4516,1.8295,1.369,1.0058,0.6903,0.4401,0.2538,0.2137,0.0831,0.0526,0.0768,0.0218,0.0538,0.0039,0.0921,100.0
0.0325,0.0177,0.0076,0.034,0.0054,0.0258,0.0003,0.0032,0.0122,0.0415,0.0107,0.0028,0.0433,0.0275,0.0215,0.0558,0.0038,0.0071,0.0163,0.0411,0.0122,0.0164,0.003,0.0012,0.0178,0.0029,0.0277,0.0042,0.0305,0.1229,0.5824,1.8585,4.2609,7.1161,8.4145,7.1258,4.578,2.058,0.7782,0.2568,0.1773,0.0752,0.0914,0.057,0.0349,0.059,0.0283,0.0754,0.0155,0.0334,78.97
0.014,0.0171,0.0081,0.0179,0.0073,0.0485,0.0458,0.0435,0.0252,0.0038,0.0042,0.0133,0.0084,0.064,0.1615,0.5812,1.5948,3.1595,4.9631,5.8127,5.1969,3.8353,2.3307,1.4125,0.944,0.6112,0.4106,0.2437,0.1271,0.0853,0.0433,0.0459,0.0575,0.0173,0.0292,0.0208,0.0116,0.027,0.0154,0.0026,0.0256,0.0041,0.0026,0.0235,0.0028,0.0479,0.0174,0.0579,0.0077,0.0143,61.45
0.0418,0.0385,0.0077,0.0718,0.0201,0.0232,0.0264,0.0094,0.0197,0.0151,0.0717,0.0157,0.0387,0.0339,0.0218,0.0773,0.1768,0.4077,1.0193,2.1048,3.8093,5.8078,7.4249,8.1449,7.6469,6.6192,4.7822,3.3476,2.4968,2.0564,1.8598,1.6387,1.4062,1.0528,0.739,0.4724,0.3078,0.1577,0.0858,0.0459,0.0289,0.0146,0.0356,0.006,0.0235,0.017,0.0231,0.0304,0.0222,0.003,100.0
0.0014,0.0112,0.0262,0.0108,0.0124,0.0315,0.017,0.0169,0.0124,0.0026,0.0099,0.0373,0.016,0.0296,0.024,0.0114,0.0137,0.06,0.1387,0.3458,0.6183,1.1635,1.7514,2.2477,2.4692,2.2638,1.8696,1.2801,0.7561,0.4408,0.2867,0.2332,0.2415,0.2105,0.1647,0.122,0.0952,0.0574,0.0564,0.031,0.0334,0.0211,0.0069,0.0562,0.014,0.0061,0.0174,0.0033,0.0361,0.0007,29.64
0.032,0.0539,0.0121,0.0115,0.0058,0.0702,0.051,0.0031,0.04,0.0418,0.003,0.0122,0.0041,0.0071,0.0421,0.0108,0.0296,0.0324,0.0436,0.134,0.3296,0.7781,1.5358,2.7909,4.4454,6.2818,7.7495,8.5027,8.2601,7.3803,5.8801,4.3787,3.1416,2.2995,1.6557,1.2299,0.9004,0.6441,0.4395,0.2863,0.1754,0.112,0.0593,0.0303,0.0166,0.0146,0.0191,0.0366,0.0033,0.0336,100.0
0.0134,0.0153,0.0056,0.0249,0.0127,0.0107,0.0545,0.0519,0.04,0.0567,0.0252,0.0255,0.0119,0.0132,0.0182,0.0111,0.0028,0.0269,0.0252,0.0424,0.0583,0.0557,0.0232,0.0079,0.0187,0.0143,0.0738,0.2696,0.6947,1.7115,3.5605,6.1161,8.5268,9.5353,8.757,7.1719,4.9204,3.4732,2.9316,2.7943,2.7615,2.5561,2.1086,1.5687,1.0406,0.643,0.3317,0.1836,0.1067,0.0512,100.0
0.0263,0.0092,0.0292,0.0076,0.0167,0.0242,0.0231,0.0028,0.0102,0.0042,0.009,0.0117,0.0728,0.0121,0.0116,0.0053,0.0289,0.0308,0.0461,0.0404,0.1307,0.3083,0.6253,1.1855,2.0216,2.9565,3.6876,3.9518,3.6677,3.194,2.2039,1.3411,0.7426,0.3558,0.1615,0.1067,0.0692,0.0331,0.0234,0.0473,0.0176,0.0507,0.0087,0.0109,0.0163,0.0396,0.0136,0.0019,0.0609,0.0603,42.15
